Canonical Service ID,Normalized National Definition,Category,Service / Output Type,Definition,Typical Issuing Authority,Lifecycle / Validity Class,Recommended Core Fields,Interoperability Status,Recommended Credential Form,DigiLocker / Wallet Suitability,Source Basis
IND-CIV-001,Birth Registration and Birth Certificate,Civil Registration & Personal Identity,Registration,Registers a birth in the civil registration system and issues the official birth certificate containing the legally recorded event details.,Registrar of Births & Deaths / Marriage Registrar / Revenue Authority,Long-lived / event-based,Applicant Name; DOB/Entity Date; Address; Jurisdiction; Application ID; Issue Date; Issuing Authority; Digital Signature; QR/Verification URI; Status; Event Date; Event Place; Registration Number,Proposed canonical concept; local Act/Rules prevail,Digitally signed PDF + QR; VC/JSON-LD where appropriate,Medium,Cross-state normalization using official ServicePlus/state service catalogues
IND-CIV-002,Delayed Birth Registration Order,Civil Registration & Personal Identity,Registration,Normalized service for recording “Delayed Birth Registration Order” in the competent government register and issuing an acknowledgement or registration credential where applicable.,Registrar of Births & Deaths / Marriage Registrar / Revenue Authority,Dynamic record / current-state,Applicant Name; DOB/Entity Date; Address; Jurisdiction; Application ID; Issue Date; Issuing Authority; Digital Signature; QR/Verification URI; Status; Event Date; Event Place; Registration Number,Proposed canonical concept; local Act/Rules prevail,Digitally signed PDF + QR; VC/JSON-LD where appropriate,Medium,Cross-state normalization using official ServicePlus/state service catalogues
IND-CIV-003,Birth Certificate Correction,Civil Registration & Personal Identity,Certificate,"Normalized credential asserting the fact, status or qualification represented by “Birth Certificate Correction”. Eligibility, evidence, validity and legal effect remain jurisdiction-specific.",Registrar of Births & Deaths / Marriage Registrar / Revenue Authority,Long-lived / event-based,Applicant Name; DOB/Entity Date; Address; Jurisdiction; Application ID; Issue Date; Issuing Authority; Digital Signature; QR/Verification URI; Status; Event Date; Event Place; Registration Number,Proposed canonical concept; local Act/Rules prevail,Digitally signed PDF + QR; VC/JSON-LD where appropriate,High,Cross-state normalization using official ServicePlus/state service catalogues
IND-CIV-004,Birth Certificate Name Addition,Civil Registration & Personal Identity,Certificate,"Normalized credential asserting the fact, status or qualification represented by “Birth Certificate Name Addition”. Eligibility, evidence, validity and legal effect remain jurisdiction-specific.",Registrar of Births & Deaths / Marriage Registrar / Revenue Authority,Long-lived / event-based,Applicant Name; DOB/Entity Date; Address; Jurisdiction; Application ID; Issue Date; Issuing Authority; Digital Signature; QR/Verification URI; Status; Event Date; Event Place; Registration Number,Proposed canonical concept; local Act/Rules prevail,Digitally signed PDF + QR; VC/JSON-LD where appropriate,High,Cross-state normalization using official ServicePlus/state service catalogues
IND-CIV-005,Birth Certificate Certified Copy,Civil Registration & Personal Identity,Certified Record / Extract,"Normalized service providing an authoritative certified copy, extract or current-state record represented by “Birth Certificate Certified Copy”.",Registrar of Births & Deaths / Marriage Registrar / Revenue Authority,Long-lived / event-based,Applicant Name; DOB/Entity Date; Address; Jurisdiction; Application ID; Issue Date; Issuing Authority; Digital Signature; QR/Verification URI; Status; Event Date; Event Place; Registration Number,Proposed canonical concept; local Act/Rules prevail,Digitally signed PDF + QR; VC/JSON-LD where appropriate,High,Cross-state normalization using official ServicePlus/state service catalogues
IND-CIV-006,Non-Availability of Birth Record Certificate,Civil Registration & Personal Identity,Certified Record / Extract,"Normalized service providing an authoritative certified copy, extract or current-state record represented by “Non-Availability of Birth Record Certificate”.",Registrar of Births & Deaths / Marriage Registrar / Revenue Authority,Dynamic record / current-state,Applicant Name; DOB/Entity Date; Address; Jurisdiction; Application ID; Issue Date; Issuing Authority; Digital Signature; QR/Verification URI; Status; Event Date; Event Place; Registration Number,Proposed canonical concept; local Act/Rules prevail,Digitally signed PDF + QR; VC/JSON-LD where appropriate,High,Cross-state normalization using official ServicePlus/state service catalogues
IND-CIV-007,Death Registration and Death Certificate,Civil Registration & Personal Identity,Registration,Registers a death in the civil registration system and issues the official death certificate containing the legally recorded event details.,Registrar of Births & Deaths / Marriage Registrar / Revenue Authority,Long-lived / event-based,Applicant Name; DOB/Entity Date; Address; Jurisdiction; Application ID; Issue Date; Issuing Authority; Digital Signature; QR/Verification URI; Status; Event Date; Event Place; Registration Number,Proposed canonical concept; local Act/Rules prevail,Digitally signed PDF + QR; VC/JSON-LD where appropriate,Medium,Cross-state normalization using official ServicePlus/state service catalogues
IND-CIV-008,Delayed Death Registration Order,Civil Registration & Personal Identity,Registration,Normalized service for recording “Delayed Death Registration Order” in the competent government register and issuing an acknowledgement or registration credential where applicable.,Registrar of Births & Deaths / Marriage Registrar / Revenue Authority,Dynamic record / current-state,Applicant Name; DOB/Entity Date; Address; Jurisdiction; Application ID; Issue Date; Issuing Authority; Digital Signature; QR/Verification URI; Status; Event Date; Event Place; Registration Number,Proposed canonical concept; local Act/Rules prevail,Digitally signed PDF + QR; VC/JSON-LD where appropriate,Medium,Cross-state normalization using official ServicePlus/state service catalogues
IND-CIV-009,Death Certificate Correction,Civil Registration & Personal Identity,Certificate,"Normalized credential asserting the fact, status or qualification represented by “Death Certificate Correction”. Eligibility, evidence, validity and legal effect remain jurisdiction-specific.",Registrar of Births & Deaths / Marriage Registrar / Revenue Authority,Long-lived / event-based,Applicant Name; DOB/Entity Date; Address; Jurisdiction; Application ID; Issue Date; Issuing Authority; Digital Signature; QR/Verification URI; Status; Event Date; Event Place; Registration Number,Proposed canonical concept; local Act/Rules prevail,Digitally signed PDF + QR; VC/JSON-LD where appropriate,High,Cross-state normalization using official ServicePlus/state service catalogues
IND-CIV-010,Death Certificate Certified Copy,Civil Registration & Personal Identity,Certified Record / Extract,"Normalized service providing an authoritative certified copy, extract or current-state record represented by “Death Certificate Certified Copy”.",Registrar of Births & Deaths / Marriage Registrar / Revenue Authority,Long-lived / event-based,Applicant Name; DOB/Entity Date; Address; Jurisdiction; Application ID; Issue Date; Issuing Authority; Digital Signature; QR/Verification URI; Status; Event Date; Event Place; Registration Number,Proposed canonical concept; local Act/Rules prevail,Digitally signed PDF + QR; VC/JSON-LD where appropriate,High,Cross-state normalization using official ServicePlus/state service catalogues
IND-CIV-011,Non-Availability of Death Record Certificate,Civil Registration & Personal Identity,Certified Record / Extract,"Normalized service providing an authoritative certified copy, extract or current-state record represented by “Non-Availability of Death Record Certificate”.",Registrar of Births & Deaths / Marriage Registrar / Revenue Authority,Dynamic record / current-state,Applicant Name; DOB/Entity Date; Address; Jurisdiction; Application ID; Issue Date; Issuing Authority; Digital Signature; QR/Verification URI; Status; Event Date; Event Place; Registration Number,Proposed canonical concept; local Act/Rules prevail,Digitally signed PDF + QR; VC/JSON-LD where appropriate,High,Cross-state normalization using official ServicePlus/state service catalogues
IND-CIV-012,Still Birth Registration Certificate,Civil Registration & Personal Identity,Registration,Normalized service for recording “Still Birth Registration Certificate” in the competent government register and issuing an acknowledgement or registration credential where applicable.,Registrar of Births & Deaths / Marriage Registrar / Revenue Authority,Dynamic record / current-state,Applicant Name; DOB/Entity Date; Address; Jurisdiction; Application ID; Issue Date; Issuing Authority; Digital Signature; QR/Verification URI; Status; Event Date; Event Place; Registration Number,Proposed canonical concept; local Act/Rules prevail,Digitally signed PDF + QR; VC/JSON-LD where appropriate,Medium,Cross-state normalization using official ServicePlus/state service catalogues
IND-CIV-013,Marriage Registration Certificate,Civil Registration & Personal Identity,Registration,Registers a marriage under the applicable law and issues the official marriage registration certificate.,Registrar of Births & Deaths / Marriage Registrar / Revenue Authority,Dynamic record / current-state,Applicant Name; DOB/Entity Date; Address; Jurisdiction; Application ID; Issue Date; Issuing Authority; Digital Signature; QR/Verification URI; Status; Event Date; Event Place; Registration Number,Proposed canonical concept; local Act/Rules prevail,Digitally signed PDF + QR; VC/JSON-LD where appropriate,Medium,Cross-state normalization using official ServicePlus/state service catalogues
IND-CIV-014,Marriage Solemnization Service,Civil Registration & Personal Identity,Citizen Service,"Normalized government-to-citizen service concept for “Marriage Solemnization Service”; the local jurisdiction retains the authoritative legal definition, workflow and service conditions.",Registrar of Births & Deaths / Marriage Registrar / Revenue Authority,Rule-dependent,Applicant Name; DOB/Entity Date; Address; Jurisdiction; Application ID; Issue Date; Issuing Authority; Digital Signature; QR/Verification URI; Status; Event Date; Event Place; Registration Number,Proposed canonical concept; local Act/Rules prevail,Digitally signed PDF + QR; VC/JSON-LD where appropriate,Medium,Cross-state normalization using official ServicePlus/state service catalogues
IND-CIV-015,Marriage Certificate Certified Copy,Civil Registration & Personal Identity,Certified Record / Extract,"Normalized service providing an authoritative certified copy, extract or current-state record represented by “Marriage Certificate Certified Copy”.",Registrar of Births & Deaths / Marriage Registrar / Revenue Authority,Dynamic record / current-state,Applicant Name; DOB/Entity Date; Address; Jurisdiction; Application ID; Issue Date; Issuing Authority; Digital Signature; QR/Verification URI; Status; Event Date; Event Place; Registration Number,Proposed canonical concept; local Act/Rules prevail,Digitally signed PDF + QR; VC/JSON-LD where appropriate,High,Cross-state normalization using official ServicePlus/state service catalogues
IND-CIV-016,Marriage Registration Correction,Civil Registration & Personal Identity,Registration,Normalized service for recording “Marriage Registration Correction” in the competent government register and issuing an acknowledgement or registration credential where applicable.,Registrar of Births & Deaths / Marriage Registrar / Revenue Authority,Dynamic record / current-state,Applicant Name; DOB/Entity Date; Address; Jurisdiction; Application ID; Issue Date; Issuing Authority; Digital Signature; QR/Verification URI; Status; Event Date; Event Place; Registration Number,Proposed canonical concept; local Act/Rules prevail,Digitally signed PDF + QR; VC/JSON-LD where appropriate,Medium,Cross-state normalization using official ServicePlus/state service catalogues
IND-CIV-017,Divorce Registration / Record Update,Civil Registration & Personal Identity,Registration,Normalized service for recording “Divorce Registration / Record Update” in the competent government register and issuing an acknowledgement or registration credential where applicable.,Registrar of Births & Deaths / Marriage Registrar / Revenue Authority,Dynamic record / current-state,Applicant Name; DOB/Entity Date; Address; Jurisdiction; Application ID; Issue Date; Issuing Authority; Digital Signature; QR/Verification URI; Status,Proposed canonical concept; local Act/Rules prevail,Digitally signed PDF + QR; VC/JSON-LD where appropriate,Medium,Cross-state normalization using official ServicePlus/state service catalogues
IND-CIV-018,Adoption Registration / Adoption Record Certificate,Civil Registration & Personal Identity,Registration,Normalized service for recording “Adoption Registration / Adoption Record Certificate” in the competent government register and issuing an acknowledgement or registration credential where applicable.,Registrar of Births & Deaths / Marriage Registrar / Revenue Authority,Dynamic record / current-state,Applicant Name; DOB/Entity Date; Address; Jurisdiction; Application ID; Issue Date; Issuing Authority; Digital Signature; QR/Verification URI; Status,Proposed canonical concept; local Act/Rules prevail,Digitally signed PDF + QR; VC/JSON-LD where appropriate,Medium,Cross-state normalization using official ServicePlus/state service catalogues
IND-CIV-019,Name Change Registration / Gazette-linked Name Change,Civil Registration & Personal Identity,Registration,Normalized service for recording “Name Change Registration / Gazette-linked Name Change” in the competent government register and issuing an acknowledgement or registration credential where applicable.,Registrar of Births & Deaths / Marriage Registrar / Revenue Authority,Dynamic record / current-state,Applicant Name; DOB/Entity Date; Address; Jurisdiction; Application ID; Issue Date; Issuing Authority; Digital Signature; QR/Verification URI; Status,Proposed canonical concept; local Act/Rules prevail,Digitally signed PDF + QR; VC/JSON-LD where appropriate,Medium,Cross-state normalization using official ServicePlus/state service catalogues
IND-CIV-020,Identity / One-and-the-Same Person Certificate,Civil Registration & Personal Identity,Identity / Entitlement Card,Normalized service to issue or maintain the official identity/entitlement credential represented by “Identity / One-and-the-Same Person Certificate”.,Registrar of Births & Deaths / Marriage Registrar / Revenue Authority,Rule-dependent,Applicant Name; DOB/Entity Date; Address; Jurisdiction; Application ID; Issue Date; Issuing Authority; Digital Signature; QR/Verification URI; Status,Proposed canonical concept; local Act/Rules prevail,Digitally signed PDF + QR; VC/JSON-LD where appropriate,High,Cross-state normalization using official ServicePlus/state service catalogues
IND-CIV-021,Age Certificate,Civil Registration & Personal Identity,Certificate,"Normalized credential asserting the fact, status or qualification represented by “Age Certificate”. Eligibility, evidence, validity and legal effect remain jurisdiction-specific.",Registrar of Births & Deaths / Marriage Registrar / Revenue Authority,Rule-dependent,Applicant Name; DOB/Entity Date; Address; Jurisdiction; Application ID; Issue Date; Issuing Authority; Digital Signature; QR/Verification URI; Status,Proposed canonical concept; local Act/Rules prevail,Digitally signed PDF + QR; VC/JSON-LD where appropriate,High,Cross-state normalization using official ServicePlus/state service catalogues
IND-CIV-022,Nationality Certificate,Civil Registration & Personal Identity,Certificate,"Normalized credential asserting the fact, status or qualification represented by “Nationality Certificate”. Eligibility, evidence, validity and legal effect remain jurisdiction-specific.",Registrar of Births & Deaths / Marriage Registrar / Revenue Authority,Rule-dependent,Applicant Name; DOB/Entity Date; Address; Jurisdiction; Application ID; Issue Date; Issuing Authority; Digital Signature; QR/Verification URI; Status,Proposed canonical concept; local Act/Rules prevail,Digitally signed PDF + QR; VC/JSON-LD where appropriate,High,Cross-state normalization using official ServicePlus/state service catalogues
IND-CIV-023,Citizen Identity / Resident Identity Card,Civil Registration & Personal Identity,Identity / Entitlement Card,Normalized service to issue or maintain the official identity/entitlement credential represented by “Citizen Identity / Resident Identity Card”.,Registrar of Births & Deaths / Marriage Registrar / Revenue Authority,Rule-dependent,Applicant Name; DOB/Entity Date; Address; Jurisdiction; Application ID; Issue Date; Issuing Authority; Digital Signature; QR/Verification URI; Status,Proposed canonical concept; local Act/Rules prevail,Digitally signed PDF + QR; VC/JSON-LD where appropriate,High,Cross-state normalization using official ServicePlus/state service catalogues
IND-CIV-024,Gender / Transgender Identity Certificate,Civil Registration & Personal Identity,Identity / Entitlement Card,Normalized service to issue or maintain the official identity/entitlement credential represented by “Gender / Transgender Identity Certificate”.,Registrar of Births & Deaths / Marriage Registrar / Revenue Authority,Rule-dependent,Applicant Name; DOB/Entity Date; Address; Jurisdiction; Application ID; Issue Date; Issuing Authority; Digital Signature; QR/Verification URI; Status,Proposed canonical concept; local Act/Rules prevail,Digitally signed PDF + QR; VC/JSON-LD where appropriate,High,Cross-state normalization using official ServicePlus/state service catalogues
IND-CIV-025,Life Certificate for Pensioner,Civil Registration & Personal Identity,Benefit / Entitlement,"Normalized service for determining, sanctioning or maintaining citizen entitlement under “Life Certificate for Pensioner”, subject to the applicable scheme and eligibility rules.",Registrar of Births & Deaths / Marriage Registrar / Revenue Authority,Time-bound / renewable / purpose-specific,Applicant Name; DOB/Entity Date; Address; Jurisdiction; Application ID; Issue Date; Issuing Authority; Digital Signature; QR/Verification URI; Status; Family/Household ID; Annual Income; Assessment Period,Proposed canonical concept; local Act/Rules prevail,Digitally signed PDF + QR; VC/JSON-LD where appropriate,Medium,Cross-state normalization using official ServicePlus/state service catalogues
IND-SOC-001,Domicile Certificate,"Residence, Community & Socioeconomic Status",Certificate,Certifies domicile or permanent legal connection with a State/UT as defined by the applicable jurisdictional rules.,Revenue Department / District Administration / Competent Caste Authority,Long-lived / event-based,Applicant Name; DOB/Entity Date; Address; Jurisdiction; Application ID; Issue Date; Issuing Authority; Digital Signature; QR/Verification URI; Status,Proposed canonical concept; local Act/Rules prevail,Digitally signed PDF + QR; VC/JSON-LD where appropriate,High,Cross-state normalization using official ServicePlus/state service catalogues
IND-SOC-002,Residence Certificate,"Residence, Community & Socioeconomic Status",Certificate,Certifies that the applicant resides at or within the stated jurisdiction for the purpose defined by the issuing authority.,Revenue Department / District Administration / Competent Caste Authority,Rule-dependent,Applicant Name; DOB/Entity Date; Address; Jurisdiction; Application ID; Issue Date; Issuing Authority; Digital Signature; QR/Verification URI; Status,Proposed canonical concept; local Act/Rules prevail,Digitally signed PDF + QR; VC/JSON-LD where appropriate,High,Cross-state normalization using official ServicePlus/state service catalogues
IND-SOC-003,Permanent Residence Certificate,"Residence, Community & Socioeconomic Status",Certificate,Certifies permanent-resident status under the rules of the issuing State/UT.,Revenue Department / District Administration / Competent Caste Authority,Rule-dependent,Applicant Name; DOB/Entity Date; Address; Jurisdiction; Application ID; Issue Date; Issuing Authority; Digital Signature; QR/Verification URI; Status,Proposed canonical concept; local Act/Rules prevail,Digitally signed PDF + QR; VC/JSON-LD where appropriate,High,Cross-state normalization using official ServicePlus/state service catalogues
IND-SOC-004,Temporary Residence Certificate,"Residence, Community & Socioeconomic Status",Certificate,"Normalized credential asserting the fact, status or qualification represented by “Temporary Residence Certificate”. Eligibility, evidence, validity and legal effect remain jurisdiction-specific.",Revenue Department / District Administration / Competent Caste Authority,Time-bound / renewable / purpose-specific,Applicant Name; DOB/Entity Date; Address; Jurisdiction; Application ID; Issue Date; Issuing Authority; Digital Signature; QR/Verification URI; Status,Proposed canonical concept; local Act/Rules prevail,Digitally signed PDF + QR; VC/JSON-LD where appropriate,High,Cross-state normalization using official ServicePlus/state service catalogues
IND-SOC-005,Nativity Certificate,"Residence, Community & Socioeconomic Status",Certificate,Certifies native/origin status under the issuing jurisdiction’s rules; it must not automatically be treated as identical to domicile or current residence.,Revenue Department / District Administration / Competent Caste Authority,Long-lived / event-based,Applicant Name; DOB/Entity Date; Address; Jurisdiction; Application ID; Issue Date; Issuing Authority; Digital Signature; QR/Verification URI; Status,Proposed canonical concept; local Act/Rules prevail,Digitally signed PDF + QR; VC/JSON-LD where appropriate,High,Cross-state normalization using official ServicePlus/state service catalogues
IND-SOC-006,Local Resident Certificate,"Residence, Community & Socioeconomic Status",Certificate,Certifies local resident status for the issuing jurisdiction and purpose.,Revenue Department / District Administration / Competent Caste Authority,Rule-dependent,Applicant Name; DOB/Entity Date; Address; Jurisdiction; Application ID; Issue Date; Issuing Authority; Digital Signature; QR/Verification URI; Status,Proposed canonical concept; local Act/Rules prevail,Digitally signed PDF + QR; VC/JSON-LD where appropriate,High,Cross-state normalization using official ServicePlus/state service catalogues
IND-SOC-007,Bonafide Resident Certificate,"Residence, Community & Socioeconomic Status",Certificate,"Normalized credential asserting the fact, status or qualification represented by “Bonafide Resident Certificate”. Eligibility, evidence, validity and legal effect remain jurisdiction-specific.",Revenue Department / District Administration / Competent Caste Authority,Rule-dependent,Applicant Name; DOB/Entity Date; Address; Jurisdiction; Application ID; Issue Date; Issuing Authority; Digital Signature; QR/Verification URI; Status,Proposed canonical concept; local Act/Rules prevail,Digitally signed PDF + QR; VC/JSON-LD where appropriate,High,Cross-state normalization using official ServicePlus/state service catalogues
IND-SOC-008,Rural Area Certificate,"Residence, Community & Socioeconomic Status",Certificate,"Normalized credential asserting the fact, status or qualification represented by “Rural Area Certificate”. Eligibility, evidence, validity and legal effect remain jurisdiction-specific.",Revenue Department / District Administration / Competent Caste Authority,Rule-dependent,Applicant Name; DOB/Entity Date; Address; Jurisdiction; Application ID; Issue Date; Issuing Authority; Digital Signature; QR/Verification URI; Status,Proposed canonical concept; local Act/Rules prevail,Digitally signed PDF + QR; VC/JSON-LD where appropriate,High,Cross-state normalization using official ServicePlus/state service catalogues
IND-SOC-009,Hill / Hilly Area Residence Certificate,"Residence, Community & Socioeconomic Status",Certificate,"Normalized credential asserting the fact, status or qualification represented by “Hill / Hilly Area Residence Certificate”. Eligibility, evidence, validity and legal effect remain jurisdiction-specific.",Revenue Department / District Administration / Competent Caste Authority,Rule-dependent,Applicant Name; DOB/Entity Date; Address; Jurisdiction; Application ID; Issue Date; Issuing Authority; Digital Signature; QR/Verification URI; Status,Proposed canonical concept; local Act/Rules prevail,Digitally signed PDF + QR; VC/JSON-LD where appropriate,High,Cross-state normalization using official ServicePlus/state service catalogues
IND-SOC-010,Backward Area Certificate,"Residence, Community & Socioeconomic Status",Certificate,"Normalized credential asserting the fact, status or qualification represented by “Backward Area Certificate”. Eligibility, evidence, validity and legal effect remain jurisdiction-specific.",Revenue Department / District Administration / Competent Caste Authority,Rule-dependent,Applicant Name; DOB/Entity Date; Address; Jurisdiction; Application ID; Issue Date; Issuing Authority; Digital Signature; QR/Verification URI; Status,Proposed canonical concept; local Act/Rules prevail,Digitally signed PDF + QR; VC/JSON-LD where appropriate,High,Cross-state normalization using official ServicePlus/state service catalogues
IND-SOC-011,Border Area Certificate,"Residence, Community & Socioeconomic Status",Certificate,"Normalized credential asserting the fact, status or qualification represented by “Border Area Certificate”. Eligibility, evidence, validity and legal effect remain jurisdiction-specific.",Revenue Department / District Administration / Competent Caste Authority,Rule-dependent,Applicant Name; DOB/Entity Date; Address; Jurisdiction; Application ID; Issue Date; Issuing Authority; Digital Signature; QR/Verification URI; Status,Proposed canonical concept; local Act/Rules prevail,Digitally signed PDF + QR; VC/JSON-LD where appropriate,High,Cross-state normalization using official ServicePlus/state service catalogues
IND-SOC-012,Sub-Mountain / Kandi Area Certificate,"Residence, Community & Socioeconomic Status",Certificate,"Normalized credential asserting the fact, status or qualification represented by “Sub-Mountain / Kandi Area Certificate”. Eligibility, evidence, validity and legal effect remain jurisdiction-specific.",Revenue Department / District Administration / Competent Caste Authority,Rule-dependent,Applicant Name; DOB/Entity Date; Address; Jurisdiction; Application ID; Issue Date; Issuing Authority; Digital Signature; QR/Verification URI; Status,Proposed canonical concept; local Act/Rules prevail,Digitally signed PDF + QR; VC/JSON-LD where appropriate,High,Cross-state normalization using official ServicePlus/state service catalogues
IND-SOC-013,Tribal / Scheduled Area Residence Certificate,"Residence, Community & Socioeconomic Status",Certificate,"Normalized credential asserting the fact, status or qualification represented by “Tribal / Scheduled Area Residence Certificate”. Eligibility, evidence, validity and legal effect remain jurisdiction-specific.",Revenue Department / District Administration / Competent Caste Authority,Rule-dependent,Applicant Name; DOB/Entity Date; Address; Jurisdiction; Application ID; Issue Date; Issuing Authority; Digital Signature; QR/Verification URI; Status,Proposed canonical concept; local Act/Rules prevail,Digitally signed PDF + QR; VC/JSON-LD where appropriate,High,Cross-state normalization using official ServicePlus/state service catalogues
IND-SOC-014,Caste Certificate - Scheduled Caste,"Residence, Community & Socioeconomic Status",Certificate,"Normalized credential asserting the fact, status or qualification represented by “Caste Certificate - Scheduled Caste”. Eligibility, evidence, validity and legal effect remain jurisdiction-specific.",Revenue Department / District Administration / Competent Caste Authority,Long-lived / event-based,Applicant Name; DOB/Entity Date; Address; Jurisdiction; Application ID; Issue Date; Issuing Authority; Digital Signature; QR/Verification URI; Status; Community/Category; Category List/Order Reference,Proposed canonical concept; local Act/Rules prevail,Digitally signed PDF + QR; VC/JSON-LD where appropriate,High,Cross-state normalization using official ServicePlus/state service catalogues
IND-SOC-015,Caste Certificate - Scheduled Tribe,"Residence, Community & Socioeconomic Status",Certificate,"Normalized credential asserting the fact, status or qualification represented by “Caste Certificate - Scheduled Tribe”. Eligibility, evidence, validity and legal effect remain jurisdiction-specific.",Revenue Department / District Administration / Competent Caste Authority,Long-lived / event-based,Applicant Name; DOB/Entity Date; Address; Jurisdiction; Application ID; Issue Date; Issuing Authority; Digital Signature; QR/Verification URI; Status; Community/Category; Category List/Order Reference,Proposed canonical concept; local Act/Rules prevail,Digitally signed PDF + QR; VC/JSON-LD where appropriate,High,Cross-state normalization using official ServicePlus/state service catalogues
IND-SOC-016,Caste Certificate - Other Backward Class,"Residence, Community & Socioeconomic Status",Certificate,"Normalized credential asserting the fact, status or qualification represented by “Caste Certificate - Other Backward Class”. Eligibility, evidence, validity and legal effect remain jurisdiction-specific.",Revenue Department / District Administration / Competent Caste Authority,Rule-dependent,Applicant Name; DOB/Entity Date; Address; Jurisdiction; Application ID; Issue Date; Issuing Authority; Digital Signature; QR/Verification URI; Status; Community/Category; Category List/Order Reference,Proposed canonical concept; local Act/Rules prevail,Digitally signed PDF + QR; VC/JSON-LD where appropriate,High,Cross-state normalization using official ServicePlus/state service catalogues
IND-SOC-017,Caste Certificate - Backward Class / State Backward Class,"Residence, Community & Socioeconomic Status",Certificate,"Normalized credential asserting the fact, status or qualification represented by “Caste Certificate - Backward Class / State Backward Class”. Eligibility, evidence, validity and legal effect remain jurisdiction-specific.",Revenue Department / District Administration / Competent Caste Authority,Rule-dependent,Applicant Name; DOB/Entity Date; Address; Jurisdiction; Application ID; Issue Date; Issuing Authority; Digital Signature; QR/Verification URI; Status; Community/Category; Category List/Order Reference,Proposed canonical concept; local Act/Rules prevail,Digitally signed PDF + QR; VC/JSON-LD where appropriate,High,Cross-state normalization using official ServicePlus/state service catalogues
IND-SOC-018,Caste Certificate - Extremely Backward Class,"Residence, Community & Socioeconomic Status",Certificate,"Normalized credential asserting the fact, status or qualification represented by “Caste Certificate - Extremely Backward Class”. Eligibility, evidence, validity and legal effect remain jurisdiction-specific.",Revenue Department / District Administration / Competent Caste Authority,Rule-dependent,Applicant Name; DOB/Entity Date; Address; Jurisdiction; Application ID; Issue Date; Issuing Authority; Digital Signature; QR/Verification URI; Status; Community/Category; Category List/Order Reference,Proposed canonical concept; local Act/Rules prevail,Digitally signed PDF + QR; VC/JSON-LD where appropriate,High,Cross-state normalization using official ServicePlus/state service catalogues
IND-SOC-019,Caste Certificate - Special Backward Class / MBC,"Residence, Community & Socioeconomic Status",Certificate,"Normalized credential asserting the fact, status or qualification represented by “Caste Certificate - Special Backward Class / MBC”. Eligibility, evidence, validity and legal effect remain jurisdiction-specific.",Revenue Department / District Administration / Competent Caste Authority,Rule-dependent,Applicant Name; DOB/Entity Date; Address; Jurisdiction; Application ID; Issue Date; Issuing Authority; Digital Signature; QR/Verification URI; Status; Community/Category; Category List/Order Reference,Proposed canonical concept; local Act/Rules prevail,Digitally signed PDF + QR; VC/JSON-LD where appropriate,High,Cross-state normalization using official ServicePlus/state service catalogues
IND-SOC-020,Caste Certificate - General / Unreserved Category,"Residence, Community & Socioeconomic Status",Certificate,"Normalized credential asserting the fact, status or qualification represented by “Caste Certificate - General / Unreserved Category”. Eligibility, evidence, validity and legal effect remain jurisdiction-specific.",Revenue Department / District Administration / Competent Caste Authority,Rule-dependent,Applicant Name; DOB/Entity Date; Address; Jurisdiction; Application ID; Issue Date; Issuing Authority; Digital Signature; QR/Verification URI; Status; Community/Category; Category List/Order Reference,Proposed canonical concept; local Act/Rules prevail,Digitally signed PDF + QR; VC/JSON-LD where appropriate,High,Cross-state normalization using official ServicePlus/state service catalogues
IND-SOC-021,Community Certificate,"Residence, Community & Socioeconomic Status",Certificate,Certifies membership of a community/social category recognized by the competent authority; the exact statutory category must remain in local metadata.,Revenue Department / District Administration / Competent Caste Authority,Rule-dependent,Applicant Name; DOB/Entity Date; Address; Jurisdiction; Application ID; Issue Date; Issuing Authority; Digital Signature; QR/Verification URI; Status; Community/Category; Category List/Order Reference,Proposed canonical concept; local Act/Rules prevail,Digitally signed PDF + QR; VC/JSON-LD where appropriate,High,Cross-state normalization using official ServicePlus/state service catalogues
IND-SOC-022,Integrated Community and Nativity Certificate,"Residence, Community & Socioeconomic Status",Certificate,"Normalized credential asserting the fact, status or qualification represented by “Integrated Community and Nativity Certificate”. Eligibility, evidence, validity and legal effect remain jurisdiction-specific.",Revenue Department / District Administration / Competent Caste Authority,Long-lived / event-based,Applicant Name; DOB/Entity Date; Address; Jurisdiction; Application ID; Issue Date; Issuing Authority; Digital Signature; QR/Verification URI; Status; Community/Category; Category List/Order Reference,Proposed canonical concept; local Act/Rules prevail,Digitally signed PDF + QR; VC/JSON-LD where appropriate,High,Cross-state normalization using official ServicePlus/state service catalogues
IND-SOC-023,OBC Non-Creamy Layer Certificate - State,"Residence, Community & Socioeconomic Status",Certificate,"Certifies eligible State-list OBC/BC status together with non-creamy-layer qualification for State purposes, subject to State rules.",Revenue Department / District Administration / Competent Caste Authority,Time-bound / renewable / purpose-specific,Applicant Name; DOB/Entity Date; Address; Jurisdiction; Application ID; Issue Date; Issuing Authority; Digital Signature; QR/Verification URI; Status; Community/Category; Category List/Order Reference,Proposed canonical concept; local Act/Rules prevail,Digitally signed PDF + QR; VC/JSON-LD where appropriate,High,Cross-state normalization using official ServicePlus/state service catalogues
IND-SOC-024,OBC Non-Creamy Layer Certificate - Central,"Residence, Community & Socioeconomic Status",Certificate,Certifies eligible Central-list OBC status together with non-creamy-layer qualification for Central Government purposes.,Revenue Department / District Administration / Competent Caste Authority,Time-bound / renewable / purpose-specific,Applicant Name; DOB/Entity Date; Address; Jurisdiction; Application ID; Issue Date; Issuing Authority; Digital Signature; QR/Verification URI; Status; Community/Category; Category List/Order Reference,Proposed canonical concept; local Act/Rules prevail,Digitally signed PDF + QR; VC/JSON-LD where appropriate,High,Cross-state normalization using official ServicePlus/state service catalogues
IND-SOC-025,SEBC Certificate,"Residence, Community & Socioeconomic Status",Certificate,"Normalized credential asserting the fact, status or qualification represented by “SEBC Certificate”. Eligibility, evidence, validity and legal effect remain jurisdiction-specific.",Revenue Department / District Administration / Competent Caste Authority,Rule-dependent,Applicant Name; DOB/Entity Date; Address; Jurisdiction; Application ID; Issue Date; Issuing Authority; Digital Signature; QR/Verification URI; Status; Community/Category; Category List/Order Reference,Proposed canonical concept; local Act/Rules prevail,Digitally signed PDF + QR; VC/JSON-LD where appropriate,High,Cross-state normalization using official ServicePlus/state service catalogues
IND-SOC-026,Economically Backward Class Certificate,"Residence, Community & Socioeconomic Status",Certificate,"Normalized credential asserting the fact, status or qualification represented by “Economically Backward Class Certificate”. Eligibility, evidence, validity and legal effect remain jurisdiction-specific.",Revenue Department / District Administration / Competent Caste Authority,Rule-dependent,Applicant Name; DOB/Entity Date; Address; Jurisdiction; Application ID; Issue Date; Issuing Authority; Digital Signature; QR/Verification URI; Status; Family/Household ID; Annual Income; Assessment Period,Proposed canonical concept; local Act/Rules prevail,Digitally signed PDF + QR; VC/JSON-LD where appropriate,High,Cross-state normalization using official ServicePlus/state service catalogues
IND-SOC-027,Economically Weaker Section Income and Asset Certificate,"Residence, Community & Socioeconomic Status",Certificate,Certifies that the applicant/family satisfies the applicable income and asset criteria for EWS status for the stated purpose and validity period.,Revenue Department / District Administration / Competent Caste Authority,Time-bound / renewable / purpose-specific,Applicant Name; DOB/Entity Date; Address; Jurisdiction; Application ID; Issue Date; Issuing Authority; Digital Signature; QR/Verification URI; Status; Family/Household ID; Annual Income; Assessment Period,Proposed canonical concept; local Act/Rules prevail,Digitally signed PDF + QR; VC/JSON-LD where appropriate,High,Cross-state normalization using official ServicePlus/state service catalogues
IND-SOC-028,Religious Minority Certificate,"Residence, Community & Socioeconomic Status",Certificate,"Normalized credential asserting the fact, status or qualification represented by “Religious Minority Certificate”. Eligibility, evidence, validity and legal effect remain jurisdiction-specific.",Revenue Department / District Administration / Competent Caste Authority,Rule-dependent,Applicant Name; DOB/Entity Date; Address; Jurisdiction; Application ID; Issue Date; Issuing Authority; Digital Signature; QR/Verification URI; Status; Community/Category; Category List/Order Reference,Proposed canonical concept; local Act/Rules prevail,Digitally signed PDF + QR; VC/JSON-LD where appropriate,High,Cross-state normalization using official ServicePlus/state service catalogues
IND-SOC-029,Denotified / Nomadic / Semi-Nomadic Tribe Certificate,"Residence, Community & Socioeconomic Status",Certificate,"Normalized credential asserting the fact, status or qualification represented by “Denotified / Nomadic / Semi-Nomadic Tribe Certificate”. Eligibility, evidence, validity and legal effect remain jurisdiction-specific.",Revenue Department / District Administration / Competent Caste Authority,Rule-dependent,Applicant Name; DOB/Entity Date; Address; Jurisdiction; Application ID; Issue Date; Issuing Authority; Digital Signature; QR/Verification URI; Status; Community/Category; Category List/Order Reference,Proposed canonical concept; local Act/Rules prevail,Digitally signed PDF + QR; VC/JSON-LD where appropriate,High,Cross-state normalization using official ServicePlus/state service catalogues
IND-SOC-030,Primitive / Particularly Vulnerable Tribal Group Certificate,"Residence, Community & Socioeconomic Status",Certificate,"Normalized credential asserting the fact, status or qualification represented by “Primitive / Particularly Vulnerable Tribal Group Certificate”. Eligibility, evidence, validity and legal effect remain jurisdiction-specific.",Revenue Department / District Administration / Competent Caste Authority,Rule-dependent,Applicant Name; DOB/Entity Date; Address; Jurisdiction; Application ID; Issue Date; Issuing Authority; Digital Signature; QR/Verification URI; Status,Proposed canonical concept; local Act/Rules prevail,Digitally signed PDF + QR; VC/JSON-LD where appropriate,High,Cross-state normalization using official ServicePlus/state service catalogues
IND-SOC-031,Income Certificate - Individual,"Residence, Community & Socioeconomic Status",Certificate,Certifies assessed income of an individual for the defined period and purpose.,Revenue Department / District Administration / Competent Caste Authority,Time-bound / renewable / purpose-specific,Applicant Name; DOB/Entity Date; Address; Jurisdiction; Application ID; Issue Date; Issuing Authority; Digital Signature; QR/Verification URI; Status; Family/Household ID; Annual Income; Assessment Period,Proposed canonical concept; local Act/Rules prevail,Digitally signed PDF + QR; VC/JSON-LD where appropriate,High,Cross-state normalization using official ServicePlus/state service catalogues
IND-SOC-032,Income Certificate - Family,"Residence, Community & Socioeconomic Status",Certificate,Certifies assessed annual family/household income for the defined financial period and purpose.,Revenue Department / District Administration / Competent Caste Authority,Time-bound / renewable / purpose-specific,Applicant Name; DOB/Entity Date; Address; Jurisdiction; Application ID; Issue Date; Issuing Authority; Digital Signature; QR/Verification URI; Status; Family/Household ID; Annual Income; Assessment Period,Proposed canonical concept; local Act/Rules prevail,Digitally signed PDF + QR; VC/JSON-LD where appropriate,High,Cross-state normalization using official ServicePlus/state service catalogues
IND-SOC-033,Agricultural Income Certificate,"Residence, Community & Socioeconomic Status",Certificate,"Normalized credential asserting the fact, status or qualification represented by “Agricultural Income Certificate”. Eligibility, evidence, validity and legal effect remain jurisdiction-specific.",Revenue Department / District Administration / Competent Caste Authority,Time-bound / renewable / purpose-specific,Applicant Name; DOB/Entity Date; Address; Jurisdiction; Application ID; Issue Date; Issuing Authority; Digital Signature; QR/Verification URI; Status; Family/Household ID; Annual Income; Assessment Period,Proposed canonical concept; local Act/Rules prevail,Digitally signed PDF + QR; VC/JSON-LD where appropriate,High,Cross-state normalization using official ServicePlus/state service catalogues
IND-SOC-034,No-Earning-Member Certificate,"Residence, Community & Socioeconomic Status",Certificate,"Normalized credential asserting the fact, status or qualification represented by “No-Earning-Member Certificate”. Eligibility, evidence, validity and legal effect remain jurisdiction-specific.",Revenue Department / District Administration / Competent Caste Authority,Rule-dependent,Applicant Name; DOB/Entity Date; Address; Jurisdiction; Application ID; Issue Date; Issuing Authority; Digital Signature; QR/Verification URI; Status,Proposed canonical concept; local Act/Rules prevail,Digitally signed PDF + QR; VC/JSON-LD where appropriate,High,Cross-state normalization using official ServicePlus/state service catalogues
IND-SOC-035,Below Poverty Line Status Certificate,"Residence, Community & Socioeconomic Status",Certificate,"Normalized credential asserting the fact, status or qualification represented by “Below Poverty Line Status Certificate”. Eligibility, evidence, validity and legal effect remain jurisdiction-specific.",Revenue Department / District Administration / Competent Caste Authority,Rule-dependent,Applicant Name; DOB/Entity Date; Address; Jurisdiction; Application ID; Issue Date; Issuing Authority; Digital Signature; QR/Verification URI; Status,Proposed canonical concept; local Act/Rules prevail,Digitally signed PDF + QR; VC/JSON-LD where appropriate,High,Cross-state normalization using official ServicePlus/state service catalogues
IND-FAM-001,Legal Heir Certificate,"Family, Relationship & Personal Status",Certificate,Identifies persons recognized as legal heirs for the administrative purposes allowed by the issuing authority; it is not automatically equivalent to a court succession certificate.,Revenue Department / District Administration / Local Body / Competent Authority,Long-lived / event-based,Applicant Name; DOB/Entity Date; Address; Jurisdiction; Application ID; Issue Date; Issuing Authority; Digital Signature; QR/Verification URI; Status,Proposed canonical concept; local Act/Rules prevail,Digitally signed PDF + QR; VC/JSON-LD where appropriate,High,Cross-state normalization using official ServicePlus/state service catalogues
IND-FAM-002,Surviving Member Certificate,"Family, Relationship & Personal Status",Certificate,Identifies surviving family members of a deceased person for the administrative purposes recognized by the issuing jurisdiction.,Revenue Department / District Administration / Local Body / Competent Authority,Rule-dependent,Applicant Name; DOB/Entity Date; Address; Jurisdiction; Application ID; Issue Date; Issuing Authority; Digital Signature; QR/Verification URI; Status,Proposed canonical concept; local Act/Rules prevail,Digitally signed PDF + QR; VC/JSON-LD where appropriate,High,Cross-state normalization using official ServicePlus/state service catalogues
IND-FAM-003,Surviving Family Member Certificate,"Family, Relationship & Personal Status",Certificate,"Normalized credential asserting the fact, status or qualification represented by “Surviving Family Member Certificate”. Eligibility, evidence, validity and legal effect remain jurisdiction-specific.",Revenue Department / District Administration / Local Body / Competent Authority,Dynamic record / current-state,Applicant Name; DOB/Entity Date; Address; Jurisdiction; Application ID; Issue Date; Issuing Authority; Digital Signature; QR/Verification URI; Status,Proposed canonical concept; local Act/Rules prevail,Digitally signed PDF + QR; VC/JSON-LD where appropriate,High,Cross-state normalization using official ServicePlus/state service catalogues
IND-FAM-004,Family Membership Certificate,"Family, Relationship & Personal Status",Certificate,"Normalized credential asserting the fact, status or qualification represented by “Family Membership Certificate”. Eligibility, evidence, validity and legal effect remain jurisdiction-specific.",Revenue Department / District Administration / Local Body / Competent Authority,Dynamic record / current-state,Applicant Name; DOB/Entity Date; Address; Jurisdiction; Application ID; Issue Date; Issuing Authority; Digital Signature; QR/Verification URI; Status,Proposed canonical concept; local Act/Rules prevail,Digitally signed PDF + QR; VC/JSON-LD where appropriate,High,Cross-state normalization using official ServicePlus/state service catalogues
IND-FAM-005,Next of Kin Certificate,"Family, Relationship & Personal Status",Certificate,Certifies the next-of-kin relationship for the purposes recognized by the issuing authority.,Revenue Department / District Administration / Local Body / Competent Authority,Rule-dependent,Applicant Name; DOB/Entity Date; Address; Jurisdiction; Application ID; Issue Date; Issuing Authority; Digital Signature; QR/Verification URI; Status,Proposed canonical concept; local Act/Rules prevail,Digitally signed PDF + QR; VC/JSON-LD where appropriate,High,Cross-state normalization using official ServicePlus/state service catalogues
IND-FAM-006,Dependency Certificate,"Family, Relationship & Personal Status",Certificate,"Normalized credential asserting the fact, status or qualification represented by “Dependency Certificate”. Eligibility, evidence, validity and legal effect remain jurisdiction-specific.",Revenue Department / District Administration / Local Body / Competent Authority,Rule-dependent,Applicant Name; DOB/Entity Date; Address; Jurisdiction; Application ID; Issue Date; Issuing Authority; Digital Signature; QR/Verification URI; Status,Proposed canonical concept; local Act/Rules prevail,Digitally signed PDF + QR; VC/JSON-LD where appropriate,High,Cross-state normalization using official ServicePlus/state service catalogues
IND-FAM-007,Relationship Certificate,"Family, Relationship & Personal Status",Certificate,"Normalized credential asserting the fact, status or qualification represented by “Relationship Certificate”. Eligibility, evidence, validity and legal effect remain jurisdiction-specific.",Revenue Department / District Administration / Local Body / Competent Authority,Rule-dependent,Applicant Name; DOB/Entity Date; Address; Jurisdiction; Application ID; Issue Date; Issuing Authority; Digital Signature; QR/Verification URI; Status,Proposed canonical concept; local Act/Rules prevail,Digitally signed PDF + QR; VC/JSON-LD where appropriate,High,Cross-state normalization using official ServicePlus/state service catalogues
IND-FAM-008,Guardianship Certificate,"Family, Relationship & Personal Status",Certificate,"Normalized credential asserting the fact, status or qualification represented by “Guardianship Certificate”. Eligibility, evidence, validity and legal effect remain jurisdiction-specific.",Revenue Department / District Administration / Local Body / Competent Authority,Rule-dependent,Applicant Name; DOB/Entity Date; Address; Jurisdiction; Application ID; Issue Date; Issuing Authority; Digital Signature; QR/Verification URI; Status,Proposed canonical concept; local Act/Rules prevail,Digitally signed PDF + QR; VC/JSON-LD where appropriate,High,Cross-state normalization using official ServicePlus/state service catalogues
IND-FAM-009,Widow / Widower Certificate,"Family, Relationship & Personal Status",Certificate,"Normalized credential asserting the fact, status or qualification represented by “Widow / Widower Certificate”. Eligibility, evidence, validity and legal effect remain jurisdiction-specific.",Revenue Department / District Administration / Local Body / Competent Authority,Rule-dependent,Applicant Name; DOB/Entity Date; Address; Jurisdiction; Application ID; Issue Date; Issuing Authority; Digital Signature; QR/Verification URI; Status,Proposed canonical concept; local Act/Rules prevail,Digitally signed PDF + QR; VC/JSON-LD where appropriate,High,Cross-state normalization using official ServicePlus/state service catalogues
IND-FAM-010,Destitute Widow Certificate,"Family, Relationship & Personal Status",Certificate,"Normalized credential asserting the fact, status or qualification represented by “Destitute Widow Certificate”. Eligibility, evidence, validity and legal effect remain jurisdiction-specific.",Revenue Department / District Administration / Local Body / Competent Authority,Rule-dependent,Applicant Name; DOB/Entity Date; Address; Jurisdiction; Application ID; Issue Date; Issuing Authority; Digital Signature; QR/Verification URI; Status,Proposed canonical concept; local Act/Rules prevail,Digitally signed PDF + QR; VC/JSON-LD where appropriate,High,Cross-state normalization using official ServicePlus/state service catalogues
IND-FAM-011,Deserted Woman Certificate,"Family, Relationship & Personal Status",Certificate,"Normalized credential asserting the fact, status or qualification represented by “Deserted Woman Certificate”. Eligibility, evidence, validity and legal effect remain jurisdiction-specific.",Revenue Department / District Administration / Local Body / Competent Authority,Rule-dependent,Applicant Name; DOB/Entity Date; Address; Jurisdiction; Application ID; Issue Date; Issuing Authority; Digital Signature; QR/Verification URI; Status,Proposed canonical concept; local Act/Rules prevail,Digitally signed PDF + QR; VC/JSON-LD where appropriate,High,Cross-state normalization using official ServicePlus/state service catalogues
IND-FAM-012,Divorcee Status Certificate,"Family, Relationship & Personal Status",Certificate,"Normalized credential asserting the fact, status or qualification represented by “Divorcee Status Certificate”. Eligibility, evidence, validity and legal effect remain jurisdiction-specific.",Revenue Department / District Administration / Local Body / Competent Authority,Rule-dependent,Applicant Name; DOB/Entity Date; Address; Jurisdiction; Application ID; Issue Date; Issuing Authority; Digital Signature; QR/Verification URI; Status,Proposed canonical concept; local Act/Rules prevail,Digitally signed PDF + QR; VC/JSON-LD where appropriate,High,Cross-state normalization using official ServicePlus/state service catalogues
IND-FAM-013,Unmarried Certificate,"Family, Relationship & Personal Status",Certificate,"Normalized credential asserting the fact, status or qualification represented by “Unmarried Certificate”. Eligibility, evidence, validity and legal effect remain jurisdiction-specific.",Revenue Department / District Administration / Local Body / Competent Authority,Rule-dependent,Applicant Name; DOB/Entity Date; Address; Jurisdiction; Application ID; Issue Date; Issuing Authority; Digital Signature; QR/Verification URI; Status,Proposed canonical concept; local Act/Rules prevail,Digitally signed PDF + QR; VC/JSON-LD where appropriate,High,Cross-state normalization using official ServicePlus/state service catalogues
IND-FAM-014,Non-Remarriage Certificate,"Family, Relationship & Personal Status",Certificate,"Normalized credential asserting the fact, status or qualification represented by “Non-Remarriage Certificate”. Eligibility, evidence, validity and legal effect remain jurisdiction-specific.",Revenue Department / District Administration / Local Body / Competent Authority,Rule-dependent,Applicant Name; DOB/Entity Date; Address; Jurisdiction; Application ID; Issue Date; Issuing Authority; Digital Signature; QR/Verification URI; Status; Event Date; Event Place; Registration Number,Proposed canonical concept; local Act/Rules prevail,Digitally signed PDF + QR; VC/JSON-LD where appropriate,High,Cross-state normalization using official ServicePlus/state service catalogues
IND-FAM-015,Inter-Caste Marriage Certificate,"Family, Relationship & Personal Status",Certificate,"Normalized credential asserting the fact, status or qualification represented by “Inter-Caste Marriage Certificate”. Eligibility, evidence, validity and legal effect remain jurisdiction-specific.",Revenue Department / District Administration / Local Body / Competent Authority,Long-lived / event-based,Applicant Name; DOB/Entity Date; Address; Jurisdiction; Application ID; Issue Date; Issuing Authority; Digital Signature; QR/Verification URI; Status; Community/Category; Category List/Order Reference; Event Date; Event Place; Registration Number,Proposed canonical concept; local Act/Rules prevail,Digitally signed PDF + QR; VC/JSON-LD where appropriate,High,Cross-state normalization using official ServicePlus/state service catalogues
IND-FAM-016,Family Migration Certificate,"Family, Relationship & Personal Status",Certificate,"Normalized credential asserting the fact, status or qualification represented by “Family Migration Certificate”. Eligibility, evidence, validity and legal effect remain jurisdiction-specific.",Revenue Department / District Administration / Local Body / Competent Authority,Dynamic record / current-state,Applicant Name; DOB/Entity Date; Address; Jurisdiction; Application ID; Issue Date; Issuing Authority; Digital Signature; QR/Verification URI; Status,Proposed canonical concept; local Act/Rules prevail,Digitally signed PDF + QR; VC/JSON-LD where appropriate,High,Cross-state normalization using official ServicePlus/state service catalogues
IND-FAM-017,No Male Child Certificate,"Family, Relationship & Personal Status",Certificate,"Normalized credential asserting the fact, status or qualification represented by “No Male Child Certificate”. Eligibility, evidence, validity and legal effect remain jurisdiction-specific.",Revenue Department / District Administration / Local Body / Competent Authority,Rule-dependent,Applicant Name; DOB/Entity Date; Address; Jurisdiction; Application ID; Issue Date; Issuing Authority; Digital Signature; QR/Verification URI; Status,Proposed canonical concept; local Act/Rules prevail,Digitally signed PDF + QR; VC/JSON-LD where appropriate,High,Cross-state normalization using official ServicePlus/state service catalogues
IND-FAM-018,Orphan Certificate,"Family, Relationship & Personal Status",Certificate,"Normalized credential asserting the fact, status or qualification represented by “Orphan Certificate”. Eligibility, evidence, validity and legal effect remain jurisdiction-specific.",Revenue Department / District Administration / Local Body / Competent Authority,Rule-dependent,Applicant Name; DOB/Entity Date; Address; Jurisdiction; Application ID; Issue Date; Issuing Authority; Digital Signature; QR/Verification URI; Status,Proposed canonical concept; local Act/Rules prevail,Digitally signed PDF + QR; VC/JSON-LD where appropriate,High,Cross-state normalization using official ServicePlus/state service catalogues
IND-FAM-019,Single Parent / Single Woman Certificate,"Family, Relationship & Personal Status",Certificate,"Normalized credential asserting the fact, status or qualification represented by “Single Parent / Single Woman Certificate”. Eligibility, evidence, validity and legal effect remain jurisdiction-specific.",Revenue Department / District Administration / Local Body / Competent Authority,Rule-dependent,Applicant Name; DOB/Entity Date; Address; Jurisdiction; Application ID; Issue Date; Issuing Authority; Digital Signature; QR/Verification URI; Status,Proposed canonical concept; local Act/Rules prevail,Digitally signed PDF + QR; VC/JSON-LD where appropriate,High,Cross-state normalization using official ServicePlus/state service catalogues
IND-FAM-020,Dependent Children Certificate,"Family, Relationship & Personal Status",Certificate,"Normalized credential asserting the fact, status or qualification represented by “Dependent Children Certificate”. Eligibility, evidence, validity and legal effect remain jurisdiction-specific.",Revenue Department / District Administration / Local Body / Competent Authority,Rule-dependent,Applicant Name; DOB/Entity Date; Address; Jurisdiction; Application ID; Issue Date; Issuing Authority; Digital Signature; QR/Verification URI; Status,Proposed canonical concept; local Act/Rules prevail,Digitally signed PDF + QR; VC/JSON-LD where appropriate,High,Cross-state normalization using official ServicePlus/state service catalogues
IND-FAM-021,Family Register Certified Copy,"Family, Relationship & Personal Status",Certified Record / Extract,"Normalized service providing an authoritative certified copy, extract or current-state record represented by “Family Register Certified Copy”.",Revenue Department / District Administration / Local Body / Competent Authority,Dynamic record / current-state,Applicant Name; DOB/Entity Date; Address; Jurisdiction; Application ID; Issue Date; Issuing Authority; Digital Signature; QR/Verification URI; Status,Proposed canonical concept; local Act/Rules prevail,Digitally signed PDF + QR; VC/JSON-LD where appropriate,High,Cross-state normalization using official ServicePlus/state service catalogues
IND-FAM-022,Addition to Family Register,"Family, Relationship & Personal Status",Citizen Service,"Normalized government-to-citizen service concept for “Addition to Family Register”; the local jurisdiction retains the authoritative legal definition, workflow and service conditions.",Revenue Department / District Administration / Local Body / Competent Authority,Dynamic record / current-state,Applicant Name; DOB/Entity Date; Address; Jurisdiction; Application ID; Issue Date; Issuing Authority; Digital Signature; QR/Verification URI; Status,Proposed canonical concept; local Act/Rules prevail,Digitally signed PDF + QR; VC/JSON-LD where appropriate,Medium,Cross-state normalization using official ServicePlus/state service catalogues
IND-FAM-023,Correction in Family Register,"Family, Relationship & Personal Status",Citizen Service,"Normalized government-to-citizen service concept for “Correction in Family Register”; the local jurisdiction retains the authoritative legal definition, workflow and service conditions.",Revenue Department / District Administration / Local Body / Competent Authority,Dynamic record / current-state,Applicant Name; DOB/Entity Date; Address; Jurisdiction; Application ID; Issue Date; Issuing Authority; Digital Signature; QR/Verification URI; Status,Proposed canonical concept; local Act/Rules prevail,Digitally signed PDF + QR; VC/JSON-LD where appropriate,Medium,Cross-state normalization using official ServicePlus/state service catalogues
IND-FAM-024,Separation / Split Family Certificate,"Family, Relationship & Personal Status",Certificate,"Normalized credential asserting the fact, status or qualification represented by “Separation / Split Family Certificate”. Eligibility, evidence, validity and legal effect remain jurisdiction-specific.",Revenue Department / District Administration / Local Body / Competent Authority,Dynamic record / current-state,Applicant Name; DOB/Entity Date; Address; Jurisdiction; Application ID; Issue Date; Issuing Authority; Digital Signature; QR/Verification URI; Status,Proposed canonical concept; local Act/Rules prevail,Digitally signed PDF + QR; VC/JSON-LD where appropriate,High,Cross-state normalization using official ServicePlus/state service catalogues
IND-FAM-025,Freedom Fighter Dependent Certificate,"Family, Relationship & Personal Status",Certificate,"Normalized credential asserting the fact, status or qualification represented by “Freedom Fighter Dependent Certificate”. Eligibility, evidence, validity and legal effect remain jurisdiction-specific.",Revenue Department / District Administration / Local Body / Competent Authority,Rule-dependent,Applicant Name; DOB/Entity Date; Address; Jurisdiction; Application ID; Issue Date; Issuing Authority; Digital Signature; QR/Verification URI; Status,Proposed canonical concept; local Act/Rules prevail,Digitally signed PDF + QR; VC/JSON-LD where appropriate,High,Cross-state normalization using official ServicePlus/state service catalogues
IND-LRP-001,Record of Rights (RoR) / Land Record Extract,"Land, Revenue & Property",Certified Record / Extract,Provides a certified/current extract from the authoritative land-rights record for the identified parcel and jurisdiction.,Revenue & Land Records Department / Registration Department / Urban Local Body,Dynamic record / current-state,Applicant Name; DOB/Entity Date; Address; Jurisdiction; Application ID; Issue Date; Issuing Authority; Digital Signature; QR/Verification URI; Status; Survey/Plot/Property ID; Village/Ward; Ownership/Tenure,Proposed canonical concept; local Act/Rules prevail,Digitally signed PDF + QR; VC/JSON-LD where appropriate,High,Cross-state normalization using official ServicePlus/state service catalogues
IND-LRP-002,Khatauni / Record of Tenancy Extract,"Land, Revenue & Property",Certified Record / Extract,"Normalized service providing an authoritative certified copy, extract or current-state record represented by “Khatauni / Record of Tenancy Extract”.",Revenue & Land Records Department / Registration Department / Urban Local Body,Dynamic record / current-state,Applicant Name; DOB/Entity Date; Address; Jurisdiction; Application ID; Issue Date; Issuing Authority; Digital Signature; QR/Verification URI; Status; Survey/Plot/Property ID; Village/Ward; Ownership/Tenure,Proposed canonical concept; local Act/Rules prevail,Digitally signed PDF + QR; VC/JSON-LD where appropriate,High,Cross-state normalization using official ServicePlus/state service catalogues
IND-LRP-003,Jamabandi / Rights Record Extract,"Land, Revenue & Property",Certified Record / Extract,"Normalized service providing an authoritative certified copy, extract or current-state record represented by “Jamabandi / Rights Record Extract”.",Revenue & Land Records Department / Registration Department / Urban Local Body,Dynamic record / current-state,Applicant Name; DOB/Entity Date; Address; Jurisdiction; Application ID; Issue Date; Issuing Authority; Digital Signature; QR/Verification URI; Status,Proposed canonical concept; local Act/Rules prevail,Digitally signed PDF + QR; VC/JSON-LD where appropriate,High,Cross-state normalization using official ServicePlus/state service catalogues
IND-LRP-004,7/12 Land Record Extract,"Land, Revenue & Property",Certified Record / Extract,"Normalized service providing an authoritative certified copy, extract or current-state record represented by “7/12 Land Record Extract”.",Revenue & Land Records Department / Registration Department / Urban Local Body,Dynamic record / current-state,Applicant Name; DOB/Entity Date; Address; Jurisdiction; Application ID; Issue Date; Issuing Authority; Digital Signature; QR/Verification URI; Status; Survey/Plot/Property ID; Village/Ward; Ownership/Tenure,Proposed canonical concept; local Act/Rules prevail,Digitally signed PDF + QR; VC/JSON-LD where appropriate,High,Cross-state normalization using official ServicePlus/state service catalogues
IND-LRP-005,8A / Account Extract,"Land, Revenue & Property",Certified Record / Extract,"Normalized service providing an authoritative certified copy, extract or current-state record represented by “8A / Account Extract”.",Revenue & Land Records Department / Registration Department / Urban Local Body,Dynamic record / current-state,Applicant Name; DOB/Entity Date; Address; Jurisdiction; Application ID; Issue Date; Issuing Authority; Digital Signature; QR/Verification URI; Status,Proposed canonical concept; local Act/Rules prevail,Digitally signed PDF + QR; VC/JSON-LD where appropriate,High,Cross-state normalization using official ServicePlus/state service catalogues
IND-LRP-006,Adangal / Pahani Extract,"Land, Revenue & Property",Certified Record / Extract,"Normalized service providing an authoritative certified copy, extract or current-state record represented by “Adangal / Pahani Extract”.",Revenue & Land Records Department / Registration Department / Urban Local Body,Dynamic record / current-state,Applicant Name; DOB/Entity Date; Address; Jurisdiction; Application ID; Issue Date; Issuing Authority; Digital Signature; QR/Verification URI; Status; Survey/Plot/Property ID; Village/Ward; Ownership/Tenure,Proposed canonical concept; local Act/Rules prevail,Digitally signed PDF + QR; VC/JSON-LD where appropriate,High,Cross-state normalization using official ServicePlus/state service catalogues
IND-LRP-007,ROR-1B Extract,"Land, Revenue & Property",Certified Record / Extract,"Normalized service providing an authoritative certified copy, extract or current-state record represented by “ROR-1B Extract”.",Revenue & Land Records Department / Registration Department / Urban Local Body,Dynamic record / current-state,Applicant Name; DOB/Entity Date; Address; Jurisdiction; Application ID; Issue Date; Issuing Authority; Digital Signature; QR/Verification URI; Status; Survey/Plot/Property ID; Village/Ward; Ownership/Tenure,Proposed canonical concept; local Act/Rules prevail,Digitally signed PDF + QR; VC/JSON-LD where appropriate,High,Cross-state normalization using official ServicePlus/state service catalogues
IND-LRP-008,Khasra Extract,"Land, Revenue & Property",Certified Record / Extract,"Normalized service providing an authoritative certified copy, extract or current-state record represented by “Khasra Extract”.",Revenue & Land Records Department / Registration Department / Urban Local Body,Dynamic record / current-state,Applicant Name; DOB/Entity Date; Address; Jurisdiction; Application ID; Issue Date; Issuing Authority; Digital Signature; QR/Verification URI; Status,Proposed canonical concept; local Act/Rules prevail,Digitally signed PDF + QR; VC/JSON-LD where appropriate,High,Cross-state normalization using official ServicePlus/state service catalogues
IND-LRP-009,Khata Extract,"Land, Revenue & Property",Certified Record / Extract,"Normalized service providing an authoritative certified copy, extract or current-state record represented by “Khata Extract”.",Revenue & Land Records Department / Registration Department / Urban Local Body,Dynamic record / current-state,Applicant Name; DOB/Entity Date; Address; Jurisdiction; Application ID; Issue Date; Issuing Authority; Digital Signature; QR/Verification URI; Status; Survey/Plot/Property ID; Village/Ward; Ownership/Tenure,Proposed canonical concept; local Act/Rules prevail,Digitally signed PDF + QR; VC/JSON-LD where appropriate,High,Cross-state normalization using official ServicePlus/state service catalogues
IND-LRP-010,Property Card / City Survey Extract,"Land, Revenue & Property",Certified Record / Extract,"Normalized service providing an authoritative certified copy, extract or current-state record represented by “Property Card / City Survey Extract”.",Revenue & Land Records Department / Registration Department / Urban Local Body,Dynamic record / current-state,Applicant Name; DOB/Entity Date; Address; Jurisdiction; Application ID; Issue Date; Issuing Authority; Digital Signature; QR/Verification URI; Status; Survey/Plot/Property ID; Village/Ward; Ownership/Tenure,Proposed canonical concept; local Act/Rules prevail,Digitally signed PDF + QR; VC/JSON-LD where appropriate,High,Cross-state normalization using official ServicePlus/state service catalogues
IND-LRP-011,Mutation Application,"Land, Revenue & Property",Record Mutation,"Normalized service to update an authoritative government register for the change represented by “Mutation Application”, after required verification and approval.",Revenue & Land Records Department / Registration Department / Urban Local Body,Dynamic record / current-state,Applicant Name; DOB/Entity Date; Address; Jurisdiction; Application ID; Issue Date; Issuing Authority; Digital Signature; QR/Verification URI; Status; Survey/Plot/Property ID; Village/Ward; Ownership/Tenure,Proposed canonical concept; local Act/Rules prevail,Digitally signed PDF + QR; VC/JSON-LD where appropriate,Medium,Cross-state normalization using official ServicePlus/state service catalogues
IND-LRP-012,Mutation Order / Mutation Certificate,"Land, Revenue & Property",Record Mutation,Records or certifies an approved change in the land/revenue ownership or interest register following the applicable mutation process.,Revenue & Land Records Department / Registration Department / Urban Local Body,Dynamic record / current-state,Applicant Name; DOB/Entity Date; Address; Jurisdiction; Application ID; Issue Date; Issuing Authority; Digital Signature; QR/Verification URI; Status; Survey/Plot/Property ID; Village/Ward; Ownership/Tenure,Proposed canonical concept; local Act/Rules prevail,Digitally signed PDF + QR; VC/JSON-LD where appropriate,Medium,Cross-state normalization using official ServicePlus/state service catalogues
IND-LRP-013,Land Partition / Division Permission,"Land, Revenue & Property",Approval / NOC,"Normalized service recording administrative approval, permission or no-objection for “Land Partition / Division Permission”, subject to the competent authority’s conditions.",Revenue & Land Records Department / Registration Department / Urban Local Body,Dynamic record / current-state,Applicant Name; DOB/Entity Date; Address; Jurisdiction; Application ID; Issue Date; Issuing Authority; Digital Signature; QR/Verification URI; Status; Survey/Plot/Property ID; Village/Ward; Ownership/Tenure,Proposed canonical concept; local Act/Rules prevail,Digitally signed PDF + QR; VC/JSON-LD where appropriate,Medium,Cross-state normalization using official ServicePlus/state service catalogues
IND-LRP-014,Land Demarcation Service,"Land, Revenue & Property",Citizen Service,"Normalized government-to-citizen service concept for “Land Demarcation Service”; the local jurisdiction retains the authoritative legal definition, workflow and service conditions.",Revenue & Land Records Department / Registration Department / Urban Local Body,Dynamic record / current-state,Applicant Name; DOB/Entity Date; Address; Jurisdiction; Application ID; Issue Date; Issuing Authority; Digital Signature; QR/Verification URI; Status; Survey/Plot/Property ID; Village/Ward; Ownership/Tenure,Proposed canonical concept; local Act/Rules prevail,Digitally signed PDF + QR; VC/JSON-LD where appropriate,Medium,Cross-state normalization using official ServicePlus/state service catalogues
IND-LRP-015,Land Survey / Boundary Measurement,"Land, Revenue & Property",Citizen Service,"Normalized government-to-citizen service concept for “Land Survey / Boundary Measurement”; the local jurisdiction retains the authoritative legal definition, workflow and service conditions.",Revenue & Land Records Department / Registration Department / Urban Local Body,Dynamic record / current-state,Applicant Name; DOB/Entity Date; Address; Jurisdiction; Application ID; Issue Date; Issuing Authority; Digital Signature; QR/Verification URI; Status; Survey/Plot/Property ID; Village/Ward; Ownership/Tenure,Proposed canonical concept; local Act/Rules prevail,Digitally signed PDF + QR; VC/JSON-LD where appropriate,Medium,Cross-state normalization using official ServicePlus/state service catalogues
IND-LRP-016,Land Conversion / Diversion Permission,"Land, Revenue & Property",Approval / NOC,"Normalized service recording administrative approval, permission or no-objection for “Land Conversion / Diversion Permission”, subject to the competent authority’s conditions.",Revenue & Land Records Department / Registration Department / Urban Local Body,Dynamic record / current-state,Applicant Name; DOB/Entity Date; Address; Jurisdiction; Application ID; Issue Date; Issuing Authority; Digital Signature; QR/Verification URI; Status; Survey/Plot/Property ID; Village/Ward; Ownership/Tenure,Proposed canonical concept; local Act/Rules prevail,Digitally signed PDF + QR; VC/JSON-LD where appropriate,Medium,Cross-state normalization using official ServicePlus/state service catalogues
IND-LRP-017,Land Use Conversion Certificate,"Land, Revenue & Property",Certificate,"Normalized credential asserting the fact, status or qualification represented by “Land Use Conversion Certificate”. Eligibility, evidence, validity and legal effect remain jurisdiction-specific.",Revenue & Land Records Department / Registration Department / Urban Local Body,Dynamic record / current-state,Applicant Name; DOB/Entity Date; Address; Jurisdiction; Application ID; Issue Date; Issuing Authority; Digital Signature; QR/Verification URI; Status; Survey/Plot/Property ID; Village/Ward; Ownership/Tenure,Proposed canonical concept; local Act/Rules prevail,Digitally signed PDF + QR; VC/JSON-LD where appropriate,High,Cross-state normalization using official ServicePlus/state service catalogues
IND-LRP-018,Possession Certificate,"Land, Revenue & Property",Certificate,Certifies recorded or verified possession of the identified land/property for the specified administrative purpose.,Revenue & Land Records Department / Registration Department / Urban Local Body,Rule-dependent,Applicant Name; DOB/Entity Date; Address; Jurisdiction; Application ID; Issue Date; Issuing Authority; Digital Signature; QR/Verification URI; Status,Proposed canonical concept; local Act/Rules prevail,Digitally signed PDF + QR; VC/JSON-LD where appropriate,High,Cross-state normalization using official ServicePlus/state service catalogues
IND-LRP-019,Possession and Non-Attachment Certificate,"Land, Revenue & Property",Certificate,"Normalized credential asserting the fact, status or qualification represented by “Possession and Non-Attachment Certificate”. Eligibility, evidence, validity and legal effect remain jurisdiction-specific.",Revenue & Land Records Department / Registration Department / Urban Local Body,Rule-dependent,Applicant Name; DOB/Entity Date; Address; Jurisdiction; Application ID; Issue Date; Issuing Authority; Digital Signature; QR/Verification URI; Status,Proposed canonical concept; local Act/Rules prevail,Digitally signed PDF + QR; VC/JSON-LD where appropriate,High,Cross-state normalization using official ServicePlus/state service catalogues
IND-LRP-020,Land Ownership Certificate,"Land, Revenue & Property",Certificate,"Normalized credential asserting the fact, status or qualification represented by “Land Ownership Certificate”. Eligibility, evidence, validity and legal effect remain jurisdiction-specific.",Revenue & Land Records Department / Registration Department / Urban Local Body,Dynamic record / current-state,Applicant Name; DOB/Entity Date; Address; Jurisdiction; Application ID; Issue Date; Issuing Authority; Digital Signature; QR/Verification URI; Status; Survey/Plot/Property ID; Village/Ward; Ownership/Tenure,Proposed canonical concept; local Act/Rules prevail,Digitally signed PDF + QR; VC/JSON-LD where appropriate,High,Cross-state normalization using official ServicePlus/state service catalogues
IND-LRP-021,Land Holding Certificate,"Land, Revenue & Property",Certificate,"Normalized credential asserting the fact, status or qualification represented by “Land Holding Certificate”. Eligibility, evidence, validity and legal effect remain jurisdiction-specific.",Revenue & Land Records Department / Registration Department / Urban Local Body,Dynamic record / current-state,Applicant Name; DOB/Entity Date; Address; Jurisdiction; Application ID; Issue Date; Issuing Authority; Digital Signature; QR/Verification URI; Status; Survey/Plot/Property ID; Village/Ward; Ownership/Tenure,Proposed canonical concept; local Act/Rules prevail,Digitally signed PDF + QR; VC/JSON-LD where appropriate,High,Cross-state normalization using official ServicePlus/state service catalogues
IND-LRP-022,Small / Marginal Landholder Certificate,"Land, Revenue & Property",Certificate,"Normalized credential asserting the fact, status or qualification represented by “Small / Marginal Landholder Certificate”. Eligibility, evidence, validity and legal effect remain jurisdiction-specific.",Revenue & Land Records Department / Registration Department / Urban Local Body,Dynamic record / current-state,Applicant Name; DOB/Entity Date; Address; Jurisdiction; Application ID; Issue Date; Issuing Authority; Digital Signature; QR/Verification URI; Status; Survey/Plot/Property ID; Village/Ward; Ownership/Tenure,Proposed canonical concept; local Act/Rules prevail,Digitally signed PDF + QR; VC/JSON-LD where appropriate,High,Cross-state normalization using official ServicePlus/state service catalogues
IND-LRP-023,Landless Person / Landless Labourer Certificate,"Land, Revenue & Property",Certificate,"Normalized credential asserting the fact, status or qualification represented by “Landless Person / Landless Labourer Certificate”. Eligibility, evidence, validity and legal effect remain jurisdiction-specific.",Revenue & Land Records Department / Registration Department / Urban Local Body,Dynamic record / current-state,Applicant Name; DOB/Entity Date; Address; Jurisdiction; Application ID; Issue Date; Issuing Authority; Digital Signature; QR/Verification URI; Status; Survey/Plot/Property ID; Village/Ward; Ownership/Tenure,Proposed canonical concept; local Act/Rules prevail,Digitally signed PDF + QR; VC/JSON-LD where appropriate,High,Cross-state normalization using official ServicePlus/state service catalogues
IND-LRP-024,Agriculturist / Farmer Status Certificate,"Land, Revenue & Property",Certificate,"Normalized credential asserting the fact, status or qualification represented by “Agriculturist / Farmer Status Certificate”. Eligibility, evidence, validity and legal effect remain jurisdiction-specific.",Revenue & Land Records Department / Registration Department / Urban Local Body,Rule-dependent,Applicant Name; DOB/Entity Date; Address; Jurisdiction; Application ID; Issue Date; Issuing Authority; Digital Signature; QR/Verification URI; Status,Proposed canonical concept; local Act/Rules prevail,Digitally signed PDF + QR; VC/JSON-LD where appropriate,High,Cross-state normalization using official ServicePlus/state service catalogues
IND-LRP-025,Tenancy Certificate,"Land, Revenue & Property",Certificate,"Normalized credential asserting the fact, status or qualification represented by “Tenancy Certificate”. Eligibility, evidence, validity and legal effect remain jurisdiction-specific.",Revenue & Land Records Department / Registration Department / Urban Local Body,Rule-dependent,Applicant Name; DOB/Entity Date; Address; Jurisdiction; Application ID; Issue Date; Issuing Authority; Digital Signature; QR/Verification URI; Status,Proposed canonical concept; local Act/Rules prevail,Digitally signed PDF + QR; VC/JSON-LD where appropriate,High,Cross-state normalization using official ServicePlus/state service catalogues
IND-LRP-026,Patta Transfer Certificate,"Land, Revenue & Property",Certificate,"Normalized credential asserting the fact, status or qualification represented by “Patta Transfer Certificate”. Eligibility, evidence, validity and legal effect remain jurisdiction-specific.",Revenue & Land Records Department / Registration Department / Urban Local Body,Rule-dependent,Applicant Name; DOB/Entity Date; Address; Jurisdiction; Application ID; Issue Date; Issuing Authority; Digital Signature; QR/Verification URI; Status; Survey/Plot/Property ID; Village/Ward; Ownership/Tenure,Proposed canonical concept; local Act/Rules prevail,Digitally signed PDF + QR; VC/JSON-LD where appropriate,High,Cross-state normalization using official ServicePlus/state service catalogues
IND-LRP-027,Patta / Pattadar Passbook Issuance,"Land, Revenue & Property",Citizen Service,"Normalized government-to-citizen service concept for “Patta / Pattadar Passbook Issuance”; the local jurisdiction retains the authoritative legal definition, workflow and service conditions.",Revenue & Land Records Department / Registration Department / Urban Local Body,Rule-dependent,Applicant Name; DOB/Entity Date; Address; Jurisdiction; Application ID; Issue Date; Issuing Authority; Digital Signature; QR/Verification URI; Status; Survey/Plot/Property ID; Village/Ward; Ownership/Tenure,Proposed canonical concept; local Act/Rules prevail,Digitally signed PDF + QR; VC/JSON-LD where appropriate,Medium,Cross-state normalization using official ServicePlus/state service catalogues
IND-LRP-028,Duplicate Pattadar Passbook,"Land, Revenue & Property",Citizen Service,"Normalized government-to-citizen service concept for “Duplicate Pattadar Passbook”; the local jurisdiction retains the authoritative legal definition, workflow and service conditions.",Revenue & Land Records Department / Registration Department / Urban Local Body,Rule-dependent,Applicant Name; DOB/Entity Date; Address; Jurisdiction; Application ID; Issue Date; Issuing Authority; Digital Signature; QR/Verification URI; Status; Survey/Plot/Property ID; Village/Ward; Ownership/Tenure,Proposed canonical concept; local Act/Rules prevail,Digitally signed PDF + QR; VC/JSON-LD where appropriate,Medium,Cross-state normalization using official ServicePlus/state service catalogues
IND-LRP-029,House Site Patta Extract,"Land, Revenue & Property",Certified Record / Extract,"Normalized service providing an authoritative certified copy, extract or current-state record represented by “House Site Patta Extract”.",Revenue & Land Records Department / Registration Department / Urban Local Body,Dynamic record / current-state,Applicant Name; DOB/Entity Date; Address; Jurisdiction; Application ID; Issue Date; Issuing Authority; Digital Signature; QR/Verification URI; Status; Survey/Plot/Property ID; Village/Ward; Ownership/Tenure,Proposed canonical concept; local Act/Rules prevail,Digitally signed PDF + QR; VC/JSON-LD where appropriate,High,Cross-state normalization using official ServicePlus/state service catalogues
IND-LRP-030,D-Form Patta Extract,"Land, Revenue & Property",Certified Record / Extract,"Normalized service providing an authoritative certified copy, extract or current-state record represented by “D-Form Patta Extract”.",Revenue & Land Records Department / Registration Department / Urban Local Body,Dynamic record / current-state,Applicant Name; DOB/Entity Date; Address; Jurisdiction; Application ID; Issue Date; Issuing Authority; Digital Signature; QR/Verification URI; Status; Survey/Plot/Property ID; Village/Ward; Ownership/Tenure,Proposed canonical concept; local Act/Rules prevail,Digitally signed PDF + QR; VC/JSON-LD where appropriate,High,Cross-state normalization using official ServicePlus/state service catalogues
IND-LRP-031,Land Status Report,"Land, Revenue & Property",Certified Record / Extract,"Normalized service providing an authoritative certified copy, extract or current-state record represented by “Land Status Report”.",Revenue & Land Records Department / Registration Department / Urban Local Body,Dynamic record / current-state,Applicant Name; DOB/Entity Date; Address; Jurisdiction; Application ID; Issue Date; Issuing Authority; Digital Signature; QR/Verification URI; Status; Survey/Plot/Property ID; Village/Ward; Ownership/Tenure,Proposed canonical concept; local Act/Rules prevail,Digitally signed PDF + QR; VC/JSON-LD where appropriate,High,Cross-state normalization using official ServicePlus/state service catalogues
IND-LRP-032,Location Certificate,"Land, Revenue & Property",Certificate,"Normalized credential asserting the fact, status or qualification represented by “Location Certificate”. Eligibility, evidence, validity and legal effect remain jurisdiction-specific.",Revenue & Land Records Department / Registration Department / Urban Local Body,Rule-dependent,Applicant Name; DOB/Entity Date; Address; Jurisdiction; Application ID; Issue Date; Issuing Authority; Digital Signature; QR/Verification URI; Status,Proposed canonical concept; local Act/Rules prevail,Digitally signed PDF + QR; VC/JSON-LD where appropriate,High,Cross-state normalization using official ServicePlus/state service catalogues
IND-LRP-033,Land Valuation Certificate,"Land, Revenue & Property",Certificate,"Normalized credential asserting the fact, status or qualification represented by “Land Valuation Certificate”. Eligibility, evidence, validity and legal effect remain jurisdiction-specific.",Revenue & Land Records Department / Registration Department / Urban Local Body,Time-bound / renewable / purpose-specific,Applicant Name; DOB/Entity Date; Address; Jurisdiction; Application ID; Issue Date; Issuing Authority; Digital Signature; QR/Verification URI; Status; Survey/Plot/Property ID; Village/Ward; Ownership/Tenure,Proposed canonical concept; local Act/Rules prevail,Digitally signed PDF + QR; VC/JSON-LD where appropriate,High,Cross-state normalization using official ServicePlus/state service catalogues
IND-LRP-034,Property Valuation Certificate,"Land, Revenue & Property",Certificate,"Normalized credential asserting the fact, status or qualification represented by “Property Valuation Certificate”. Eligibility, evidence, validity and legal effect remain jurisdiction-specific.",Revenue & Land Records Department / Registration Department / Urban Local Body,Time-bound / renewable / purpose-specific,Applicant Name; DOB/Entity Date; Address; Jurisdiction; Application ID; Issue Date; Issuing Authority; Digital Signature; QR/Verification URI; Status; Survey/Plot/Property ID; Village/Ward; Ownership/Tenure,Proposed canonical concept; local Act/Rules prevail,Digitally signed PDF + QR; VC/JSON-LD where appropriate,High,Cross-state normalization using official ServicePlus/state service catalogues
IND-LRP-035,Solvency Certificate,"Land, Revenue & Property",Certificate,Certifies assessed solvency/value of qualifying assets up to the scope and amount recognized by the issuing authority.,Revenue & Land Records Department / Registration Department / Urban Local Body,Time-bound / renewable / purpose-specific,Applicant Name; DOB/Entity Date; Address; Jurisdiction; Application ID; Issue Date; Issuing Authority; Digital Signature; QR/Verification URI; Status,Proposed canonical concept; local Act/Rules prevail,Digitally signed PDF + QR; VC/JSON-LD where appropriate,High,Cross-state normalization using official ServicePlus/state service catalogues
IND-LRP-036,Non-Encumbrance Certificate,"Land, Revenue & Property",Certificate,Certifies the result of the competent authority’s search for recorded encumbrances over the specified property and period.,Revenue & Land Records Department / Registration Department / Urban Local Body,Rule-dependent,Applicant Name; DOB/Entity Date; Address; Jurisdiction; Application ID; Issue Date; Issuing Authority; Digital Signature; QR/Verification URI; Status; Survey/Plot/Property ID; Village/Ward; Ownership/Tenure,Proposed canonical concept; local Act/Rules prevail,Digitally signed PDF + QR; VC/JSON-LD where appropriate,High,Cross-state normalization using official ServicePlus/state service catalogues
IND-LRP-037,Encumbrance Certificate,"Land, Revenue & Property",Certificate,"Normalized credential asserting the fact, status or qualification represented by “Encumbrance Certificate”. Eligibility, evidence, validity and legal effect remain jurisdiction-specific.",Revenue & Land Records Department / Registration Department / Urban Local Body,Rule-dependent,Applicant Name; DOB/Entity Date; Address; Jurisdiction; Application ID; Issue Date; Issuing Authority; Digital Signature; QR/Verification URI; Status; Survey/Plot/Property ID; Village/Ward; Ownership/Tenure,Proposed canonical concept; local Act/Rules prevail,Digitally signed PDF + QR; VC/JSON-LD where appropriate,High,Cross-state normalization using official ServicePlus/state service catalogues
IND-LRP-038,Certified Copy of Registered Deed,"Land, Revenue & Property",Certified Record / Extract,"Normalized service providing an authoritative certified copy, extract or current-state record represented by “Certified Copy of Registered Deed”.",Revenue & Land Records Department / Registration Department / Urban Local Body,Dynamic record / current-state,Applicant Name; DOB/Entity Date; Address; Jurisdiction; Application ID; Issue Date; Issuing Authority; Digital Signature; QR/Verification URI; Status,Proposed canonical concept; local Act/Rules prevail,Digitally signed PDF + QR; VC/JSON-LD where appropriate,High,Cross-state normalization using official ServicePlus/state service catalogues
IND-LRP-039,Certified Copy of Revenue Record,"Land, Revenue & Property",Certified Record / Extract,"Normalized service providing an authoritative certified copy, extract or current-state record represented by “Certified Copy of Revenue Record”.",Revenue & Land Records Department / Registration Department / Urban Local Body,Dynamic record / current-state,Applicant Name; DOB/Entity Date; Address; Jurisdiction; Application ID; Issue Date; Issuing Authority; Digital Signature; QR/Verification URI; Status,Proposed canonical concept; local Act/Rules prevail,Digitally signed PDF + QR; VC/JSON-LD where appropriate,High,Cross-state normalization using official ServicePlus/state service catalogues
IND-LRP-040,Certified Copy of Survey / Settlement Record,"Land, Revenue & Property",Certified Record / Extract,"Normalized service providing an authoritative certified copy, extract or current-state record represented by “Certified Copy of Survey / Settlement Record”.",Revenue & Land Records Department / Registration Department / Urban Local Body,Dynamic record / current-state,Applicant Name; DOB/Entity Date; Address; Jurisdiction; Application ID; Issue Date; Issuing Authority; Digital Signature; QR/Verification URI; Status,Proposed canonical concept; local Act/Rules prevail,Digitally signed PDF + QR; VC/JSON-LD where appropriate,High,Cross-state normalization using official ServicePlus/state service catalogues
IND-LRP-041,Property Mutation in Municipal Record,"Land, Revenue & Property",Record Mutation,"Normalized service to update an authoritative government register for the change represented by “Property Mutation in Municipal Record”, after required verification and approval.",Revenue & Land Records Department / Registration Department / Urban Local Body,Dynamic record / current-state,Applicant Name; DOB/Entity Date; Address; Jurisdiction; Application ID; Issue Date; Issuing Authority; Digital Signature; QR/Verification URI; Status; Survey/Plot/Property ID; Village/Ward; Ownership/Tenure,Proposed canonical concept; local Act/Rules prevail,Digitally signed PDF + QR; VC/JSON-LD where appropriate,Medium,Cross-state normalization using official ServicePlus/state service catalogues
IND-LRP-042,Property Ownership / Holding Certificate,"Land, Revenue & Property",Certificate,"Normalized credential asserting the fact, status or qualification represented by “Property Ownership / Holding Certificate”. Eligibility, evidence, validity and legal effect remain jurisdiction-specific.",Revenue & Land Records Department / Registration Department / Urban Local Body,Dynamic record / current-state,Applicant Name; DOB/Entity Date; Address; Jurisdiction; Application ID; Issue Date; Issuing Authority; Digital Signature; QR/Verification URI; Status; Survey/Plot/Property ID; Village/Ward; Ownership/Tenure,Proposed canonical concept; local Act/Rules prevail,Digitally signed PDF + QR; VC/JSON-LD where appropriate,High,Cross-state normalization using official ServicePlus/state service catalogues
IND-LRP-043,Property Tax Assessment Certificate,"Land, Revenue & Property",Verification / Assessment,Normalized service to verify or assess the facts represented by “Property Tax Assessment Certificate” and record the competent authority’s result.,Revenue & Land Records Department / Registration Department / Urban Local Body,Dynamic record / current-state,Applicant Name; DOB/Entity Date; Address; Jurisdiction; Application ID; Issue Date; Issuing Authority; Digital Signature; QR/Verification URI; Status; Survey/Plot/Property ID; Village/Ward; Ownership/Tenure,Proposed canonical concept; local Act/Rules prevail,Digitally signed PDF + QR; VC/JSON-LD where appropriate,Medium,Cross-state normalization using official ServicePlus/state service catalogues
IND-LRP-044,Property Tax No-Dues Certificate,"Land, Revenue & Property",Certificate,"Normalized credential asserting the fact, status or qualification represented by “Property Tax No-Dues Certificate”. Eligibility, evidence, validity and legal effect remain jurisdiction-specific.",Revenue & Land Records Department / Registration Department / Urban Local Body,Dynamic record / current-state,Applicant Name; DOB/Entity Date; Address; Jurisdiction; Application ID; Issue Date; Issuing Authority; Digital Signature; QR/Verification URI; Status; Survey/Plot/Property ID; Village/Ward; Ownership/Tenure,Proposed canonical concept; local Act/Rules prevail,Digitally signed PDF + QR; VC/JSON-LD where appropriate,High,Cross-state normalization using official ServicePlus/state service catalogues
IND-LRP-045,Lal Dora / Abadi Area Certificate,"Land, Revenue & Property",Certificate,"Normalized credential asserting the fact, status or qualification represented by “Lal Dora / Abadi Area Certificate”. Eligibility, evidence, validity and legal effect remain jurisdiction-specific.",Revenue & Land Records Department / Registration Department / Urban Local Body,Rule-dependent,Applicant Name; DOB/Entity Date; Address; Jurisdiction; Application ID; Issue Date; Issuing Authority; Digital Signature; QR/Verification URI; Status,Proposed canonical concept; local Act/Rules prevail,Digitally signed PDF + QR; VC/JSON-LD where appropriate,High,Cross-state normalization using official ServicePlus/state service catalogues
IND-AGR-001,Farmer Registration,"Agriculture, Rural Development & Fisheries",Registration,Normalized service for recording “Farmer Registration” in the competent government register and issuing an acknowledgement or registration credential where applicable.,Agriculture / Horticulture / Fisheries / Animal Husbandry / Revenue Department,Dynamic record / current-state,Applicant Name; DOB/Entity Date; Address; Jurisdiction; Application ID; Issue Date; Issuing Authority; Digital Signature; QR/Verification URI; Status,Proposed canonical concept; local Act/Rules prevail,Digitally signed PDF + QR; VC/JSON-LD where appropriate,Medium,Cross-state normalization using official ServicePlus/state service catalogues
IND-AGR-002,Farmer Certificate,"Agriculture, Rural Development & Fisheries",Certificate,Certifies farmer/agriculturist status under the applicable State/UT definition and records used by the issuing authority.,Agriculture / Horticulture / Fisheries / Animal Husbandry / Revenue Department,Rule-dependent,Applicant Name; DOB/Entity Date; Address; Jurisdiction; Application ID; Issue Date; Issuing Authority; Digital Signature; QR/Verification URI; Status,Proposed canonical concept; local Act/Rules prevail,Digitally signed PDF + QR; VC/JSON-LD where appropriate,High,Cross-state normalization using official ServicePlus/state service catalogues
IND-AGR-003,Small / Marginal Farmer Certificate,"Agriculture, Rural Development & Fisheries",Certificate,"Normalized credential asserting the fact, status or qualification represented by “Small / Marginal Farmer Certificate”. Eligibility, evidence, validity and legal effect remain jurisdiction-specific.",Agriculture / Horticulture / Fisheries / Animal Husbandry / Revenue Department,Rule-dependent,Applicant Name; DOB/Entity Date; Address; Jurisdiction; Application ID; Issue Date; Issuing Authority; Digital Signature; QR/Verification URI; Status,Proposed canonical concept; local Act/Rules prevail,Digitally signed PDF + QR; VC/JSON-LD where appropriate,High,Cross-state normalization using official ServicePlus/state service catalogues
IND-AGR-004,Agricultural Family Member Certificate,"Agriculture, Rural Development & Fisheries",Certificate,"Normalized credential asserting the fact, status or qualification represented by “Agricultural Family Member Certificate”. Eligibility, evidence, validity and legal effect remain jurisdiction-specific.",Agriculture / Horticulture / Fisheries / Animal Husbandry / Revenue Department,Dynamic record / current-state,Applicant Name; DOB/Entity Date; Address; Jurisdiction; Application ID; Issue Date; Issuing Authority; Digital Signature; QR/Verification URI; Status,Proposed canonical concept; local Act/Rules prevail,Digitally signed PDF + QR; VC/JSON-LD where appropriate,High,Cross-state normalization using official ServicePlus/state service catalogues
IND-AGR-005,Agricultural Labourer Certificate,"Agriculture, Rural Development & Fisheries",Certificate,"Normalized credential asserting the fact, status or qualification represented by “Agricultural Labourer Certificate”. Eligibility, evidence, validity and legal effect remain jurisdiction-specific.",Agriculture / Horticulture / Fisheries / Animal Husbandry / Revenue Department,Rule-dependent,Applicant Name; DOB/Entity Date; Address; Jurisdiction; Application ID; Issue Date; Issuing Authority; Digital Signature; QR/Verification URI; Status,Proposed canonical concept; local Act/Rules prevail,Digitally signed PDF + QR; VC/JSON-LD where appropriate,High,Cross-state normalization using official ServicePlus/state service catalogues
IND-AGR-006,Landless Agricultural Labourer Certificate,"Agriculture, Rural Development & Fisheries",Certificate,"Normalized credential asserting the fact, status or qualification represented by “Landless Agricultural Labourer Certificate”. Eligibility, evidence, validity and legal effect remain jurisdiction-specific.",Agriculture / Horticulture / Fisheries / Animal Husbandry / Revenue Department,Dynamic record / current-state,Applicant Name; DOB/Entity Date; Address; Jurisdiction; Application ID; Issue Date; Issuing Authority; Digital Signature; QR/Verification URI; Status; Survey/Plot/Property ID; Village/Ward; Ownership/Tenure,Proposed canonical concept; local Act/Rules prevail,Digitally signed PDF + QR; VC/JSON-LD where appropriate,High,Cross-state normalization using official ServicePlus/state service catalogues
IND-AGR-007,Crop Sowing Declaration,"Agriculture, Rural Development & Fisheries",Citizen Service,"Normalized government-to-citizen service concept for “Crop Sowing Declaration”; the local jurisdiction retains the authoritative legal definition, workflow and service conditions.",Agriculture / Horticulture / Fisheries / Animal Husbandry / Revenue Department,Dynamic record / current-state,Applicant Name; DOB/Entity Date; Address; Jurisdiction; Application ID; Issue Date; Issuing Authority; Digital Signature; QR/Verification URI; Status,Proposed canonical concept; local Act/Rules prevail,Digitally signed PDF + QR; VC/JSON-LD where appropriate,Medium,Cross-state normalization using official ServicePlus/state service catalogues
IND-AGR-008,Crop Loss / Damage Assessment Certificate,"Agriculture, Rural Development & Fisheries",Verification / Assessment,Normalized service to verify or assess the facts represented by “Crop Loss / Damage Assessment Certificate” and record the competent authority’s result.,Agriculture / Horticulture / Fisheries / Animal Husbandry / Revenue Department,Rule-dependent,Applicant Name; DOB/Entity Date; Address; Jurisdiction; Application ID; Issue Date; Issuing Authority; Digital Signature; QR/Verification URI; Status,Proposed canonical concept; local Act/Rules prevail,Digitally signed PDF + QR; VC/JSON-LD where appropriate,Medium,Cross-state normalization using official ServicePlus/state service catalogues
IND-AGR-009,Crop Insurance Claim Service,"Agriculture, Rural Development & Fisheries",Citizen Service,"Normalized government-to-citizen service concept for “Crop Insurance Claim Service”; the local jurisdiction retains the authoritative legal definition, workflow and service conditions.",Agriculture / Horticulture / Fisheries / Animal Husbandry / Revenue Department,Rule-dependent,Applicant Name; DOB/Entity Date; Address; Jurisdiction; Application ID; Issue Date; Issuing Authority; Digital Signature; QR/Verification URI; Status,Proposed canonical concept; local Act/Rules prevail,Digitally signed PDF + QR; VC/JSON-LD where appropriate,Medium,Cross-state normalization using official ServicePlus/state service catalogues
IND-AGR-010,Seed Dealer Licence,"Agriculture, Rural Development & Fisheries",Licence,"Normalized regulatory service authorizing the activity represented by “Seed Dealer Licence”, subject to local eligibility, inspection, fee, conditions and renewal rules.",Agriculture / Horticulture / Fisheries / Animal Husbandry / Revenue Department,Time-bound / renewable / purpose-specific,Applicant Name; DOB/Entity Date; Address; Jurisdiction; Application ID; Issue Date; Issuing Authority; Digital Signature; QR/Verification URI; Status; Valid From; Valid Until; Conditions,Proposed canonical concept; local Act/Rules prevail,Digitally signed PDF + QR; VC/JSON-LD where appropriate,High,Cross-state normalization using official ServicePlus/state service catalogues
IND-AGR-011,Seed Licence - District,"Agriculture, Rural Development & Fisheries",Licence,"Normalized regulatory service authorizing the activity represented by “Seed Licence - District”, subject to local eligibility, inspection, fee, conditions and renewal rules.",Agriculture / Horticulture / Fisheries / Animal Husbandry / Revenue Department,Time-bound / renewable / purpose-specific,Applicant Name; DOB/Entity Date; Address; Jurisdiction; Application ID; Issue Date; Issuing Authority; Digital Signature; QR/Verification URI; Status; Valid From; Valid Until; Conditions,Proposed canonical concept; local Act/Rules prevail,Digitally signed PDF + QR; VC/JSON-LD where appropriate,High,Cross-state normalization using official ServicePlus/state service catalogues
IND-AGR-012,Seed Licence - State,"Agriculture, Rural Development & Fisheries",Licence,"Normalized regulatory service authorizing the activity represented by “Seed Licence - State”, subject to local eligibility, inspection, fee, conditions and renewal rules.",Agriculture / Horticulture / Fisheries / Animal Husbandry / Revenue Department,Time-bound / renewable / purpose-specific,Applicant Name; DOB/Entity Date; Address; Jurisdiction; Application ID; Issue Date; Issuing Authority; Digital Signature; QR/Verification URI; Status; Valid From; Valid Until; Conditions,Proposed canonical concept; local Act/Rules prevail,Digitally signed PDF + QR; VC/JSON-LD where appropriate,High,Cross-state normalization using official ServicePlus/state service catalogues
IND-AGR-013,Nursery Registration Certificate,"Agriculture, Rural Development & Fisheries",Registration,Normalized service for recording “Nursery Registration Certificate” in the competent government register and issuing an acknowledgement or registration credential where applicable.,Agriculture / Horticulture / Fisheries / Animal Husbandry / Revenue Department,Dynamic record / current-state,Applicant Name; DOB/Entity Date; Address; Jurisdiction; Application ID; Issue Date; Issuing Authority; Digital Signature; QR/Verification URI; Status,Proposed canonical concept; local Act/Rules prevail,Digitally signed PDF + QR; VC/JSON-LD where appropriate,Medium,Cross-state normalization using official ServicePlus/state service catalogues
IND-AGR-014,Fertilizer Dealer Licence,"Agriculture, Rural Development & Fisheries",Licence,"Normalized regulatory service authorizing the activity represented by “Fertilizer Dealer Licence”, subject to local eligibility, inspection, fee, conditions and renewal rules.",Agriculture / Horticulture / Fisheries / Animal Husbandry / Revenue Department,Time-bound / renewable / purpose-specific,Applicant Name; DOB/Entity Date; Address; Jurisdiction; Application ID; Issue Date; Issuing Authority; Digital Signature; QR/Verification URI; Status; Valid From; Valid Until; Conditions,Proposed canonical concept; local Act/Rules prevail,Digitally signed PDF + QR; VC/JSON-LD where appropriate,High,Cross-state normalization using official ServicePlus/state service catalogues
IND-AGR-015,Pesticide / Insecticide Dealer Licence,"Agriculture, Rural Development & Fisheries",Licence,"Normalized regulatory service authorizing the activity represented by “Pesticide / Insecticide Dealer Licence”, subject to local eligibility, inspection, fee, conditions and renewal rules.",Agriculture / Horticulture / Fisheries / Animal Husbandry / Revenue Department,Time-bound / renewable / purpose-specific,Applicant Name; DOB/Entity Date; Address; Jurisdiction; Application ID; Issue Date; Issuing Authority; Digital Signature; QR/Verification URI; Status; Valid From; Valid Until; Conditions,Proposed canonical concept; local Act/Rules prevail,Digitally signed PDF + QR; VC/JSON-LD where appropriate,High,Cross-state normalization using official ServicePlus/state service catalogues
IND-AGR-016,Soil Health Card,"Agriculture, Rural Development & Fisheries",Identity / Entitlement Card,Normalized service to issue or maintain the official identity/entitlement credential represented by “Soil Health Card”.,Agriculture / Horticulture / Fisheries / Animal Husbandry / Revenue Department,Time-bound / renewable / purpose-specific,Applicant Name; DOB/Entity Date; Address; Jurisdiction; Application ID; Issue Date; Issuing Authority; Digital Signature; QR/Verification URI; Status,Proposed canonical concept; local Act/Rules prevail,Digitally signed PDF + QR; VC/JSON-LD where appropriate,High,Cross-state normalization using official ServicePlus/state service catalogues
IND-AGR-017,Farm Mechanization Subsidy Eligibility,"Agriculture, Rural Development & Fisheries",Benefit / Entitlement,"Normalized service for determining, sanctioning or maintaining citizen entitlement under “Farm Mechanization Subsidy Eligibility”, subject to the applicable scheme and eligibility rules.",Agriculture / Horticulture / Fisheries / Animal Husbandry / Revenue Department,Rule-dependent,Applicant Name; DOB/Entity Date; Address; Jurisdiction; Application ID; Issue Date; Issuing Authority; Digital Signature; QR/Verification URI; Status,Proposed canonical concept; local Act/Rules prevail,Digitally signed PDF + QR; VC/JSON-LD where appropriate,Medium,Cross-state normalization using official ServicePlus/state service catalogues
IND-AGR-018,Irrigation Connection / Water Course Permission,"Agriculture, Rural Development & Fisheries",Approval / NOC,"Normalized service recording administrative approval, permission or no-objection for “Irrigation Connection / Water Course Permission”, subject to the competent authority’s conditions.",Agriculture / Horticulture / Fisheries / Animal Husbandry / Revenue Department,Rule-dependent,Applicant Name; DOB/Entity Date; Address; Jurisdiction; Application ID; Issue Date; Issuing Authority; Digital Signature; QR/Verification URI; Status,Proposed canonical concept; local Act/Rules prevail,Digitally signed PDF + QR; VC/JSON-LD where appropriate,Medium,Cross-state normalization using official ServicePlus/state service catalogues
IND-AGR-019,Agricultural Electricity Connection Recommendation,"Agriculture, Rural Development & Fisheries",Citizen Service,"Normalized government-to-citizen service concept for “Agricultural Electricity Connection Recommendation”; the local jurisdiction retains the authoritative legal definition, workflow and service conditions.",Agriculture / Horticulture / Fisheries / Animal Husbandry / Revenue Department,Rule-dependent,Applicant Name; DOB/Entity Date; Address; Jurisdiction; Application ID; Issue Date; Issuing Authority; Digital Signature; QR/Verification URI; Status,Proposed canonical concept; local Act/Rules prevail,Digitally signed PDF + QR; VC/JSON-LD where appropriate,Medium,Cross-state normalization using official ServicePlus/state service catalogues
IND-AGR-020,Kisan Credit / Agriculture Loan Eligibility Certificate,"Agriculture, Rural Development & Fisheries",Certificate,"Normalized credential asserting the fact, status or qualification represented by “Kisan Credit / Agriculture Loan Eligibility Certificate”. Eligibility, evidence, validity and legal effect remain jurisdiction-specific.",Agriculture / Horticulture / Fisheries / Animal Husbandry / Revenue Department,Rule-dependent,Applicant Name; DOB/Entity Date; Address; Jurisdiction; Application ID; Issue Date; Issuing Authority; Digital Signature; QR/Verification URI; Status,Proposed canonical concept; local Act/Rules prevail,Digitally signed PDF + QR; VC/JSON-LD where appropriate,High,Cross-state normalization using official ServicePlus/state service catalogues
IND-AGR-021,Loan Eligibility Card for Cultivator / Tenant Farmer,"Agriculture, Rural Development & Fisheries",Identity / Entitlement Card,Normalized service to issue or maintain the official identity/entitlement credential represented by “Loan Eligibility Card for Cultivator / Tenant Farmer”.,Agriculture / Horticulture / Fisheries / Animal Husbandry / Revenue Department,Rule-dependent,Applicant Name; DOB/Entity Date; Address; Jurisdiction; Application ID; Issue Date; Issuing Authority; Digital Signature; QR/Verification URI; Status,Proposed canonical concept; local Act/Rules prevail,Digitally signed PDF + QR; VC/JSON-LD where appropriate,High,Cross-state normalization using official ServicePlus/state service catalogues
IND-AGR-022,Agriculture Income Assessment,"Agriculture, Rural Development & Fisheries",Verification / Assessment,Normalized service to verify or assess the facts represented by “Agriculture Income Assessment” and record the competent authority’s result.,Agriculture / Horticulture / Fisheries / Animal Husbandry / Revenue Department,Time-bound / renewable / purpose-specific,Applicant Name; DOB/Entity Date; Address; Jurisdiction; Application ID; Issue Date; Issuing Authority; Digital Signature; QR/Verification URI; Status; Family/Household ID; Annual Income; Assessment Period,Proposed canonical concept; local Act/Rules prevail,Digitally signed PDF + QR; VC/JSON-LD where appropriate,Medium,Cross-state normalization using official ServicePlus/state service catalogues
IND-AGR-023,Organic Farming / Organic Producer Registration,"Agriculture, Rural Development & Fisheries",Registration,Normalized service for recording “Organic Farming / Organic Producer Registration” in the competent government register and issuing an acknowledgement or registration credential where applicable.,Agriculture / Horticulture / Fisheries / Animal Husbandry / Revenue Department,Dynamic record / current-state,Applicant Name; DOB/Entity Date; Address; Jurisdiction; Application ID; Issue Date; Issuing Authority; Digital Signature; QR/Verification URI; Status,Proposed canonical concept; local Act/Rules prevail,Digitally signed PDF + QR; VC/JSON-LD where appropriate,Medium,Cross-state normalization using official ServicePlus/state service catalogues
IND-AGR-024,Horticulture Plantation Registration,"Agriculture, Rural Development & Fisheries",Registration,Normalized service for recording “Horticulture Plantation Registration” in the competent government register and issuing an acknowledgement or registration credential where applicable.,Agriculture / Horticulture / Fisheries / Animal Husbandry / Revenue Department,Dynamic record / current-state,Applicant Name; DOB/Entity Date; Address; Jurisdiction; Application ID; Issue Date; Issuing Authority; Digital Signature; QR/Verification URI; Status,Proposed canonical concept; local Act/Rules prevail,Digitally signed PDF + QR; VC/JSON-LD where appropriate,Medium,Cross-state normalization using official ServicePlus/state service catalogues
IND-AGR-025,Cold Storage User / Subsidy Approval,"Agriculture, Rural Development & Fisheries",Approval / NOC,"Normalized service recording administrative approval, permission or no-objection for “Cold Storage User / Subsidy Approval”, subject to the competent authority’s conditions.",Agriculture / Horticulture / Fisheries / Animal Husbandry / Revenue Department,Rule-dependent,Applicant Name; DOB/Entity Date; Address; Jurisdiction; Application ID; Issue Date; Issuing Authority; Digital Signature; QR/Verification URI; Status,Proposed canonical concept; local Act/Rules prevail,Digitally signed PDF + QR; VC/JSON-LD where appropriate,Medium,Cross-state normalization using official ServicePlus/state service catalogues
IND-AGR-026,Dairy Farmer Registration,"Agriculture, Rural Development & Fisheries",Registration,Normalized service for recording “Dairy Farmer Registration” in the competent government register and issuing an acknowledgement or registration credential where applicable.,Agriculture / Horticulture / Fisheries / Animal Husbandry / Revenue Department,Dynamic record / current-state,Applicant Name; DOB/Entity Date; Address; Jurisdiction; Application ID; Issue Date; Issuing Authority; Digital Signature; QR/Verification URI; Status,Proposed canonical concept; local Act/Rules prevail,Digitally signed PDF + QR; VC/JSON-LD where appropriate,Medium,Cross-state normalization using official ServicePlus/state service catalogues
IND-AGR-027,Milk Cooperative Membership Certification,"Agriculture, Rural Development & Fisheries",Citizen Service,"Normalized government-to-citizen service concept for “Milk Cooperative Membership Certification”; the local jurisdiction retains the authoritative legal definition, workflow and service conditions.",Agriculture / Horticulture / Fisheries / Animal Husbandry / Revenue Department,Rule-dependent,Applicant Name; DOB/Entity Date; Address; Jurisdiction; Application ID; Issue Date; Issuing Authority; Digital Signature; QR/Verification URI; Status,Proposed canonical concept; local Act/Rules prevail,Digitally signed PDF + QR; VC/JSON-LD where appropriate,Medium,Cross-state normalization using official ServicePlus/state service catalogues
IND-AGR-028,Livestock Ownership Certificate,"Agriculture, Rural Development & Fisheries",Certificate,"Normalized credential asserting the fact, status or qualification represented by “Livestock Ownership Certificate”. Eligibility, evidence, validity and legal effect remain jurisdiction-specific.",Agriculture / Horticulture / Fisheries / Animal Husbandry / Revenue Department,Rule-dependent,Applicant Name; DOB/Entity Date; Address; Jurisdiction; Application ID; Issue Date; Issuing Authority; Digital Signature; QR/Verification URI; Status,Proposed canonical concept; local Act/Rules prevail,Digitally signed PDF + QR; VC/JSON-LD where appropriate,High,Cross-state normalization using official ServicePlus/state service catalogues
IND-AGR-029,Cattle / Livestock Health Certificate,"Agriculture, Rural Development & Fisheries",Certificate,"Normalized credential asserting the fact, status or qualification represented by “Cattle / Livestock Health Certificate”. Eligibility, evidence, validity and legal effect remain jurisdiction-specific.",Agriculture / Horticulture / Fisheries / Animal Husbandry / Revenue Department,Time-bound / renewable / purpose-specific,Applicant Name; DOB/Entity Date; Address; Jurisdiction; Application ID; Issue Date; Issuing Authority; Digital Signature; QR/Verification URI; Status,Proposed canonical concept; local Act/Rules prevail,Digitally signed PDF + QR; VC/JSON-LD where appropriate,High,Cross-state normalization using official ServicePlus/state service catalogues
IND-AGR-030,Animal Movement / Transport Permit,"Agriculture, Rural Development & Fisheries",Permit,"Normalized regulatory permission for “Animal Movement / Transport Permit” for a defined activity, location, asset or period, subject to jurisdiction-specific conditions.",Agriculture / Horticulture / Fisheries / Animal Husbandry / Revenue Department,Time-bound / renewable / purpose-specific,Applicant Name; DOB/Entity Date; Address; Jurisdiction; Application ID; Issue Date; Issuing Authority; Digital Signature; QR/Verification URI; Status; Valid From; Valid Until; Conditions,Proposed canonical concept; local Act/Rules prevail,Digitally signed PDF + QR; VC/JSON-LD where appropriate,Medium,Cross-state normalization using official ServicePlus/state service catalogues
IND-AGR-031,Veterinary Fitness Certificate,"Agriculture, Rural Development & Fisheries",Certificate,"Normalized credential asserting the fact, status or qualification represented by “Veterinary Fitness Certificate”. Eligibility, evidence, validity and legal effect remain jurisdiction-specific.",Agriculture / Horticulture / Fisheries / Animal Husbandry / Revenue Department,Time-bound / renewable / purpose-specific,Applicant Name; DOB/Entity Date; Address; Jurisdiction; Application ID; Issue Date; Issuing Authority; Digital Signature; QR/Verification URI; Status; Valid From; Valid Until; Conditions,Proposed canonical concept; local Act/Rules prevail,Digitally signed PDF + QR; VC/JSON-LD where appropriate,High,Cross-state normalization using official ServicePlus/state service catalogues
IND-AGR-032,Fisher Registration / Fisher ID,"Agriculture, Rural Development & Fisheries",Registration,Normalized service for recording “Fisher Registration / Fisher ID” in the competent government register and issuing an acknowledgement or registration credential where applicable.,Agriculture / Horticulture / Fisheries / Animal Husbandry / Revenue Department,Dynamic record / current-state,Applicant Name; DOB/Entity Date; Address; Jurisdiction; Application ID; Issue Date; Issuing Authority; Digital Signature; QR/Verification URI; Status,Proposed canonical concept; local Act/Rules prevail,Digitally signed PDF + QR; VC/JSON-LD where appropriate,Medium,Cross-state normalization using official ServicePlus/state service catalogues
IND-AGR-033,Fishing Licence,"Agriculture, Rural Development & Fisheries",Licence,"Normalized regulatory service authorizing the activity represented by “Fishing Licence”, subject to local eligibility, inspection, fee, conditions and renewal rules.",Agriculture / Horticulture / Fisheries / Animal Husbandry / Revenue Department,Time-bound / renewable / purpose-specific,Applicant Name; DOB/Entity Date; Address; Jurisdiction; Application ID; Issue Date; Issuing Authority; Digital Signature; QR/Verification URI; Status; Valid From; Valid Until; Conditions,Proposed canonical concept; local Act/Rules prevail,Digitally signed PDF + QR; VC/JSON-LD where appropriate,High,Cross-state normalization using official ServicePlus/state service catalogues
IND-AGR-034,Fishing Vessel Registration,"Agriculture, Rural Development & Fisheries",Registration,Normalized service for recording “Fishing Vessel Registration” in the competent government register and issuing an acknowledgement or registration credential where applicable.,Agriculture / Horticulture / Fisheries / Animal Husbandry / Revenue Department,Dynamic record / current-state,Applicant Name; DOB/Entity Date; Address; Jurisdiction; Application ID; Issue Date; Issuing Authority; Digital Signature; QR/Verification URI; Status,Proposed canonical concept; local Act/Rules prevail,Digitally signed PDF + QR; VC/JSON-LD where appropriate,Medium,Cross-state normalization using official ServicePlus/state service catalogues
IND-AGR-035,Aquaculture Farm Registration,"Agriculture, Rural Development & Fisheries",Registration,Normalized service for recording “Aquaculture Farm Registration” in the competent government register and issuing an acknowledgement or registration credential where applicable.,Agriculture / Horticulture / Fisheries / Animal Husbandry / Revenue Department,Dynamic record / current-state,Applicant Name; DOB/Entity Date; Address; Jurisdiction; Application ID; Issue Date; Issuing Authority; Digital Signature; QR/Verification URI; Status,Proposed canonical concept; local Act/Rules prevail,Digitally signed PDF + QR; VC/JSON-LD where appropriate,Medium,Cross-state normalization using official ServicePlus/state service catalogues
IND-FRC-001,New Ration Card,"Food, Ration & Consumer Services",Identity / Entitlement Card,Normalized service to issue or maintain the official identity/entitlement credential represented by “New Ration Card”.,Food & Civil Supplies / Consumer Affairs / Legal Metrology,Dynamic record / current-state,Applicant Name; DOB/Entity Date; Address; Jurisdiction; Application ID; Issue Date; Issuing Authority; Digital Signature; QR/Verification URI; Status,Proposed canonical concept; local Act/Rules prevail,Digitally signed PDF + QR; VC/JSON-LD where appropriate,High,Cross-state normalization using official ServicePlus/state service catalogues
IND-FRC-002,Priority Household / NFSA Ration Card,"Food, Ration & Consumer Services",Identity / Entitlement Card,Normalized service to issue or maintain the official identity/entitlement credential represented by “Priority Household / NFSA Ration Card”.,Food & Civil Supplies / Consumer Affairs / Legal Metrology,Dynamic record / current-state,Applicant Name; DOB/Entity Date; Address; Jurisdiction; Application ID; Issue Date; Issuing Authority; Digital Signature; QR/Verification URI; Status,Proposed canonical concept; local Act/Rules prevail,Digitally signed PDF + QR; VC/JSON-LD where appropriate,High,Cross-state normalization using official ServicePlus/state service catalogues
IND-FRC-003,Antyodaya Anna Yojana Ration Card,"Food, Ration & Consumer Services",Identity / Entitlement Card,Normalized service to issue or maintain the official identity/entitlement credential represented by “Antyodaya Anna Yojana Ration Card”.,Food & Civil Supplies / Consumer Affairs / Legal Metrology,Dynamic record / current-state,Applicant Name; DOB/Entity Date; Address; Jurisdiction; Application ID; Issue Date; Issuing Authority; Digital Signature; QR/Verification URI; Status,Proposed canonical concept; local Act/Rules prevail,Digitally signed PDF + QR; VC/JSON-LD where appropriate,High,Cross-state normalization using official ServicePlus/state service catalogues
IND-FRC-004,APL / General Ration Card,"Food, Ration & Consumer Services",Identity / Entitlement Card,Normalized service to issue or maintain the official identity/entitlement credential represented by “APL / General Ration Card”.,Food & Civil Supplies / Consumer Affairs / Legal Metrology,Dynamic record / current-state,Applicant Name; DOB/Entity Date; Address; Jurisdiction; Application ID; Issue Date; Issuing Authority; Digital Signature; QR/Verification URI; Status,Proposed canonical concept; local Act/Rules prevail,Digitally signed PDF + QR; VC/JSON-LD where appropriate,High,Cross-state normalization using official ServicePlus/state service catalogues
IND-FRC-005,BPL Ration Card,"Food, Ration & Consumer Services",Identity / Entitlement Card,Normalized service to issue or maintain the official identity/entitlement credential represented by “BPL Ration Card”.,Food & Civil Supplies / Consumer Affairs / Legal Metrology,Dynamic record / current-state,Applicant Name; DOB/Entity Date; Address; Jurisdiction; Application ID; Issue Date; Issuing Authority; Digital Signature; QR/Verification URI; Status,Proposed canonical concept; local Act/Rules prevail,Digitally signed PDF + QR; VC/JSON-LD where appropriate,High,Cross-state normalization using official ServicePlus/state service catalogues
IND-FRC-006,Duplicate Ration Card,"Food, Ration & Consumer Services",Identity / Entitlement Card,Normalized service to issue or maintain the official identity/entitlement credential represented by “Duplicate Ration Card”.,Food & Civil Supplies / Consumer Affairs / Legal Metrology,Dynamic record / current-state,Applicant Name; DOB/Entity Date; Address; Jurisdiction; Application ID; Issue Date; Issuing Authority; Digital Signature; QR/Verification URI; Status,Proposed canonical concept; local Act/Rules prevail,Digitally signed PDF + QR; VC/JSON-LD where appropriate,High,Cross-state normalization using official ServicePlus/state service catalogues
IND-FRC-007,Addition of Member in Ration Card,"Food, Ration & Consumer Services",Identity / Entitlement Card,Normalized service to issue or maintain the official identity/entitlement credential represented by “Addition of Member in Ration Card”.,Food & Civil Supplies / Consumer Affairs / Legal Metrology,Dynamic record / current-state,Applicant Name; DOB/Entity Date; Address; Jurisdiction; Application ID; Issue Date; Issuing Authority; Digital Signature; QR/Verification URI; Status,Proposed canonical concept; local Act/Rules prevail,Digitally signed PDF + QR; VC/JSON-LD where appropriate,High,Cross-state normalization using official ServicePlus/state service catalogues
IND-FRC-008,Deletion of Member from Ration Card,"Food, Ration & Consumer Services",Identity / Entitlement Card,Normalized service to issue or maintain the official identity/entitlement credential represented by “Deletion of Member from Ration Card”.,Food & Civil Supplies / Consumer Affairs / Legal Metrology,Dynamic record / current-state,Applicant Name; DOB/Entity Date; Address; Jurisdiction; Application ID; Issue Date; Issuing Authority; Digital Signature; QR/Verification URI; Status,Proposed canonical concept; local Act/Rules prevail,Digitally signed PDF + QR; VC/JSON-LD where appropriate,High,Cross-state normalization using official ServicePlus/state service catalogues
IND-FRC-009,Change / Correction in Ration Card,"Food, Ration & Consumer Services",Identity / Entitlement Card,Normalized service to issue or maintain the official identity/entitlement credential represented by “Change / Correction in Ration Card”.,Food & Civil Supplies / Consumer Affairs / Legal Metrology,Dynamic record / current-state,Applicant Name; DOB/Entity Date; Address; Jurisdiction; Application ID; Issue Date; Issuing Authority; Digital Signature; QR/Verification URI; Status,Proposed canonical concept; local Act/Rules prevail,Digitally signed PDF + QR; VC/JSON-LD where appropriate,High,Cross-state normalization using official ServicePlus/state service catalogues
IND-FRC-010,Head of Family Change in Ration Card,"Food, Ration & Consumer Services",Identity / Entitlement Card,Normalized service to issue or maintain the official identity/entitlement credential represented by “Head of Family Change in Ration Card”.,Food & Civil Supplies / Consumer Affairs / Legal Metrology,Dynamic record / current-state,Applicant Name; DOB/Entity Date; Address; Jurisdiction; Application ID; Issue Date; Issuing Authority; Digital Signature; QR/Verification URI; Status,Proposed canonical concept; local Act/Rules prevail,Digitally signed PDF + QR; VC/JSON-LD where appropriate,High,Cross-state normalization using official ServicePlus/state service catalogues
IND-FRC-011,Separate / Split Ration Card,"Food, Ration & Consumer Services",Identity / Entitlement Card,Normalized service to issue or maintain the official identity/entitlement credential represented by “Separate / Split Ration Card”.,Food & Civil Supplies / Consumer Affairs / Legal Metrology,Dynamic record / current-state,Applicant Name; DOB/Entity Date; Address; Jurisdiction; Application ID; Issue Date; Issuing Authority; Digital Signature; QR/Verification URI; Status,Proposed canonical concept; local Act/Rules prevail,Digitally signed PDF + QR; VC/JSON-LD where appropriate,High,Cross-state normalization using official ServicePlus/state service catalogues
IND-FRC-012,Transfer / Portability of Ration Card,"Food, Ration & Consumer Services",Identity / Entitlement Card,Normalized service to issue or maintain the official identity/entitlement credential represented by “Transfer / Portability of Ration Card”.,Food & Civil Supplies / Consumer Affairs / Legal Metrology,Dynamic record / current-state,Applicant Name; DOB/Entity Date; Address; Jurisdiction; Application ID; Issue Date; Issuing Authority; Digital Signature; QR/Verification URI; Status,Proposed canonical concept; local Act/Rules prevail,Digitally signed PDF + QR; VC/JSON-LD where appropriate,High,Cross-state normalization using official ServicePlus/state service catalogues
IND-FRC-013,Surrender / Cancellation of Ration Card,"Food, Ration & Consumer Services",Identity / Entitlement Card,Normalized service to issue or maintain the official identity/entitlement credential represented by “Surrender / Cancellation of Ration Card”.,Food & Civil Supplies / Consumer Affairs / Legal Metrology,Dynamic record / current-state,Applicant Name; DOB/Entity Date; Address; Jurisdiction; Application ID; Issue Date; Issuing Authority; Digital Signature; QR/Verification URI; Status,Proposed canonical concept; local Act/Rules prevail,Digitally signed PDF + QR; VC/JSON-LD where appropriate,High,Cross-state normalization using official ServicePlus/state service catalogues
IND-FRC-014,Fair Price Shop Licence,"Food, Ration & Consumer Services",Licence,"Normalized regulatory service authorizing the activity represented by “Fair Price Shop Licence”, subject to local eligibility, inspection, fee, conditions and renewal rules.",Food & Civil Supplies / Consumer Affairs / Legal Metrology,Time-bound / renewable / purpose-specific,Applicant Name; DOB/Entity Date; Address; Jurisdiction; Application ID; Issue Date; Issuing Authority; Digital Signature; QR/Verification URI; Status; Valid From; Valid Until; Conditions,Proposed canonical concept; local Act/Rules prevail,Digitally signed PDF + QR; VC/JSON-LD where appropriate,High,Cross-state normalization using official ServicePlus/state service catalogues
IND-FRC-015,Fair Price Shop Licence Renewal,"Food, Ration & Consumer Services",Licence,"Normalized regulatory service authorizing the activity represented by “Fair Price Shop Licence Renewal”, subject to local eligibility, inspection, fee, conditions and renewal rules.",Food & Civil Supplies / Consumer Affairs / Legal Metrology,Time-bound / renewable / purpose-specific,Applicant Name; DOB/Entity Date; Address; Jurisdiction; Application ID; Issue Date; Issuing Authority; Digital Signature; QR/Verification URI; Status; Valid From; Valid Until; Conditions,Proposed canonical concept; local Act/Rules prevail,Digitally signed PDF + QR; VC/JSON-LD where appropriate,High,Cross-state normalization using official ServicePlus/state service catalogues
IND-FRC-016,Food Grain Entitlement Certificate,"Food, Ration & Consumer Services",Certificate,"Normalized credential asserting the fact, status or qualification represented by “Food Grain Entitlement Certificate”. Eligibility, evidence, validity and legal effect remain jurisdiction-specific.",Food & Civil Supplies / Consumer Affairs / Legal Metrology,Rule-dependent,Applicant Name; DOB/Entity Date; Address; Jurisdiction; Application ID; Issue Date; Issuing Authority; Digital Signature; QR/Verification URI; Status,Proposed canonical concept; local Act/Rules prevail,Digitally signed PDF + QR; VC/JSON-LD where appropriate,High,Cross-state normalization using official ServicePlus/state service catalogues
IND-FRC-017,Consumer Complaint Registration,"Food, Ration & Consumer Services",Registration,Normalized service for recording “Consumer Complaint Registration” in the competent government register and issuing an acknowledgement or registration credential where applicable.,Food & Civil Supplies / Consumer Affairs / Legal Metrology,Dynamic record / current-state,Applicant Name; DOB/Entity Date; Address; Jurisdiction; Application ID; Issue Date; Issuing Authority; Digital Signature; QR/Verification URI; Status,Proposed canonical concept; local Act/Rules prevail,Digitally signed PDF + QR; VC/JSON-LD where appropriate,Medium,Cross-state normalization using official ServicePlus/state service catalogues
IND-FRC-018,Legal Metrology Verification / Stamping Service,"Food, Ration & Consumer Services",Verification / Assessment,Normalized service to verify or assess the facts represented by “Legal Metrology Verification / Stamping Service” and record the competent authority’s result.,Food & Civil Supplies / Consumer Affairs / Legal Metrology,Rule-dependent,Applicant Name; DOB/Entity Date; Address; Jurisdiction; Application ID; Issue Date; Issuing Authority; Digital Signature; QR/Verification URI; Status,Proposed canonical concept; local Act/Rules prevail,Digitally signed PDF + QR; VC/JSON-LD where appropriate,Medium,Cross-state normalization using official ServicePlus/state service catalogues
IND-FRC-019,Weights and Measures Dealer / Repairer Licence,"Food, Ration & Consumer Services",Licence,"Normalized regulatory service authorizing the activity represented by “Weights and Measures Dealer / Repairer Licence”, subject to local eligibility, inspection, fee, conditions and renewal rules.",Food & Civil Supplies / Consumer Affairs / Legal Metrology,Time-bound / renewable / purpose-specific,Applicant Name; DOB/Entity Date; Address; Jurisdiction; Application ID; Issue Date; Issuing Authority; Digital Signature; QR/Verification URI; Status; Valid From; Valid Until; Conditions,Proposed canonical concept; local Act/Rules prevail,Digitally signed PDF + QR; VC/JSON-LD where appropriate,High,Cross-state normalization using official ServicePlus/state service catalogues
IND-FRC-020,Essential Commodity Dealer Licence,"Food, Ration & Consumer Services",Licence,"Normalized regulatory service authorizing the activity represented by “Essential Commodity Dealer Licence”, subject to local eligibility, inspection, fee, conditions and renewal rules.",Food & Civil Supplies / Consumer Affairs / Legal Metrology,Time-bound / renewable / purpose-specific,Applicant Name; DOB/Entity Date; Address; Jurisdiction; Application ID; Issue Date; Issuing Authority; Digital Signature; QR/Verification URI; Status; Valid From; Valid Until; Conditions,Proposed canonical concept; local Act/Rules prevail,Digitally signed PDF + QR; VC/JSON-LD where appropriate,High,Cross-state normalization using official ServicePlus/state service catalogues
IND-SWB-001,Old Age Pension,"Social Welfare, Pension & Citizen Benefits",Benefit / Entitlement,"Normalized service for determining, sanctioning or maintaining citizen entitlement under “Old Age Pension”, subject to the applicable scheme and eligibility rules.",Social Welfare / Women & Child Development / Disability / Tribal / Minority Department,Time-bound / renewable / purpose-specific,Applicant Name; DOB/Entity Date; Address; Jurisdiction; Application ID; Issue Date; Issuing Authority; Digital Signature; QR/Verification URI; Status; Family/Household ID; Annual Income; Assessment Period,Proposed canonical concept; local Act/Rules prevail,Digitally signed PDF + QR; VC/JSON-LD where appropriate,Medium,Cross-state normalization using official ServicePlus/state service catalogues
IND-SWB-002,Widow Pension,"Social Welfare, Pension & Citizen Benefits",Benefit / Entitlement,"Normalized service for determining, sanctioning or maintaining citizen entitlement under “Widow Pension”, subject to the applicable scheme and eligibility rules.",Social Welfare / Women & Child Development / Disability / Tribal / Minority Department,Time-bound / renewable / purpose-specific,Applicant Name; DOB/Entity Date; Address; Jurisdiction; Application ID; Issue Date; Issuing Authority; Digital Signature; QR/Verification URI; Status; Family/Household ID; Annual Income; Assessment Period,Proposed canonical concept; local Act/Rules prevail,Digitally signed PDF + QR; VC/JSON-LD where appropriate,Medium,Cross-state normalization using official ServicePlus/state service catalogues
IND-SWB-003,Disability Pension,"Social Welfare, Pension & Citizen Benefits",Benefit / Entitlement,"Normalized service for determining, sanctioning or maintaining citizen entitlement under “Disability Pension”, subject to the applicable scheme and eligibility rules.",Social Welfare / Women & Child Development / Disability / Tribal / Minority Department,Time-bound / renewable / purpose-specific,Applicant Name; DOB/Entity Date; Address; Jurisdiction; Application ID; Issue Date; Issuing Authority; Digital Signature; QR/Verification URI; Status; Family/Household ID; Annual Income; Assessment Period,Proposed canonical concept; local Act/Rules prevail,Digitally signed PDF + QR; VC/JSON-LD where appropriate,Medium,Cross-state normalization using official ServicePlus/state service catalogues
IND-SWB-004,Destitute / Women in Distress Pension,"Social Welfare, Pension & Citizen Benefits",Benefit / Entitlement,"Normalized service for determining, sanctioning or maintaining citizen entitlement under “Destitute / Women in Distress Pension”, subject to the applicable scheme and eligibility rules.",Social Welfare / Women & Child Development / Disability / Tribal / Minority Department,Time-bound / renewable / purpose-specific,Applicant Name; DOB/Entity Date; Address; Jurisdiction; Application ID; Issue Date; Issuing Authority; Digital Signature; QR/Verification URI; Status; Family/Household ID; Annual Income; Assessment Period,Proposed canonical concept; local Act/Rules prevail,Digitally signed PDF + QR; VC/JSON-LD where appropriate,Medium,Cross-state normalization using official ServicePlus/state service catalogues
IND-SWB-005,Dependent Children Pension,"Social Welfare, Pension & Citizen Benefits",Benefit / Entitlement,"Normalized service for determining, sanctioning or maintaining citizen entitlement under “Dependent Children Pension”, subject to the applicable scheme and eligibility rules.",Social Welfare / Women & Child Development / Disability / Tribal / Minority Department,Time-bound / renewable / purpose-specific,Applicant Name; DOB/Entity Date; Address; Jurisdiction; Application ID; Issue Date; Issuing Authority; Digital Signature; QR/Verification URI; Status; Family/Household ID; Annual Income; Assessment Period,Proposed canonical concept; local Act/Rules prevail,Digitally signed PDF + QR; VC/JSON-LD where appropriate,Medium,Cross-state normalization using official ServicePlus/state service catalogues
IND-SWB-006,National Family Benefit Scheme,"Social Welfare, Pension & Citizen Benefits",Benefit / Entitlement,"Normalized service for determining, sanctioning or maintaining citizen entitlement under “National Family Benefit Scheme”, subject to the applicable scheme and eligibility rules.",Social Welfare / Women & Child Development / Disability / Tribal / Minority Department,Time-bound / renewable / purpose-specific,Applicant Name; DOB/Entity Date; Address; Jurisdiction; Application ID; Issue Date; Issuing Authority; Digital Signature; QR/Verification URI; Status; Family/Household ID; Annual Income; Assessment Period,Proposed canonical concept; local Act/Rules prevail,Digitally signed PDF + QR; VC/JSON-LD where appropriate,Medium,Cross-state normalization using official ServicePlus/state service catalogues
IND-SWB-007,Senior Citizen Certificate,"Social Welfare, Pension & Citizen Benefits",Certificate,Certifies senior-citizen status for the purposes and age threshold specified by the jurisdiction.,Social Welfare / Women & Child Development / Disability / Tribal / Minority Department,Rule-dependent,Applicant Name; DOB/Entity Date; Address; Jurisdiction; Application ID; Issue Date; Issuing Authority; Digital Signature; QR/Verification URI; Status,Proposed canonical concept; local Act/Rules prevail,Digitally signed PDF + QR; VC/JSON-LD where appropriate,High,Cross-state normalization using official ServicePlus/state service catalogues
IND-SWB-008,Senior Citizen Identity Card,"Social Welfare, Pension & Citizen Benefits",Identity / Entitlement Card,Normalized service to issue or maintain the official identity/entitlement credential represented by “Senior Citizen Identity Card”.,Social Welfare / Women & Child Development / Disability / Tribal / Minority Department,Rule-dependent,Applicant Name; DOB/Entity Date; Address; Jurisdiction; Application ID; Issue Date; Issuing Authority; Digital Signature; QR/Verification URI; Status,Proposed canonical concept; local Act/Rules prevail,Digitally signed PDF + QR; VC/JSON-LD where appropriate,High,Cross-state normalization using official ServicePlus/state service catalogues
IND-SWB-009,Disability Identity Card / UDID-linked Service,"Social Welfare, Pension & Citizen Benefits",Identity / Entitlement Card,Normalized service to issue or maintain the official identity/entitlement credential represented by “Disability Identity Card / UDID-linked Service”.,Social Welfare / Women & Child Development / Disability / Tribal / Minority Department,Rule-dependent,Applicant Name; DOB/Entity Date; Address; Jurisdiction; Application ID; Issue Date; Issuing Authority; Digital Signature; QR/Verification URI; Status,Proposed canonical concept; local Act/Rules prevail,Digitally signed PDF + QR; VC/JSON-LD where appropriate,High,Cross-state normalization using official ServicePlus/state service catalogues
IND-SWB-010,Caregiver / Guardian Benefit Eligibility,"Social Welfare, Pension & Citizen Benefits",Benefit / Entitlement,"Normalized service for determining, sanctioning or maintaining citizen entitlement under “Caregiver / Guardian Benefit Eligibility”, subject to the applicable scheme and eligibility rules.",Social Welfare / Women & Child Development / Disability / Tribal / Minority Department,Time-bound / renewable / purpose-specific,Applicant Name; DOB/Entity Date; Address; Jurisdiction; Application ID; Issue Date; Issuing Authority; Digital Signature; QR/Verification URI; Status; Family/Household ID; Annual Income; Assessment Period,Proposed canonical concept; local Act/Rules prevail,Digitally signed PDF + QR; VC/JSON-LD where appropriate,Medium,Cross-state normalization using official ServicePlus/state service catalogues
IND-SWB-011,Transgender Welfare Registration,"Social Welfare, Pension & Citizen Benefits",Registration,Normalized service for recording “Transgender Welfare Registration” in the competent government register and issuing an acknowledgement or registration credential where applicable.,Social Welfare / Women & Child Development / Disability / Tribal / Minority Department,Dynamic record / current-state,Applicant Name; DOB/Entity Date; Address; Jurisdiction; Application ID; Issue Date; Issuing Authority; Digital Signature; QR/Verification URI; Status,Proposed canonical concept; local Act/Rules prevail,Digitally signed PDF + QR; VC/JSON-LD where appropriate,Medium,Cross-state normalization using official ServicePlus/state service catalogues
IND-SWB-012,SC Welfare Benefit Eligibility,"Social Welfare, Pension & Citizen Benefits",Benefit / Entitlement,"Normalized service for determining, sanctioning or maintaining citizen entitlement under “SC Welfare Benefit Eligibility”, subject to the applicable scheme and eligibility rules.",Social Welfare / Women & Child Development / Disability / Tribal / Minority Department,Time-bound / renewable / purpose-specific,Applicant Name; DOB/Entity Date; Address; Jurisdiction; Application ID; Issue Date; Issuing Authority; Digital Signature; QR/Verification URI; Status; Family/Household ID; Annual Income; Assessment Period,Proposed canonical concept; local Act/Rules prevail,Digitally signed PDF + QR; VC/JSON-LD where appropriate,Medium,Cross-state normalization using official ServicePlus/state service catalogues
IND-SWB-013,ST Welfare Benefit Eligibility,"Social Welfare, Pension & Citizen Benefits",Benefit / Entitlement,"Normalized service for determining, sanctioning or maintaining citizen entitlement under “ST Welfare Benefit Eligibility”, subject to the applicable scheme and eligibility rules.",Social Welfare / Women & Child Development / Disability / Tribal / Minority Department,Time-bound / renewable / purpose-specific,Applicant Name; DOB/Entity Date; Address; Jurisdiction; Application ID; Issue Date; Issuing Authority; Digital Signature; QR/Verification URI; Status; Family/Household ID; Annual Income; Assessment Period,Proposed canonical concept; local Act/Rules prevail,Digitally signed PDF + QR; VC/JSON-LD where appropriate,Medium,Cross-state normalization using official ServicePlus/state service catalogues
IND-SWB-014,OBC / BC Welfare Benefit Eligibility,"Social Welfare, Pension & Citizen Benefits",Benefit / Entitlement,"Normalized service for determining, sanctioning or maintaining citizen entitlement under “OBC / BC Welfare Benefit Eligibility”, subject to the applicable scheme and eligibility rules.",Social Welfare / Women & Child Development / Disability / Tribal / Minority Department,Time-bound / renewable / purpose-specific,Applicant Name; DOB/Entity Date; Address; Jurisdiction; Application ID; Issue Date; Issuing Authority; Digital Signature; QR/Verification URI; Status; Family/Household ID; Annual Income; Assessment Period; Community/Category; Category List/Order Reference,Proposed canonical concept; local Act/Rules prevail,Digitally signed PDF + QR; VC/JSON-LD where appropriate,Medium,Cross-state normalization using official ServicePlus/state service catalogues
IND-SWB-015,Minority Welfare Benefit Eligibility,"Social Welfare, Pension & Citizen Benefits",Benefit / Entitlement,"Normalized service for determining, sanctioning or maintaining citizen entitlement under “Minority Welfare Benefit Eligibility”, subject to the applicable scheme and eligibility rules.",Social Welfare / Women & Child Development / Disability / Tribal / Minority Department,Time-bound / renewable / purpose-specific,Applicant Name; DOB/Entity Date; Address; Jurisdiction; Application ID; Issue Date; Issuing Authority; Digital Signature; QR/Verification URI; Status; Family/Household ID; Annual Income; Assessment Period; Community/Category; Category List/Order Reference,Proposed canonical concept; local Act/Rules prevail,Digitally signed PDF + QR; VC/JSON-LD where appropriate,Medium,Cross-state normalization using official ServicePlus/state service catalogues
IND-SWB-016,EWS Welfare Benefit Eligibility,"Social Welfare, Pension & Citizen Benefits",Benefit / Entitlement,"Normalized service for determining, sanctioning or maintaining citizen entitlement under “EWS Welfare Benefit Eligibility”, subject to the applicable scheme and eligibility rules.",Social Welfare / Women & Child Development / Disability / Tribal / Minority Department,Time-bound / renewable / purpose-specific,Applicant Name; DOB/Entity Date; Address; Jurisdiction; Application ID; Issue Date; Issuing Authority; Digital Signature; QR/Verification URI; Status; Family/Household ID; Annual Income; Assessment Period,Proposed canonical concept; local Act/Rules prevail,Digitally signed PDF + QR; VC/JSON-LD where appropriate,Medium,Cross-state normalization using official ServicePlus/state service catalogues
IND-SWB-017,Scholarship Eligibility - Social Welfare,"Social Welfare, Pension & Citizen Benefits",Citizen Service,"Normalized government-to-citizen service concept for “Scholarship Eligibility - Social Welfare”; the local jurisdiction retains the authoritative legal definition, workflow and service conditions.",Social Welfare / Women & Child Development / Disability / Tribal / Minority Department,Rule-dependent,Applicant Name; DOB/Entity Date; Address; Jurisdiction; Application ID; Issue Date; Issuing Authority; Digital Signature; QR/Verification URI; Status; Family/Household ID; Annual Income; Assessment Period,Proposed canonical concept; local Act/Rules prevail,Digitally signed PDF + QR; VC/JSON-LD where appropriate,Medium,Cross-state normalization using official ServicePlus/state service catalogues
IND-SWB-018,Marriage Assistance Benefit,"Social Welfare, Pension & Citizen Benefits",Benefit / Entitlement,"Normalized service for determining, sanctioning or maintaining citizen entitlement under “Marriage Assistance Benefit”, subject to the applicable scheme and eligibility rules.",Social Welfare / Women & Child Development / Disability / Tribal / Minority Department,Time-bound / renewable / purpose-specific,Applicant Name; DOB/Entity Date; Address; Jurisdiction; Application ID; Issue Date; Issuing Authority; Digital Signature; QR/Verification URI; Status; Family/Household ID; Annual Income; Assessment Period; Event Date; Event Place; Registration Number,Proposed canonical concept; local Act/Rules prevail,Digitally signed PDF + QR; VC/JSON-LD where appropriate,Medium,Cross-state normalization using official ServicePlus/state service catalogues
IND-SWB-019,Girl Child Benefit Registration,"Social Welfare, Pension & Citizen Benefits",Registration,Normalized service for recording “Girl Child Benefit Registration” in the competent government register and issuing an acknowledgement or registration credential where applicable.,Social Welfare / Women & Child Development / Disability / Tribal / Minority Department,Time-bound / renewable / purpose-specific,Applicant Name; DOB/Entity Date; Address; Jurisdiction; Application ID; Issue Date; Issuing Authority; Digital Signature; QR/Verification URI; Status; Family/Household ID; Annual Income; Assessment Period,Proposed canonical concept; local Act/Rules prevail,Digitally signed PDF + QR; VC/JSON-LD where appropriate,Medium,Cross-state normalization using official ServicePlus/state service catalogues
IND-SWB-020,Maternity Benefit / Assistance,"Social Welfare, Pension & Citizen Benefits",Benefit / Entitlement,"Normalized service for determining, sanctioning or maintaining citizen entitlement under “Maternity Benefit / Assistance”, subject to the applicable scheme and eligibility rules.",Social Welfare / Women & Child Development / Disability / Tribal / Minority Department,Time-bound / renewable / purpose-specific,Applicant Name; DOB/Entity Date; Address; Jurisdiction; Application ID; Issue Date; Issuing Authority; Digital Signature; QR/Verification URI; Status; Family/Household ID; Annual Income; Assessment Period,Proposed canonical concept; local Act/Rules prevail,Digitally signed PDF + QR; VC/JSON-LD where appropriate,Medium,Cross-state normalization using official ServicePlus/state service catalogues
IND-SWB-021,Single Woman Assistance,"Social Welfare, Pension & Citizen Benefits",Benefit / Entitlement,"Normalized service for determining, sanctioning or maintaining citizen entitlement under “Single Woman Assistance”, subject to the applicable scheme and eligibility rules.",Social Welfare / Women & Child Development / Disability / Tribal / Minority Department,Rule-dependent,Applicant Name; DOB/Entity Date; Address; Jurisdiction; Application ID; Issue Date; Issuing Authority; Digital Signature; QR/Verification URI; Status,Proposed canonical concept; local Act/Rules prevail,Digitally signed PDF + QR; VC/JSON-LD where appropriate,Medium,Cross-state normalization using official ServicePlus/state service catalogues
IND-SWB-022,Orphan Assistance,"Social Welfare, Pension & Citizen Benefits",Benefit / Entitlement,"Normalized service for determining, sanctioning or maintaining citizen entitlement under “Orphan Assistance”, subject to the applicable scheme and eligibility rules.",Social Welfare / Women & Child Development / Disability / Tribal / Minority Department,Rule-dependent,Applicant Name; DOB/Entity Date; Address; Jurisdiction; Application ID; Issue Date; Issuing Authority; Digital Signature; QR/Verification URI; Status,Proposed canonical concept; local Act/Rules prevail,Digitally signed PDF + QR; VC/JSON-LD where appropriate,Medium,Cross-state normalization using official ServicePlus/state service catalogues
IND-SWB-023,Funeral / Cremation Assistance,"Social Welfare, Pension & Citizen Benefits",Benefit / Entitlement,"Normalized service for determining, sanctioning or maintaining citizen entitlement under “Funeral / Cremation Assistance”, subject to the applicable scheme and eligibility rules.",Social Welfare / Women & Child Development / Disability / Tribal / Minority Department,Rule-dependent,Applicant Name; DOB/Entity Date; Address; Jurisdiction; Application ID; Issue Date; Issuing Authority; Digital Signature; QR/Verification URI; Status,Proposed canonical concept; local Act/Rules prevail,Digitally signed PDF + QR; VC/JSON-LD where appropriate,Medium,Cross-state normalization using official ServicePlus/state service catalogues
IND-SWB-024,Ex-Gratia Assistance to Family of Deceased,"Social Welfare, Pension & Citizen Benefits",Benefit / Entitlement,"Normalized service for determining, sanctioning or maintaining citizen entitlement under “Ex-Gratia Assistance to Family of Deceased”, subject to the applicable scheme and eligibility rules.",Social Welfare / Women & Child Development / Disability / Tribal / Minority Department,Dynamic record / current-state,Applicant Name; DOB/Entity Date; Address; Jurisdiction; Application ID; Issue Date; Issuing Authority; Digital Signature; QR/Verification URI; Status,Proposed canonical concept; local Act/Rules prevail,Digitally signed PDF + QR; VC/JSON-LD where appropriate,Medium,Cross-state normalization using official ServicePlus/state service catalogues
IND-SWB-025,Social Security Monthly Assistance,"Social Welfare, Pension & Citizen Benefits",Benefit / Entitlement,"Normalized service for determining, sanctioning or maintaining citizen entitlement under “Social Security Monthly Assistance”, subject to the applicable scheme and eligibility rules.",Social Welfare / Women & Child Development / Disability / Tribal / Minority Department,Rule-dependent,Applicant Name; DOB/Entity Date; Address; Jurisdiction; Application ID; Issue Date; Issuing Authority; Digital Signature; QR/Verification URI; Status,Proposed canonical concept; local Act/Rules prevail,Digitally signed PDF + QR; VC/JSON-LD where appropriate,Medium,Cross-state normalization using official ServicePlus/state service catalogues
IND-SWB-026,Destitute Certificate,"Social Welfare, Pension & Citizen Benefits",Certificate,"Normalized credential asserting the fact, status or qualification represented by “Destitute Certificate”. Eligibility, evidence, validity and legal effect remain jurisdiction-specific.",Social Welfare / Women & Child Development / Disability / Tribal / Minority Department,Rule-dependent,Applicant Name; DOB/Entity Date; Address; Jurisdiction; Application ID; Issue Date; Issuing Authority; Digital Signature; QR/Verification URI; Status,Proposed canonical concept; local Act/Rules prevail,Digitally signed PDF + QR; VC/JSON-LD where appropriate,High,Cross-state normalization using official ServicePlus/state service catalogues
IND-SWB-027,Infirm / Incapacitated Person Assistance,"Social Welfare, Pension & Citizen Benefits",Benefit / Entitlement,"Normalized service for determining, sanctioning or maintaining citizen entitlement under “Infirm / Incapacitated Person Assistance”, subject to the applicable scheme and eligibility rules.",Social Welfare / Women & Child Development / Disability / Tribal / Minority Department,Rule-dependent,Applicant Name; DOB/Entity Date; Address; Jurisdiction; Application ID; Issue Date; Issuing Authority; Digital Signature; QR/Verification URI; Status,Proposed canonical concept; local Act/Rules prevail,Digitally signed PDF + QR; VC/JSON-LD where appropriate,Medium,Cross-state normalization using official ServicePlus/state service catalogues
IND-SWB-028,National Social Assistance Programme Enrollment,"Social Welfare, Pension & Citizen Benefits",Registration,Normalized service for recording “National Social Assistance Programme Enrollment” in the competent government register and issuing an acknowledgement or registration credential where applicable.,Social Welfare / Women & Child Development / Disability / Tribal / Minority Department,Rule-dependent,Applicant Name; DOB/Entity Date; Address; Jurisdiction; Application ID; Issue Date; Issuing Authority; Digital Signature; QR/Verification URI; Status,Proposed canonical concept; local Act/Rules prevail,Digitally signed PDF + QR; VC/JSON-LD where appropriate,Medium,Cross-state normalization using official ServicePlus/state service catalogues
IND-SWB-029,Pilgrimage / Senior Citizen Yatra Benefit,"Social Welfare, Pension & Citizen Benefits",Benefit / Entitlement,"Normalized service for determining, sanctioning or maintaining citizen entitlement under “Pilgrimage / Senior Citizen Yatra Benefit”, subject to the applicable scheme and eligibility rules.",Social Welfare / Women & Child Development / Disability / Tribal / Minority Department,Time-bound / renewable / purpose-specific,Applicant Name; DOB/Entity Date; Address; Jurisdiction; Application ID; Issue Date; Issuing Authority; Digital Signature; QR/Verification URI; Status; Family/Household ID; Annual Income; Assessment Period,Proposed canonical concept; local Act/Rules prevail,Digitally signed PDF + QR; VC/JSON-LD where appropriate,Medium,Cross-state normalization using official ServicePlus/state service catalogues
IND-SWB-030,Housing Assistance Eligibility,"Social Welfare, Pension & Citizen Benefits",Benefit / Entitlement,"Normalized service for determining, sanctioning or maintaining citizen entitlement under “Housing Assistance Eligibility”, subject to the applicable scheme and eligibility rules.",Social Welfare / Women & Child Development / Disability / Tribal / Minority Department,Rule-dependent,Applicant Name; DOB/Entity Date; Address; Jurisdiction; Application ID; Issue Date; Issuing Authority; Digital Signature; QR/Verification URI; Status,Proposed canonical concept; local Act/Rules prevail,Digitally signed PDF + QR; VC/JSON-LD where appropriate,Medium,Cross-state normalization using official ServicePlus/state service catalogues
IND-SWB-031,Community Marriage Assistance,"Social Welfare, Pension & Citizen Benefits",Benefit / Entitlement,"Normalized service for determining, sanctioning or maintaining citizen entitlement under “Community Marriage Assistance”, subject to the applicable scheme and eligibility rules.",Social Welfare / Women & Child Development / Disability / Tribal / Minority Department,Rule-dependent,Applicant Name; DOB/Entity Date; Address; Jurisdiction; Application ID; Issue Date; Issuing Authority; Digital Signature; QR/Verification URI; Status; Community/Category; Category List/Order Reference; Event Date; Event Place; Registration Number,Proposed canonical concept; local Act/Rules prevail,Digitally signed PDF + QR; VC/JSON-LD where appropriate,Medium,Cross-state normalization using official ServicePlus/state service catalogues
IND-SWB-032,Inter-Caste Marriage Incentive,"Social Welfare, Pension & Citizen Benefits",Citizen Service,"Normalized government-to-citizen service concept for “Inter-Caste Marriage Incentive”; the local jurisdiction retains the authoritative legal definition, workflow and service conditions.",Social Welfare / Women & Child Development / Disability / Tribal / Minority Department,Long-lived / event-based,Applicant Name; DOB/Entity Date; Address; Jurisdiction; Application ID; Issue Date; Issuing Authority; Digital Signature; QR/Verification URI; Status; Community/Category; Category List/Order Reference; Event Date; Event Place; Registration Number,Proposed canonical concept; local Act/Rules prevail,Digitally signed PDF + QR; VC/JSON-LD where appropriate,Medium,Cross-state normalization using official ServicePlus/state service catalogues
IND-SWB-033,Differently Abled Aids / Appliances Assistance,"Social Welfare, Pension & Citizen Benefits",Benefit / Entitlement,"Normalized service for determining, sanctioning or maintaining citizen entitlement under “Differently Abled Aids / Appliances Assistance”, subject to the applicable scheme and eligibility rules.",Social Welfare / Women & Child Development / Disability / Tribal / Minority Department,Rule-dependent,Applicant Name; DOB/Entity Date; Address; Jurisdiction; Application ID; Issue Date; Issuing Authority; Digital Signature; QR/Verification URI; Status,Proposed canonical concept; local Act/Rules prevail,Digitally signed PDF + QR; VC/JSON-LD where appropriate,Medium,Cross-state normalization using official ServicePlus/state service catalogues
IND-SWB-034,Unemployment Allowance Benefit,"Social Welfare, Pension & Citizen Benefits",Benefit / Entitlement,"Normalized service for determining, sanctioning or maintaining citizen entitlement under “Unemployment Allowance Benefit”, subject to the applicable scheme and eligibility rules.",Social Welfare / Women & Child Development / Disability / Tribal / Minority Department,Time-bound / renewable / purpose-specific,Applicant Name; DOB/Entity Date; Address; Jurisdiction; Application ID; Issue Date; Issuing Authority; Digital Signature; QR/Verification URI; Status; Family/Household ID; Annual Income; Assessment Period,Proposed canonical concept; local Act/Rules prevail,Digitally signed PDF + QR; VC/JSON-LD where appropriate,Medium,Cross-state normalization using official ServicePlus/state service catalogues
IND-SWB-035,Family ID / Social Registry Enrollment,"Social Welfare, Pension & Citizen Benefits",Registration,Normalized service for recording “Family ID / Social Registry Enrollment” in the competent government register and issuing an acknowledgement or registration credential where applicable.,Social Welfare / Women & Child Development / Disability / Tribal / Minority Department,Dynamic record / current-state,Applicant Name; DOB/Entity Date; Address; Jurisdiction; Application ID; Issue Date; Issuing Authority; Digital Signature; QR/Verification URI; Status,Proposed canonical concept; local Act/Rules prevail,Digitally signed PDF + QR; VC/JSON-LD where appropriate,Medium,Cross-state normalization using official ServicePlus/state service catalogues
IND-EDU-001,School Admission Certificate / Enrollment Confirmation,Education & Student Services,Registration,Normalized service for recording “School Admission Certificate / Enrollment Confirmation” in the competent government register and issuing an acknowledgement or registration credential where applicable.,School Board / University / Education Department / Institution,Rule-dependent,Applicant Name; DOB/Entity Date; Address; Jurisdiction; Application ID; Issue Date; Issuing Authority; Digital Signature; QR/Verification URI; Status,Proposed canonical concept; local Act/Rules prevail,Digitally signed PDF + QR; VC/JSON-LD where appropriate,Medium,Cross-state normalization using official ServicePlus/state service catalogues
IND-EDU-002,Bonafide Student Certificate,Education & Student Services,Certificate,"Normalized credential asserting the fact, status or qualification represented by “Bonafide Student Certificate”. Eligibility, evidence, validity and legal effect remain jurisdiction-specific.",School Board / University / Education Department / Institution,Rule-dependent,Applicant Name; DOB/Entity Date; Address; Jurisdiction; Application ID; Issue Date; Issuing Authority; Digital Signature; QR/Verification URI; Status,Proposed canonical concept; local Act/Rules prevail,Digitally signed PDF + QR; VC/JSON-LD where appropriate,High,Cross-state normalization using official ServicePlus/state service catalogues
IND-EDU-003,School Leaving Certificate,Education & Student Services,Certificate,"Normalized credential asserting the fact, status or qualification represented by “School Leaving Certificate”. Eligibility, evidence, validity and legal effect remain jurisdiction-specific.",School Board / University / Education Department / Institution,Rule-dependent,Applicant Name; DOB/Entity Date; Address; Jurisdiction; Application ID; Issue Date; Issuing Authority; Digital Signature; QR/Verification URI; Status,Proposed canonical concept; local Act/Rules prevail,Digitally signed PDF + QR; VC/JSON-LD where appropriate,High,Cross-state normalization using official ServicePlus/state service catalogues
IND-EDU-004,Transfer Certificate,Education & Student Services,Certificate,"Normalized credential asserting the fact, status or qualification represented by “Transfer Certificate”. Eligibility, evidence, validity and legal effect remain jurisdiction-specific.",School Board / University / Education Department / Institution,Rule-dependent,Applicant Name; DOB/Entity Date; Address; Jurisdiction; Application ID; Issue Date; Issuing Authority; Digital Signature; QR/Verification URI; Status,Proposed canonical concept; local Act/Rules prevail,Digitally signed PDF + QR; VC/JSON-LD where appropriate,High,Cross-state normalization using official ServicePlus/state service catalogues
IND-EDU-005,Migration Certificate - School,Education & Student Services,Certificate,"Normalized credential asserting the fact, status or qualification represented by “Migration Certificate - School”. Eligibility, evidence, validity and legal effect remain jurisdiction-specific.",School Board / University / Education Department / Institution,Dynamic record / current-state,Applicant Name; DOB/Entity Date; Address; Jurisdiction; Application ID; Issue Date; Issuing Authority; Digital Signature; QR/Verification URI; Status,Proposed canonical concept; local Act/Rules prevail,Digitally signed PDF + QR; VC/JSON-LD where appropriate,High,Cross-state normalization using official ServicePlus/state service catalogues
IND-EDU-006,Migration Certificate - University,Education & Student Services,Certificate,"Normalized credential asserting the fact, status or qualification represented by “Migration Certificate - University”. Eligibility, evidence, validity and legal effect remain jurisdiction-specific.",School Board / University / Education Department / Institution,Dynamic record / current-state,Applicant Name; DOB/Entity Date; Address; Jurisdiction; Application ID; Issue Date; Issuing Authority; Digital Signature; QR/Verification URI; Status,Proposed canonical concept; local Act/Rules prevail,Digitally signed PDF + QR; VC/JSON-LD where appropriate,High,Cross-state normalization using official ServicePlus/state service catalogues
IND-EDU-007,Character Certificate - Educational Institution,Education & Student Services,Certificate,"Normalized credential asserting the fact, status or qualification represented by “Character Certificate - Educational Institution”. Eligibility, evidence, validity and legal effect remain jurisdiction-specific.",School Board / University / Education Department / Institution,Rule-dependent,Applicant Name; DOB/Entity Date; Address; Jurisdiction; Application ID; Issue Date; Issuing Authority; Digital Signature; QR/Verification URI; Status,Proposed canonical concept; local Act/Rules prevail,Digitally signed PDF + QR; VC/JSON-LD where appropriate,High,Cross-state normalization using official ServicePlus/state service catalogues
IND-EDU-008,Mark Sheet / Statement of Marks,Education & Student Services,Citizen Service,"Normalized government-to-citizen service concept for “Mark Sheet / Statement of Marks”; the local jurisdiction retains the authoritative legal definition, workflow and service conditions.",School Board / University / Education Department / Institution,Rule-dependent,Applicant Name; DOB/Entity Date; Address; Jurisdiction; Application ID; Issue Date; Issuing Authority; Digital Signature; QR/Verification URI; Status,Proposed canonical concept; local Act/Rules prevail,Digitally signed PDF + QR; VC/JSON-LD where appropriate,Medium,Cross-state normalization using official ServicePlus/state service catalogues
IND-EDU-009,Duplicate Mark Sheet,Education & Student Services,Citizen Service,"Normalized government-to-citizen service concept for “Duplicate Mark Sheet”; the local jurisdiction retains the authoritative legal definition, workflow and service conditions.",School Board / University / Education Department / Institution,Rule-dependent,Applicant Name; DOB/Entity Date; Address; Jurisdiction; Application ID; Issue Date; Issuing Authority; Digital Signature; QR/Verification URI; Status,Proposed canonical concept; local Act/Rules prevail,Digitally signed PDF + QR; VC/JSON-LD where appropriate,Medium,Cross-state normalization using official ServicePlus/state service catalogues
IND-EDU-010,Passing Certificate,Education & Student Services,Certificate,"Normalized credential asserting the fact, status or qualification represented by “Passing Certificate”. Eligibility, evidence, validity and legal effect remain jurisdiction-specific.",School Board / University / Education Department / Institution,Rule-dependent,Applicant Name; DOB/Entity Date; Address; Jurisdiction; Application ID; Issue Date; Issuing Authority; Digital Signature; QR/Verification URI; Status,Proposed canonical concept; local Act/Rules prevail,Digitally signed PDF + QR; VC/JSON-LD where appropriate,High,Cross-state normalization using official ServicePlus/state service catalogues
IND-EDU-011,Degree Certificate,Education & Student Services,Certificate,"Normalized credential asserting the fact, status or qualification represented by “Degree Certificate”. Eligibility, evidence, validity and legal effect remain jurisdiction-specific.",School Board / University / Education Department / Institution,Long-lived / event-based,Applicant Name; DOB/Entity Date; Address; Jurisdiction; Application ID; Issue Date; Issuing Authority; Digital Signature; QR/Verification URI; Status,Proposed canonical concept; local Act/Rules prevail,Digitally signed PDF + QR; VC/JSON-LD where appropriate,High,Cross-state normalization using official ServicePlus/state service catalogues
IND-EDU-012,Diploma Certificate,Education & Student Services,Certificate,"Normalized credential asserting the fact, status or qualification represented by “Diploma Certificate”. Eligibility, evidence, validity and legal effect remain jurisdiction-specific.",School Board / University / Education Department / Institution,Rule-dependent,Applicant Name; DOB/Entity Date; Address; Jurisdiction; Application ID; Issue Date; Issuing Authority; Digital Signature; QR/Verification URI; Status,Proposed canonical concept; local Act/Rules prevail,Digitally signed PDF + QR; VC/JSON-LD where appropriate,High,Cross-state normalization using official ServicePlus/state service catalogues
IND-EDU-013,Provisional Degree / Diploma Certificate,Education & Student Services,Certificate,"Normalized credential asserting the fact, status or qualification represented by “Provisional Degree / Diploma Certificate”. Eligibility, evidence, validity and legal effect remain jurisdiction-specific.",School Board / University / Education Department / Institution,Rule-dependent,Applicant Name; DOB/Entity Date; Address; Jurisdiction; Application ID; Issue Date; Issuing Authority; Digital Signature; QR/Verification URI; Status,Proposed canonical concept; local Act/Rules prevail,Digitally signed PDF + QR; VC/JSON-LD where appropriate,High,Cross-state normalization using official ServicePlus/state service catalogues
IND-EDU-014,Transcript / Academic Record,Education & Student Services,Certified Record / Extract,"Normalized service providing an authoritative certified copy, extract or current-state record represented by “Transcript / Academic Record”.",School Board / University / Education Department / Institution,Dynamic record / current-state,Applicant Name; DOB/Entity Date; Address; Jurisdiction; Application ID; Issue Date; Issuing Authority; Digital Signature; QR/Verification URI; Status,Proposed canonical concept; local Act/Rules prevail,Digitally signed PDF + QR; VC/JSON-LD where appropriate,High,Cross-state normalization using official ServicePlus/state service catalogues
IND-EDU-015,Equivalence Certificate,Education & Student Services,Certificate,"Normalized credential asserting the fact, status or qualification represented by “Equivalence Certificate”. Eligibility, evidence, validity and legal effect remain jurisdiction-specific.",School Board / University / Education Department / Institution,Rule-dependent,Applicant Name; DOB/Entity Date; Address; Jurisdiction; Application ID; Issue Date; Issuing Authority; Digital Signature; QR/Verification URI; Status,Proposed canonical concept; local Act/Rules prevail,Digitally signed PDF + QR; VC/JSON-LD where appropriate,High,Cross-state normalization using official ServicePlus/state service catalogues
IND-EDU-016,Eligibility Certificate for Admission,Education & Student Services,Certificate,"Normalized credential asserting the fact, status or qualification represented by “Eligibility Certificate for Admission”. Eligibility, evidence, validity and legal effect remain jurisdiction-specific.",School Board / University / Education Department / Institution,Rule-dependent,Applicant Name; DOB/Entity Date; Address; Jurisdiction; Application ID; Issue Date; Issuing Authority; Digital Signature; QR/Verification URI; Status,Proposed canonical concept; local Act/Rules prevail,Digitally signed PDF + QR; VC/JSON-LD where appropriate,High,Cross-state normalization using official ServicePlus/state service catalogues
IND-EDU-017,First Graduate Certificate,Education & Student Services,Certificate,"Normalized credential asserting the fact, status or qualification represented by “First Graduate Certificate”. Eligibility, evidence, validity and legal effect remain jurisdiction-specific.",School Board / University / Education Department / Institution,Rule-dependent,Applicant Name; DOB/Entity Date; Address; Jurisdiction; Application ID; Issue Date; Issuing Authority; Digital Signature; QR/Verification URI; Status,Proposed canonical concept; local Act/Rules prevail,Digitally signed PDF + QR; VC/JSON-LD where appropriate,High,Cross-state normalization using official ServicePlus/state service catalogues
IND-EDU-018,Gap Certificate,Education & Student Services,Certificate,"Normalized credential asserting the fact, status or qualification represented by “Gap Certificate”. Eligibility, evidence, validity and legal effect remain jurisdiction-specific.",School Board / University / Education Department / Institution,Rule-dependent,Applicant Name; DOB/Entity Date; Address; Jurisdiction; Application ID; Issue Date; Issuing Authority; Digital Signature; QR/Verification URI; Status,Proposed canonical concept; local Act/Rules prevail,Digitally signed PDF + QR; VC/JSON-LD where appropriate,High,Cross-state normalization using official ServicePlus/state service catalogues
IND-EDU-019,Medium of Instruction Certificate,Education & Student Services,Certificate,"Normalized credential asserting the fact, status or qualification represented by “Medium of Instruction Certificate”. Eligibility, evidence, validity and legal effect remain jurisdiction-specific.",School Board / University / Education Department / Institution,Rule-dependent,Applicant Name; DOB/Entity Date; Address; Jurisdiction; Application ID; Issue Date; Issuing Authority; Digital Signature; QR/Verification URI; Status,Proposed canonical concept; local Act/Rules prevail,Digitally signed PDF + QR; VC/JSON-LD where appropriate,High,Cross-state normalization using official ServicePlus/state service catalogues
IND-EDU-020,Course Completion Certificate,Education & Student Services,Certificate,"Normalized credential asserting the fact, status or qualification represented by “Course Completion Certificate”. Eligibility, evidence, validity and legal effect remain jurisdiction-specific.",School Board / University / Education Department / Institution,Rule-dependent,Applicant Name; DOB/Entity Date; Address; Jurisdiction; Application ID; Issue Date; Issuing Authority; Digital Signature; QR/Verification URI; Status,Proposed canonical concept; local Act/Rules prevail,Digitally signed PDF + QR; VC/JSON-LD where appropriate,High,Cross-state normalization using official ServicePlus/state service catalogues
IND-EDU-021,Apprenticeship Completion Certificate,Education & Student Services,Certificate,"Normalized credential asserting the fact, status or qualification represented by “Apprenticeship Completion Certificate”. Eligibility, evidence, validity and legal effect remain jurisdiction-specific.",School Board / University / Education Department / Institution,Rule-dependent,Applicant Name; DOB/Entity Date; Address; Jurisdiction; Application ID; Issue Date; Issuing Authority; Digital Signature; QR/Verification URI; Status,Proposed canonical concept; local Act/Rules prevail,Digitally signed PDF + QR; VC/JSON-LD where appropriate,High,Cross-state normalization using official ServicePlus/state service catalogues
IND-EDU-022,Student Scholarship Application / Sanction,Education & Student Services,Citizen Service,"Normalized government-to-citizen service concept for “Student Scholarship Application / Sanction”; the local jurisdiction retains the authoritative legal definition, workflow and service conditions.",School Board / University / Education Department / Institution,Rule-dependent,Applicant Name; DOB/Entity Date; Address; Jurisdiction; Application ID; Issue Date; Issuing Authority; Digital Signature; QR/Verification URI; Status; Family/Household ID; Annual Income; Assessment Period,Proposed canonical concept; local Act/Rules prevail,Digitally signed PDF + QR; VC/JSON-LD where appropriate,Medium,Cross-state normalization using official ServicePlus/state service catalogues
IND-EDU-023,Fee Reimbursement Eligibility / Sanction,Education & Student Services,Citizen Service,"Normalized government-to-citizen service concept for “Fee Reimbursement Eligibility / Sanction”; the local jurisdiction retains the authoritative legal definition, workflow and service conditions.",School Board / University / Education Department / Institution,Rule-dependent,Applicant Name; DOB/Entity Date; Address; Jurisdiction; Application ID; Issue Date; Issuing Authority; Digital Signature; QR/Verification URI; Status; Family/Household ID; Annual Income; Assessment Period,Proposed canonical concept; local Act/Rules prevail,Digitally signed PDF + QR; VC/JSON-LD where appropriate,Medium,Cross-state normalization using official ServicePlus/state service catalogues
IND-EDU-024,Education Loan Interest Subsidy Eligibility,Education & Student Services,Benefit / Entitlement,"Normalized service for determining, sanctioning or maintaining citizen entitlement under “Education Loan Interest Subsidy Eligibility”, subject to the applicable scheme and eligibility rules.",School Board / University / Education Department / Institution,Rule-dependent,Applicant Name; DOB/Entity Date; Address; Jurisdiction; Application ID; Issue Date; Issuing Authority; Digital Signature; QR/Verification URI; Status,Proposed canonical concept; local Act/Rules prevail,Digitally signed PDF + QR; VC/JSON-LD where appropriate,Medium,Cross-state normalization using official ServicePlus/state service catalogues
IND-EDU-025,Hostel Admission / Residence Certificate,Education & Student Services,Certificate,"Normalized credential asserting the fact, status or qualification represented by “Hostel Admission / Residence Certificate”. Eligibility, evidence, validity and legal effect remain jurisdiction-specific.",School Board / University / Education Department / Institution,Rule-dependent,Applicant Name; DOB/Entity Date; Address; Jurisdiction; Application ID; Issue Date; Issuing Authority; Digital Signature; QR/Verification URI; Status,Proposed canonical concept; local Act/Rules prevail,Digitally signed PDF + QR; VC/JSON-LD where appropriate,High,Cross-state normalization using official ServicePlus/state service catalogues
IND-EDU-026,Student Identity Card,Education & Student Services,Identity / Entitlement Card,Normalized service to issue or maintain the official identity/entitlement credential represented by “Student Identity Card”.,School Board / University / Education Department / Institution,Rule-dependent,Applicant Name; DOB/Entity Date; Address; Jurisdiction; Application ID; Issue Date; Issuing Authority; Digital Signature; QR/Verification URI; Status,Proposed canonical concept; local Act/Rules prevail,Digitally signed PDF + QR; VC/JSON-LD where appropriate,High,Cross-state normalization using official ServicePlus/state service catalogues
IND-EDU-027,Loss of Educational Records Due to Disaster Certificate,Education & Student Services,Certified Record / Extract,"Normalized service providing an authoritative certified copy, extract or current-state record represented by “Loss of Educational Records Due to Disaster Certificate”.",School Board / University / Education Department / Institution,Dynamic record / current-state,Applicant Name; DOB/Entity Date; Address; Jurisdiction; Application ID; Issue Date; Issuing Authority; Digital Signature; QR/Verification URI; Status,Proposed canonical concept; local Act/Rules prevail,Digitally signed PDF + QR; VC/JSON-LD where appropriate,High,Cross-state normalization using official ServicePlus/state service catalogues
IND-EDU-028,Academic Document Verification,Education & Student Services,Verification / Assessment,Normalized service to verify or assess the facts represented by “Academic Document Verification” and record the competent authority’s result.,School Board / University / Education Department / Institution,Rule-dependent,Applicant Name; DOB/Entity Date; Address; Jurisdiction; Application ID; Issue Date; Issuing Authority; Digital Signature; QR/Verification URI; Status,Proposed canonical concept; local Act/Rules prevail,Digitally signed PDF + QR; VC/JSON-LD where appropriate,Medium,Cross-state normalization using official ServicePlus/state service catalogues
IND-EDU-029,Teacher Eligibility / Qualification Certificate,Education & Student Services,Certificate,"Normalized credential asserting the fact, status or qualification represented by “Teacher Eligibility / Qualification Certificate”. Eligibility, evidence, validity and legal effect remain jurisdiction-specific.",School Board / University / Education Department / Institution,Rule-dependent,Applicant Name; DOB/Entity Date; Address; Jurisdiction; Application ID; Issue Date; Issuing Authority; Digital Signature; QR/Verification URI; Status,Proposed canonical concept; local Act/Rules prevail,Digitally signed PDF + QR; VC/JSON-LD where appropriate,High,Cross-state normalization using official ServicePlus/state service catalogues
IND-EDU-030,School / College Bonafide for State Quota,Education & Student Services,Citizen Service,"Normalized government-to-citizen service concept for “School / College Bonafide for State Quota”; the local jurisdiction retains the authoritative legal definition, workflow and service conditions.",School Board / University / Education Department / Institution,Rule-dependent,Applicant Name; DOB/Entity Date; Address; Jurisdiction; Application ID; Issue Date; Issuing Authority; Digital Signature; QR/Verification URI; Status,Proposed canonical concept; local Act/Rules prevail,Digitally signed PDF + QR; VC/JSON-LD where appropriate,Medium,Cross-state normalization using official ServicePlus/state service catalogues
IND-LAB-001,Employment Exchange Registration,"Employment, Labour & Skills",Registration,Normalized service for recording “Employment Exchange Registration” in the competent government register and issuing an acknowledgement or registration credential where applicable.,Labour Department / Employment Department / Skill Department,Dynamic record / current-state,Applicant Name; DOB/Entity Date; Address; Jurisdiction; Application ID; Issue Date; Issuing Authority; Digital Signature; QR/Verification URI; Status,Proposed canonical concept; local Act/Rules prevail,Digitally signed PDF + QR; VC/JSON-LD where appropriate,Medium,Cross-state normalization using official ServicePlus/state service catalogues
IND-LAB-002,Employment Exchange Renewal,"Employment, Labour & Skills",Renewal,"Normalized service to renew or extend an existing approval, registration or licence represented by “Employment Exchange Renewal”.",Labour Department / Employment Department / Skill Department,Dynamic record / current-state,Applicant Name; DOB/Entity Date; Address; Jurisdiction; Application ID; Issue Date; Issuing Authority; Digital Signature; QR/Verification URI; Status,Proposed canonical concept; local Act/Rules prevail,Digitally signed PDF + QR; VC/JSON-LD where appropriate,Medium,Cross-state normalization using official ServicePlus/state service catalogues
IND-LAB-003,Unemployment Certificate,"Employment, Labour & Skills",Certificate,"Normalized credential asserting the fact, status or qualification represented by “Unemployment Certificate”. Eligibility, evidence, validity and legal effect remain jurisdiction-specific.",Labour Department / Employment Department / Skill Department,Dynamic record / current-state,Applicant Name; DOB/Entity Date; Address; Jurisdiction; Application ID; Issue Date; Issuing Authority; Digital Signature; QR/Verification URI; Status,Proposed canonical concept; local Act/Rules prevail,Digitally signed PDF + QR; VC/JSON-LD where appropriate,High,Cross-state normalization using official ServicePlus/state service catalogues
IND-LAB-004,Unemployment Allowance Registration,"Employment, Labour & Skills",Registration,Normalized service for recording “Unemployment Allowance Registration” in the competent government register and issuing an acknowledgement or registration credential where applicable.,Labour Department / Employment Department / Skill Department,Dynamic record / current-state,Applicant Name; DOB/Entity Date; Address; Jurisdiction; Application ID; Issue Date; Issuing Authority; Digital Signature; QR/Verification URI; Status,Proposed canonical concept; local Act/Rules prevail,Digitally signed PDF + QR; VC/JSON-LD where appropriate,Medium,Cross-state normalization using official ServicePlus/state service catalogues
IND-LAB-005,Experience Certificate - Government / Public Service,"Employment, Labour & Skills",Certificate,"Normalized credential asserting the fact, status or qualification represented by “Experience Certificate - Government / Public Service”. Eligibility, evidence, validity and legal effect remain jurisdiction-specific.",Labour Department / Employment Department / Skill Department,Rule-dependent,Applicant Name; DOB/Entity Date; Address; Jurisdiction; Application ID; Issue Date; Issuing Authority; Digital Signature; QR/Verification URI; Status,Proposed canonical concept; local Act/Rules prevail,Digitally signed PDF + QR; VC/JSON-LD where appropriate,High,Cross-state normalization using official ServicePlus/state service catalogues
IND-LAB-006,Service Certificate - Employee,"Employment, Labour & Skills",Certificate,"Normalized credential asserting the fact, status or qualification represented by “Service Certificate - Employee”. Eligibility, evidence, validity and legal effect remain jurisdiction-specific.",Labour Department / Employment Department / Skill Department,Rule-dependent,Applicant Name; DOB/Entity Date; Address; Jurisdiction; Application ID; Issue Date; Issuing Authority; Digital Signature; QR/Verification URI; Status,Proposed canonical concept; local Act/Rules prevail,Digitally signed PDF + QR; VC/JSON-LD where appropriate,High,Cross-state normalization using official ServicePlus/state service catalogues
IND-LAB-007,No Objection Certificate for Employee,"Employment, Labour & Skills",Approval / NOC,"Normalized service recording administrative approval, permission or no-objection for “No Objection Certificate for Employee”, subject to the competent authority’s conditions.",Labour Department / Employment Department / Skill Department,Rule-dependent,Applicant Name; DOB/Entity Date; Address; Jurisdiction; Application ID; Issue Date; Issuing Authority; Digital Signature; QR/Verification URI; Status,Proposed canonical concept; local Act/Rules prevail,Digitally signed PDF + QR; VC/JSON-LD where appropriate,Medium,Cross-state normalization using official ServicePlus/state service catalogues
IND-LAB-008,Employer Registration - Shops and Establishments,"Employment, Labour & Skills",Registration,Normalized service for recording “Employer Registration - Shops and Establishments” in the competent government register and issuing an acknowledgement or registration credential where applicable.,Labour Department / Employment Department / Skill Department,Dynamic record / current-state,Applicant Name; DOB/Entity Date; Address; Jurisdiction; Application ID; Issue Date; Issuing Authority; Digital Signature; QR/Verification URI; Status,Proposed canonical concept; local Act/Rules prevail,Digitally signed PDF + QR; VC/JSON-LD where appropriate,Medium,Cross-state normalization using official ServicePlus/state service catalogues
IND-LAB-009,Shop and Establishment Registration,"Employment, Labour & Skills",Registration,Normalized service for recording “Shop and Establishment Registration” in the competent government register and issuing an acknowledgement or registration credential where applicable.,Labour Department / Employment Department / Skill Department,Dynamic record / current-state,Applicant Name; DOB/Entity Date; Address; Jurisdiction; Application ID; Issue Date; Issuing Authority; Digital Signature; QR/Verification URI; Status,Proposed canonical concept; local Act/Rules prevail,Digitally signed PDF + QR; VC/JSON-LD where appropriate,Medium,Cross-state normalization using official ServicePlus/state service catalogues
IND-LAB-010,Shop and Establishment Renewal,"Employment, Labour & Skills",Renewal,"Normalized service to renew or extend an existing approval, registration or licence represented by “Shop and Establishment Renewal”.",Labour Department / Employment Department / Skill Department,Rule-dependent,Applicant Name; DOB/Entity Date; Address; Jurisdiction; Application ID; Issue Date; Issuing Authority; Digital Signature; QR/Verification URI; Status,Proposed canonical concept; local Act/Rules prevail,Digitally signed PDF + QR; VC/JSON-LD where appropriate,Medium,Cross-state normalization using official ServicePlus/state service catalogues
IND-LAB-011,Contract Labour Principal Employer Registration,"Employment, Labour & Skills",Registration,Normalized service for recording “Contract Labour Principal Employer Registration” in the competent government register and issuing an acknowledgement or registration credential where applicable.,Labour Department / Employment Department / Skill Department,Dynamic record / current-state,Applicant Name; DOB/Entity Date; Address; Jurisdiction; Application ID; Issue Date; Issuing Authority; Digital Signature; QR/Verification URI; Status,Proposed canonical concept; local Act/Rules prevail,Digitally signed PDF + QR; VC/JSON-LD where appropriate,Medium,Cross-state normalization using official ServicePlus/state service catalogues
IND-LAB-012,Contract Labour Licence,"Employment, Labour & Skills",Licence,"Normalized regulatory service authorizing the activity represented by “Contract Labour Licence”, subject to local eligibility, inspection, fee, conditions and renewal rules.",Labour Department / Employment Department / Skill Department,Time-bound / renewable / purpose-specific,Applicant Name; DOB/Entity Date; Address; Jurisdiction; Application ID; Issue Date; Issuing Authority; Digital Signature; QR/Verification URI; Status; Valid From; Valid Until; Conditions,Proposed canonical concept; local Act/Rules prevail,Digitally signed PDF + QR; VC/JSON-LD where appropriate,High,Cross-state normalization using official ServicePlus/state service catalogues
IND-LAB-013,Contract Labour Licence Renewal,"Employment, Labour & Skills",Licence,"Normalized regulatory service authorizing the activity represented by “Contract Labour Licence Renewal”, subject to local eligibility, inspection, fee, conditions and renewal rules.",Labour Department / Employment Department / Skill Department,Time-bound / renewable / purpose-specific,Applicant Name; DOB/Entity Date; Address; Jurisdiction; Application ID; Issue Date; Issuing Authority; Digital Signature; QR/Verification URI; Status; Valid From; Valid Until; Conditions,Proposed canonical concept; local Act/Rules prevail,Digitally signed PDF + QR; VC/JSON-LD where appropriate,High,Cross-state normalization using official ServicePlus/state service catalogues
IND-LAB-014,Building and Other Construction Worker Registration,"Employment, Labour & Skills",Registration,Normalized service for recording “Building and Other Construction Worker Registration” in the competent government register and issuing an acknowledgement or registration credential where applicable.,Labour Department / Employment Department / Skill Department,Dynamic record / current-state,Applicant Name; DOB/Entity Date; Address; Jurisdiction; Application ID; Issue Date; Issuing Authority; Digital Signature; QR/Verification URI; Status,Proposed canonical concept; local Act/Rules prevail,Digitally signed PDF + QR; VC/JSON-LD where appropriate,Medium,Cross-state normalization using official ServicePlus/state service catalogues
IND-LAB-015,Unorganised Worker Registration,"Employment, Labour & Skills",Registration,Normalized service for recording “Unorganised Worker Registration” in the competent government register and issuing an acknowledgement or registration credential where applicable.,Labour Department / Employment Department / Skill Department,Dynamic record / current-state,Applicant Name; DOB/Entity Date; Address; Jurisdiction; Application ID; Issue Date; Issuing Authority; Digital Signature; QR/Verification URI; Status,Proposed canonical concept; local Act/Rules prevail,Digitally signed PDF + QR; VC/JSON-LD where appropriate,Medium,Cross-state normalization using official ServicePlus/state service catalogues
IND-LAB-016,Migrant Worker Registration,"Employment, Labour & Skills",Registration,Normalized service for recording “Migrant Worker Registration” in the competent government register and issuing an acknowledgement or registration credential where applicable.,Labour Department / Employment Department / Skill Department,Dynamic record / current-state,Applicant Name; DOB/Entity Date; Address; Jurisdiction; Application ID; Issue Date; Issuing Authority; Digital Signature; QR/Verification URI; Status,Proposed canonical concept; local Act/Rules prevail,Digitally signed PDF + QR; VC/JSON-LD where appropriate,Medium,Cross-state normalization using official ServicePlus/state service catalogues
IND-LAB-017,Motor Transport Worker Establishment Registration,"Employment, Labour & Skills",Registration,Normalized service for recording “Motor Transport Worker Establishment Registration” in the competent government register and issuing an acknowledgement or registration credential where applicable.,Labour Department / Employment Department / Skill Department,Dynamic record / current-state,Applicant Name; DOB/Entity Date; Address; Jurisdiction; Application ID; Issue Date; Issuing Authority; Digital Signature; QR/Verification URI; Status,Proposed canonical concept; local Act/Rules prevail,Digitally signed PDF + QR; VC/JSON-LD where appropriate,Medium,Cross-state normalization using official ServicePlus/state service catalogues
IND-LAB-018,Beedi and Cigar Establishment Licence,"Employment, Labour & Skills",Licence,"Normalized regulatory service authorizing the activity represented by “Beedi and Cigar Establishment Licence”, subject to local eligibility, inspection, fee, conditions and renewal rules.",Labour Department / Employment Department / Skill Department,Time-bound / renewable / purpose-specific,Applicant Name; DOB/Entity Date; Address; Jurisdiction; Application ID; Issue Date; Issuing Authority; Digital Signature; QR/Verification URI; Status; Valid From; Valid Until; Conditions,Proposed canonical concept; local Act/Rules prevail,Digitally signed PDF + QR; VC/JSON-LD where appropriate,High,Cross-state normalization using official ServicePlus/state service catalogues
IND-LAB-019,Factory Registration / Licence,"Employment, Labour & Skills",Licence,"Normalized regulatory service authorizing the activity represented by “Factory Registration / Licence”, subject to local eligibility, inspection, fee, conditions and renewal rules.",Labour Department / Employment Department / Skill Department,Time-bound / renewable / purpose-specific,Applicant Name; DOB/Entity Date; Address; Jurisdiction; Application ID; Issue Date; Issuing Authority; Digital Signature; QR/Verification URI; Status; Valid From; Valid Until; Conditions,Proposed canonical concept; local Act/Rules prevail,Digitally signed PDF + QR; VC/JSON-LD where appropriate,High,Cross-state normalization using official ServicePlus/state service catalogues
IND-LAB-020,Factory Licence Renewal,"Employment, Labour & Skills",Licence,"Normalized regulatory service authorizing the activity represented by “Factory Licence Renewal”, subject to local eligibility, inspection, fee, conditions and renewal rules.",Labour Department / Employment Department / Skill Department,Time-bound / renewable / purpose-specific,Applicant Name; DOB/Entity Date; Address; Jurisdiction; Application ID; Issue Date; Issuing Authority; Digital Signature; QR/Verification URI; Status; Valid From; Valid Until; Conditions,Proposed canonical concept; local Act/Rules prevail,Digitally signed PDF + QR; VC/JSON-LD where appropriate,High,Cross-state normalization using official ServicePlus/state service catalogues
IND-LAB-021,Boiler Operator / Welder Competency Certificate,"Employment, Labour & Skills",Certificate,"Normalized credential asserting the fact, status or qualification represented by “Boiler Operator / Welder Competency Certificate”. Eligibility, evidence, validity and legal effect remain jurisdiction-specific.",Labour Department / Employment Department / Skill Department,Rule-dependent,Applicant Name; DOB/Entity Date; Address; Jurisdiction; Application ID; Issue Date; Issuing Authority; Digital Signature; QR/Verification URI; Status,Proposed canonical concept; local Act/Rules prevail,Digitally signed PDF + QR; VC/JSON-LD where appropriate,High,Cross-state normalization using official ServicePlus/state service catalogues
IND-LAB-022,Trade / Skill Certificate,"Employment, Labour & Skills",Certificate,"Normalized credential asserting the fact, status or qualification represented by “Trade / Skill Certificate”. Eligibility, evidence, validity and legal effect remain jurisdiction-specific.",Labour Department / Employment Department / Skill Department,Rule-dependent,Applicant Name; DOB/Entity Date; Address; Jurisdiction; Application ID; Issue Date; Issuing Authority; Digital Signature; QR/Verification URI; Status,Proposed canonical concept; local Act/Rules prevail,Digitally signed PDF + QR; VC/JSON-LD where appropriate,High,Cross-state normalization using official ServicePlus/state service catalogues
IND-LAB-023,Apprentice Registration,"Employment, Labour & Skills",Registration,Normalized service for recording “Apprentice Registration” in the competent government register and issuing an acknowledgement or registration credential where applicable.,Labour Department / Employment Department / Skill Department,Dynamic record / current-state,Applicant Name; DOB/Entity Date; Address; Jurisdiction; Application ID; Issue Date; Issuing Authority; Digital Signature; QR/Verification URI; Status,Proposed canonical concept; local Act/Rules prevail,Digitally signed PDF + QR; VC/JSON-LD where appropriate,Medium,Cross-state normalization using official ServicePlus/state service catalogues
IND-LAB-024,Skill Training Enrollment,"Employment, Labour & Skills",Registration,Normalized service for recording “Skill Training Enrollment” in the competent government register and issuing an acknowledgement or registration credential where applicable.,Labour Department / Employment Department / Skill Department,Rule-dependent,Applicant Name; DOB/Entity Date; Address; Jurisdiction; Application ID; Issue Date; Issuing Authority; Digital Signature; QR/Verification URI; Status,Proposed canonical concept; local Act/Rules prevail,Digitally signed PDF + QR; VC/JSON-LD where appropriate,Medium,Cross-state normalization using official ServicePlus/state service catalogues
IND-LAB-025,Skill Assessment / Certification,"Employment, Labour & Skills",Verification / Assessment,Normalized service to verify or assess the facts represented by “Skill Assessment / Certification” and record the competent authority’s result.,Labour Department / Employment Department / Skill Department,Rule-dependent,Applicant Name; DOB/Entity Date; Address; Jurisdiction; Application ID; Issue Date; Issuing Authority; Digital Signature; QR/Verification URI; Status,Proposed canonical concept; local Act/Rules prevail,Digitally signed PDF + QR; VC/JSON-LD where appropriate,Medium,Cross-state normalization using official ServicePlus/state service catalogues
IND-LAB-026,Placement Registration,"Employment, Labour & Skills",Registration,Normalized service for recording “Placement Registration” in the competent government register and issuing an acknowledgement or registration credential where applicable.,Labour Department / Employment Department / Skill Department,Dynamic record / current-state,Applicant Name; DOB/Entity Date; Address; Jurisdiction; Application ID; Issue Date; Issuing Authority; Digital Signature; QR/Verification URI; Status,Proposed canonical concept; local Act/Rules prevail,Digitally signed PDF + QR; VC/JSON-LD where appropriate,Medium,Cross-state normalization using official ServicePlus/state service catalogues
IND-LAB-027,Labour Welfare Benefit Registration,"Employment, Labour & Skills",Registration,Normalized service for recording “Labour Welfare Benefit Registration” in the competent government register and issuing an acknowledgement or registration credential where applicable.,Labour Department / Employment Department / Skill Department,Time-bound / renewable / purpose-specific,Applicant Name; DOB/Entity Date; Address; Jurisdiction; Application ID; Issue Date; Issuing Authority; Digital Signature; QR/Verification URI; Status; Family/Household ID; Annual Income; Assessment Period,Proposed canonical concept; local Act/Rules prevail,Digitally signed PDF + QR; VC/JSON-LD where appropriate,Medium,Cross-state normalization using official ServicePlus/state service catalogues
IND-LAB-028,Minimum Wage / Employment Record Certificate,"Employment, Labour & Skills",Certified Record / Extract,"Normalized service providing an authoritative certified copy, extract or current-state record represented by “Minimum Wage / Employment Record Certificate”.",Labour Department / Employment Department / Skill Department,Dynamic record / current-state,Applicant Name; DOB/Entity Date; Address; Jurisdiction; Application ID; Issue Date; Issuing Authority; Digital Signature; QR/Verification URI; Status,Proposed canonical concept; local Act/Rules prevail,Digitally signed PDF + QR; VC/JSON-LD where appropriate,High,Cross-state normalization using official ServicePlus/state service catalogues
IND-LAB-029,Domestic Worker Registration,"Employment, Labour & Skills",Registration,Normalized service for recording “Domestic Worker Registration” in the competent government register and issuing an acknowledgement or registration credential where applicable.,Labour Department / Employment Department / Skill Department,Dynamic record / current-state,Applicant Name; DOB/Entity Date; Address; Jurisdiction; Application ID; Issue Date; Issuing Authority; Digital Signature; QR/Verification URI; Status,Proposed canonical concept; local Act/Rules prevail,Digitally signed PDF + QR; VC/JSON-LD where appropriate,Medium,Cross-state normalization using official ServicePlus/state service catalogues
IND-LAB-030,Gig / Platform Worker Registration,"Employment, Labour & Skills",Registration,Normalized service for recording “Gig / Platform Worker Registration” in the competent government register and issuing an acknowledgement or registration credential where applicable.,Labour Department / Employment Department / Skill Department,Dynamic record / current-state,Applicant Name; DOB/Entity Date; Address; Jurisdiction; Application ID; Issue Date; Issuing Authority; Digital Signature; QR/Verification URI; Status,Proposed canonical concept; local Act/Rules prevail,Digitally signed PDF + QR; VC/JSON-LD where appropriate,Medium,Cross-state normalization using official ServicePlus/state service catalogues
IND-HLT-001,Disability Certificate,"Health, Disability & Public Health",Certificate,Certifies disability type and assessed disability status/percentage as determined by the competent medical authority under applicable rules.,Health Department / Medical Board / Local Health Authority,Rule-dependent,Applicant Name; DOB/Entity Date; Address; Jurisdiction; Application ID; Issue Date; Issuing Authority; Digital Signature; QR/Verification URI; Status,Proposed canonical concept; local Act/Rules prevail,Digitally signed PDF + QR; VC/JSON-LD where appropriate,High,Cross-state normalization using official ServicePlus/state service catalogues
IND-HLT-002,Benchmark Disability Certificate,"Health, Disability & Public Health",Certificate,"Normalized credential asserting the fact, status or qualification represented by “Benchmark Disability Certificate”. Eligibility, evidence, validity and legal effect remain jurisdiction-specific.",Health Department / Medical Board / Local Health Authority,Rule-dependent,Applicant Name; DOB/Entity Date; Address; Jurisdiction; Application ID; Issue Date; Issuing Authority; Digital Signature; QR/Verification URI; Status,Proposed canonical concept; local Act/Rules prevail,Digitally signed PDF + QR; VC/JSON-LD where appropriate,High,Cross-state normalization using official ServicePlus/state service catalogues
IND-HLT-003,UDID Card Service,"Health, Disability & Public Health",Identity / Entitlement Card,Normalized service to issue or maintain the official identity/entitlement credential represented by “UDID Card Service”.,Health Department / Medical Board / Local Health Authority,Rule-dependent,Applicant Name; DOB/Entity Date; Address; Jurisdiction; Application ID; Issue Date; Issuing Authority; Digital Signature; QR/Verification URI; Status,Proposed canonical concept; local Act/Rules prevail,Digitally signed PDF + QR; VC/JSON-LD where appropriate,High,Cross-state normalization using official ServicePlus/state service catalogues
IND-HLT-004,Medical Fitness Certificate,"Health, Disability & Public Health",Certificate,"Normalized credential asserting the fact, status or qualification represented by “Medical Fitness Certificate”. Eligibility, evidence, validity and legal effect remain jurisdiction-specific.",Health Department / Medical Board / Local Health Authority,Time-bound / renewable / purpose-specific,Applicant Name; DOB/Entity Date; Address; Jurisdiction; Application ID; Issue Date; Issuing Authority; Digital Signature; QR/Verification URI; Status; Valid From; Valid Until; Conditions,Proposed canonical concept; local Act/Rules prevail,Digitally signed PDF + QR; VC/JSON-LD where appropriate,High,Cross-state normalization using official ServicePlus/state service catalogues
IND-HLT-005,Medical Board Certificate,"Health, Disability & Public Health",Certificate,"Normalized credential asserting the fact, status or qualification represented by “Medical Board Certificate”. Eligibility, evidence, validity and legal effect remain jurisdiction-specific.",Health Department / Medical Board / Local Health Authority,Rule-dependent,Applicant Name; DOB/Entity Date; Address; Jurisdiction; Application ID; Issue Date; Issuing Authority; Digital Signature; QR/Verification URI; Status,Proposed canonical concept; local Act/Rules prevail,Digitally signed PDF + QR; VC/JSON-LD where appropriate,High,Cross-state normalization using official ServicePlus/state service catalogues
IND-HLT-006,Health / Medical Certificate,"Health, Disability & Public Health",Certificate,"Normalized credential asserting the fact, status or qualification represented by “Health / Medical Certificate”. Eligibility, evidence, validity and legal effect remain jurisdiction-specific.",Health Department / Medical Board / Local Health Authority,Time-bound / renewable / purpose-specific,Applicant Name; DOB/Entity Date; Address; Jurisdiction; Application ID; Issue Date; Issuing Authority; Digital Signature; QR/Verification URI; Status,Proposed canonical concept; local Act/Rules prevail,Digitally signed PDF + QR; VC/JSON-LD where appropriate,High,Cross-state normalization using official ServicePlus/state service catalogues
IND-HLT-007,Age Assessment by Medical Board,"Health, Disability & Public Health",Verification / Assessment,Normalized service to verify or assess the facts represented by “Age Assessment by Medical Board” and record the competent authority’s result.,Health Department / Medical Board / Local Health Authority,Rule-dependent,Applicant Name; DOB/Entity Date; Address; Jurisdiction; Application ID; Issue Date; Issuing Authority; Digital Signature; QR/Verification URI; Status,Proposed canonical concept; local Act/Rules prevail,Digitally signed PDF + QR; VC/JSON-LD where appropriate,Medium,Cross-state normalization using official ServicePlus/state service catalogues
IND-HLT-008,Vaccination Certificate,"Health, Disability & Public Health",Certificate,"Normalized credential asserting the fact, status or qualification represented by “Vaccination Certificate”. Eligibility, evidence, validity and legal effect remain jurisdiction-specific.",Health Department / Medical Board / Local Health Authority,Rule-dependent,Applicant Name; DOB/Entity Date; Address; Jurisdiction; Application ID; Issue Date; Issuing Authority; Digital Signature; QR/Verification URI; Status,Proposed canonical concept; local Act/Rules prevail,Digitally signed PDF + QR; VC/JSON-LD where appropriate,High,Cross-state normalization using official ServicePlus/state service catalogues
IND-HLT-009,Immunization Record,"Health, Disability & Public Health",Certified Record / Extract,"Normalized service providing an authoritative certified copy, extract or current-state record represented by “Immunization Record”.",Health Department / Medical Board / Local Health Authority,Dynamic record / current-state,Applicant Name; DOB/Entity Date; Address; Jurisdiction; Application ID; Issue Date; Issuing Authority; Digital Signature; QR/Verification URI; Status,Proposed canonical concept; local Act/Rules prevail,Digitally signed PDF + QR; VC/JSON-LD where appropriate,High,Cross-state normalization using official ServicePlus/state service catalogues
IND-HLT-010,Birth Medical Certification,"Health, Disability & Public Health",Citizen Service,"Normalized government-to-citizen service concept for “Birth Medical Certification”; the local jurisdiction retains the authoritative legal definition, workflow and service conditions.",Health Department / Medical Board / Local Health Authority,Rule-dependent,Applicant Name; DOB/Entity Date; Address; Jurisdiction; Application ID; Issue Date; Issuing Authority; Digital Signature; QR/Verification URI; Status; Event Date; Event Place; Registration Number,Proposed canonical concept; local Act/Rules prevail,Digitally signed PDF + QR; VC/JSON-LD where appropriate,Medium,Cross-state normalization using official ServicePlus/state service catalogues
IND-HLT-011,Cause of Death Medical Certificate,"Health, Disability & Public Health",Certificate,"Normalized credential asserting the fact, status or qualification represented by “Cause of Death Medical Certificate”. Eligibility, evidence, validity and legal effect remain jurisdiction-specific.",Health Department / Medical Board / Local Health Authority,Rule-dependent,Applicant Name; DOB/Entity Date; Address; Jurisdiction; Application ID; Issue Date; Issuing Authority; Digital Signature; QR/Verification URI; Status; Event Date; Event Place; Registration Number,Proposed canonical concept; local Act/Rules prevail,Digitally signed PDF + QR; VC/JSON-LD where appropriate,High,Cross-state normalization using official ServicePlus/state service catalogues
IND-HLT-012,Food Handler Medical Fitness Certificate,"Health, Disability & Public Health",Certificate,"Normalized credential asserting the fact, status or qualification represented by “Food Handler Medical Fitness Certificate”. Eligibility, evidence, validity and legal effect remain jurisdiction-specific.",Health Department / Medical Board / Local Health Authority,Time-bound / renewable / purpose-specific,Applicant Name; DOB/Entity Date; Address; Jurisdiction; Application ID; Issue Date; Issuing Authority; Digital Signature; QR/Verification URI; Status; Valid From; Valid Until; Conditions,Proposed canonical concept; local Act/Rules prevail,Digitally signed PDF + QR; VC/JSON-LD where appropriate,High,Cross-state normalization using official ServicePlus/state service catalogues
IND-HLT-013,Sanitary / Health Certificate for Premises,"Health, Disability & Public Health",Certificate,"Normalized credential asserting the fact, status or qualification represented by “Sanitary / Health Certificate for Premises”. Eligibility, evidence, validity and legal effect remain jurisdiction-specific.",Health Department / Medical Board / Local Health Authority,Time-bound / renewable / purpose-specific,Applicant Name; DOB/Entity Date; Address; Jurisdiction; Application ID; Issue Date; Issuing Authority; Digital Signature; QR/Verification URI; Status,Proposed canonical concept; local Act/Rules prevail,Digitally signed PDF + QR; VC/JSON-LD where appropriate,High,Cross-state normalization using official ServicePlus/state service catalogues
IND-HLT-014,Health Scheme Beneficiary Card,"Health, Disability & Public Health",Benefit / Entitlement,"Normalized service for determining, sanctioning or maintaining citizen entitlement under “Health Scheme Beneficiary Card”, subject to the applicable scheme and eligibility rules.",Health Department / Medical Board / Local Health Authority,Time-bound / renewable / purpose-specific,Applicant Name; DOB/Entity Date; Address; Jurisdiction; Application ID; Issue Date; Issuing Authority; Digital Signature; QR/Verification URI; Status,Proposed canonical concept; local Act/Rules prevail,Digitally signed PDF + QR; VC/JSON-LD where appropriate,Medium,Cross-state normalization using official ServicePlus/state service catalogues
IND-HLT-015,Ayushman Bharat / State Health Scheme Eligibility,"Health, Disability & Public Health",Benefit / Entitlement,"Normalized service for determining, sanctioning or maintaining citizen entitlement under “Ayushman Bharat / State Health Scheme Eligibility”, subject to the applicable scheme and eligibility rules.",Health Department / Medical Board / Local Health Authority,Time-bound / renewable / purpose-specific,Applicant Name; DOB/Entity Date; Address; Jurisdiction; Application ID; Issue Date; Issuing Authority; Digital Signature; QR/Verification URI; Status,Proposed canonical concept; local Act/Rules prevail,Digitally signed PDF + QR; VC/JSON-LD where appropriate,Medium,Cross-state normalization using official ServicePlus/state service catalogues
IND-HLT-016,Hospital Registration / Patient ID,"Health, Disability & Public Health",Registration,Normalized service for recording “Hospital Registration / Patient ID” in the competent government register and issuing an acknowledgement or registration credential where applicable.,Health Department / Medical Board / Local Health Authority,Dynamic record / current-state,Applicant Name; DOB/Entity Date; Address; Jurisdiction; Application ID; Issue Date; Issuing Authority; Digital Signature; QR/Verification URI; Status,Proposed canonical concept; local Act/Rules prevail,Digitally signed PDF + QR; VC/JSON-LD where appropriate,Medium,Cross-state normalization using official ServicePlus/state service catalogues
IND-HLT-017,Blood Donor Certificate,"Health, Disability & Public Health",Certificate,"Normalized credential asserting the fact, status or qualification represented by “Blood Donor Certificate”. Eligibility, evidence, validity and legal effect remain jurisdiction-specific.",Health Department / Medical Board / Local Health Authority,Rule-dependent,Applicant Name; DOB/Entity Date; Address; Jurisdiction; Application ID; Issue Date; Issuing Authority; Digital Signature; QR/Verification URI; Status,Proposed canonical concept; local Act/Rules prevail,Digitally signed PDF + QR; VC/JSON-LD where appropriate,High,Cross-state normalization using official ServicePlus/state service catalogues
IND-HLT-018,Organ Donor Pledge / Registration,"Health, Disability & Public Health",Registration,Normalized service for recording “Organ Donor Pledge / Registration” in the competent government register and issuing an acknowledgement or registration credential where applicable.,Health Department / Medical Board / Local Health Authority,Dynamic record / current-state,Applicant Name; DOB/Entity Date; Address; Jurisdiction; Application ID; Issue Date; Issuing Authority; Digital Signature; QR/Verification URI; Status,Proposed canonical concept; local Act/Rules prevail,Digitally signed PDF + QR; VC/JSON-LD where appropriate,Medium,Cross-state normalization using official ServicePlus/state service catalogues
IND-HLT-019,Clinical Establishment Registration,"Health, Disability & Public Health",Registration,Normalized service for recording “Clinical Establishment Registration” in the competent government register and issuing an acknowledgement or registration credential where applicable.,Health Department / Medical Board / Local Health Authority,Dynamic record / current-state,Applicant Name; DOB/Entity Date; Address; Jurisdiction; Application ID; Issue Date; Issuing Authority; Digital Signature; QR/Verification URI; Status,Proposed canonical concept; local Act/Rules prevail,Digitally signed PDF + QR; VC/JSON-LD where appropriate,Medium,Cross-state normalization using official ServicePlus/state service catalogues
IND-HLT-020,Pharmacy / Drug Retail Licence,"Health, Disability & Public Health",Licence,"Normalized regulatory service authorizing the activity represented by “Pharmacy / Drug Retail Licence”, subject to local eligibility, inspection, fee, conditions and renewal rules.",Health Department / Medical Board / Local Health Authority,Time-bound / renewable / purpose-specific,Applicant Name; DOB/Entity Date; Address; Jurisdiction; Application ID; Issue Date; Issuing Authority; Digital Signature; QR/Verification URI; Status; Valid From; Valid Until; Conditions,Proposed canonical concept; local Act/Rules prevail,Digitally signed PDF + QR; VC/JSON-LD where appropriate,High,Cross-state normalization using official ServicePlus/state service catalogues
IND-HLT-021,Medical Store Licence Renewal,"Health, Disability & Public Health",Licence,"Normalized regulatory service authorizing the activity represented by “Medical Store Licence Renewal”, subject to local eligibility, inspection, fee, conditions and renewal rules.",Health Department / Medical Board / Local Health Authority,Time-bound / renewable / purpose-specific,Applicant Name; DOB/Entity Date; Address; Jurisdiction; Application ID; Issue Date; Issuing Authority; Digital Signature; QR/Verification URI; Status; Valid From; Valid Until; Conditions,Proposed canonical concept; local Act/Rules prevail,Digitally signed PDF + QR; VC/JSON-LD where appropriate,High,Cross-state normalization using official ServicePlus/state service catalogues
IND-HLT-022,Ambulance Registration / Authorization,"Health, Disability & Public Health",Registration,Normalized service for recording “Ambulance Registration / Authorization” in the competent government register and issuing an acknowledgement or registration credential where applicable.,Health Department / Medical Board / Local Health Authority,Dynamic record / current-state,Applicant Name; DOB/Entity Date; Address; Jurisdiction; Application ID; Issue Date; Issuing Authority; Digital Signature; QR/Verification URI; Status,Proposed canonical concept; local Act/Rules prevail,Digitally signed PDF + QR; VC/JSON-LD where appropriate,Medium,Cross-state normalization using official ServicePlus/state service catalogues
IND-HLT-023,Mental Health / Disability Care Guardian Certification,"Health, Disability & Public Health",Citizen Service,"Normalized government-to-citizen service concept for “Mental Health / Disability Care Guardian Certification”; the local jurisdiction retains the authoritative legal definition, workflow and service conditions.",Health Department / Medical Board / Local Health Authority,Time-bound / renewable / purpose-specific,Applicant Name; DOB/Entity Date; Address; Jurisdiction; Application ID; Issue Date; Issuing Authority; Digital Signature; QR/Verification URI; Status,Proposed canonical concept; local Act/Rules prevail,Digitally signed PDF + QR; VC/JSON-LD where appropriate,Medium,Cross-state normalization using official ServicePlus/state service catalogues
IND-HLT-024,Communicable Disease Clearance Certificate,"Health, Disability & Public Health",Certificate,"Normalized credential asserting the fact, status or qualification represented by “Communicable Disease Clearance Certificate”. Eligibility, evidence, validity and legal effect remain jurisdiction-specific.",Health Department / Medical Board / Local Health Authority,Rule-dependent,Applicant Name; DOB/Entity Date; Address; Jurisdiction; Application ID; Issue Date; Issuing Authority; Digital Signature; QR/Verification URI; Status,Proposed canonical concept; local Act/Rules prevail,Digitally signed PDF + QR; VC/JSON-LD where appropriate,High,Cross-state normalization using official ServicePlus/state service catalogues
IND-HLT-025,Occupational Health Fitness Certificate,"Health, Disability & Public Health",Certificate,"Normalized credential asserting the fact, status or qualification represented by “Occupational Health Fitness Certificate”. Eligibility, evidence, validity and legal effect remain jurisdiction-specific.",Health Department / Medical Board / Local Health Authority,Time-bound / renewable / purpose-specific,Applicant Name; DOB/Entity Date; Address; Jurisdiction; Application ID; Issue Date; Issuing Authority; Digital Signature; QR/Verification URI; Status; Valid From; Valid Until; Conditions,Proposed canonical concept; local Act/Rules prevail,Digitally signed PDF + QR; VC/JSON-LD where appropriate,High,Cross-state normalization using official ServicePlus/state service catalogues
IND-TRN-001,Learner Driving Licence,Transport & Mobility,Licence,"Normalized regulatory service authorizing the activity represented by “Learner Driving Licence”, subject to local eligibility, inspection, fee, conditions and renewal rules.",Transport Department / Registering Authority / RTO,Time-bound / renewable / purpose-specific,Applicant Name; DOB/Entity Date; Address; Jurisdiction; Application ID; Issue Date; Issuing Authority; Digital Signature; QR/Verification URI; Status; Valid From; Valid Until; Conditions,Proposed canonical concept; local Act/Rules prevail,Digitally signed PDF + QR; VC/JSON-LD where appropriate,High,Cross-state normalization using official ServicePlus/state service catalogues
IND-TRN-002,Driving Licence,Transport & Mobility,Licence,Authorizes the holder to drive the specified class(es) of motor vehicle subject to the validity and conditions recorded by the transport authority.,Transport Department / Registering Authority / RTO,Time-bound / renewable / purpose-specific,Applicant Name; DOB/Entity Date; Address; Jurisdiction; Application ID; Issue Date; Issuing Authority; Digital Signature; QR/Verification URI; Status; Valid From; Valid Until; Conditions,Proposed canonical concept; local Act/Rules prevail,Digitally signed PDF + QR; VC/JSON-LD where appropriate,High,Cross-state normalization using official ServicePlus/state service catalogues
IND-TRN-003,Driving Licence Renewal,Transport & Mobility,Licence,"Normalized regulatory service authorizing the activity represented by “Driving Licence Renewal”, subject to local eligibility, inspection, fee, conditions and renewal rules.",Transport Department / Registering Authority / RTO,Time-bound / renewable / purpose-specific,Applicant Name; DOB/Entity Date; Address; Jurisdiction; Application ID; Issue Date; Issuing Authority; Digital Signature; QR/Verification URI; Status; Valid From; Valid Until; Conditions,Proposed canonical concept; local Act/Rules prevail,Digitally signed PDF + QR; VC/JSON-LD where appropriate,High,Cross-state normalization using official ServicePlus/state service catalogues
IND-TRN-004,Duplicate Driving Licence,Transport & Mobility,Licence,"Normalized regulatory service authorizing the activity represented by “Duplicate Driving Licence”, subject to local eligibility, inspection, fee, conditions and renewal rules.",Transport Department / Registering Authority / RTO,Time-bound / renewable / purpose-specific,Applicant Name; DOB/Entity Date; Address; Jurisdiction; Application ID; Issue Date; Issuing Authority; Digital Signature; QR/Verification URI; Status; Valid From; Valid Until; Conditions,Proposed canonical concept; local Act/Rules prevail,Digitally signed PDF + QR; VC/JSON-LD where appropriate,High,Cross-state normalization using official ServicePlus/state service catalogues
IND-TRN-005,International Driving Permit,Transport & Mobility,Permit,"Normalized regulatory permission for “International Driving Permit” for a defined activity, location, asset or period, subject to jurisdiction-specific conditions.",Transport Department / Registering Authority / RTO,Time-bound / renewable / purpose-specific,Applicant Name; DOB/Entity Date; Address; Jurisdiction; Application ID; Issue Date; Issuing Authority; Digital Signature; QR/Verification URI; Status; Valid From; Valid Until; Conditions,Proposed canonical concept; local Act/Rules prevail,Digitally signed PDF + QR; VC/JSON-LD where appropriate,Medium,Cross-state normalization using official ServicePlus/state service catalogues
IND-TRN-006,Addition of Vehicle Class to Driving Licence,Transport & Mobility,Licence,"Normalized regulatory service authorizing the activity represented by “Addition of Vehicle Class to Driving Licence”, subject to local eligibility, inspection, fee, conditions and renewal rules.",Transport Department / Registering Authority / RTO,Time-bound / renewable / purpose-specific,Applicant Name; DOB/Entity Date; Address; Jurisdiction; Application ID; Issue Date; Issuing Authority; Digital Signature; QR/Verification URI; Status; Valid From; Valid Until; Conditions,Proposed canonical concept; local Act/Rules prevail,Digitally signed PDF + QR; VC/JSON-LD where appropriate,High,Cross-state normalization using official ServicePlus/state service catalogues
IND-TRN-007,Vehicle Registration Certificate,Transport & Mobility,Registration,Records the official registration particulars of a motor vehicle and its registered owner/keeper in the transport registry.,Transport Department / Registering Authority / RTO,Dynamic record / current-state,Applicant Name; DOB/Entity Date; Address; Jurisdiction; Application ID; Issue Date; Issuing Authority; Digital Signature; QR/Verification URI; Status,Proposed canonical concept; local Act/Rules prevail,Digitally signed PDF + QR; VC/JSON-LD where appropriate,Medium,Cross-state normalization using official ServicePlus/state service catalogues
IND-TRN-008,Temporary Vehicle Registration,Transport & Mobility,Registration,Normalized service for recording “Temporary Vehicle Registration” in the competent government register and issuing an acknowledgement or registration credential where applicable.,Transport Department / Registering Authority / RTO,Time-bound / renewable / purpose-specific,Applicant Name; DOB/Entity Date; Address; Jurisdiction; Application ID; Issue Date; Issuing Authority; Digital Signature; QR/Verification URI; Status,Proposed canonical concept; local Act/Rules prevail,Digitally signed PDF + QR; VC/JSON-LD where appropriate,Medium,Cross-state normalization using official ServicePlus/state service catalogues
IND-TRN-009,Permanent Vehicle Registration,Transport & Mobility,Registration,Normalized service for recording “Permanent Vehicle Registration” in the competent government register and issuing an acknowledgement or registration credential where applicable.,Transport Department / Registering Authority / RTO,Dynamic record / current-state,Applicant Name; DOB/Entity Date; Address; Jurisdiction; Application ID; Issue Date; Issuing Authority; Digital Signature; QR/Verification URI; Status,Proposed canonical concept; local Act/Rules prevail,Digitally signed PDF + QR; VC/JSON-LD where appropriate,Medium,Cross-state normalization using official ServicePlus/state service catalogues
IND-TRN-010,Transfer of Vehicle Ownership,Transport & Mobility,Citizen Service,"Normalized government-to-citizen service concept for “Transfer of Vehicle Ownership”; the local jurisdiction retains the authoritative legal definition, workflow and service conditions.",Transport Department / Registering Authority / RTO,Rule-dependent,Applicant Name; DOB/Entity Date; Address; Jurisdiction; Application ID; Issue Date; Issuing Authority; Digital Signature; QR/Verification URI; Status,Proposed canonical concept; local Act/Rules prevail,Digitally signed PDF + QR; VC/JSON-LD where appropriate,Medium,Cross-state normalization using official ServicePlus/state service catalogues
IND-TRN-011,Change of Address in Vehicle Registration,Transport & Mobility,Registration,Normalized service for recording “Change of Address in Vehicle Registration” in the competent government register and issuing an acknowledgement or registration credential where applicable.,Transport Department / Registering Authority / RTO,Dynamic record / current-state,Applicant Name; DOB/Entity Date; Address; Jurisdiction; Application ID; Issue Date; Issuing Authority; Digital Signature; QR/Verification URI; Status,Proposed canonical concept; local Act/Rules prevail,Digitally signed PDF + QR; VC/JSON-LD where appropriate,Medium,Cross-state normalization using official ServicePlus/state service catalogues
IND-TRN-012,Duplicate Registration Certificate,Transport & Mobility,Registration,Normalized service for recording “Duplicate Registration Certificate” in the competent government register and issuing an acknowledgement or registration credential where applicable.,Transport Department / Registering Authority / RTO,Dynamic record / current-state,Applicant Name; DOB/Entity Date; Address; Jurisdiction; Application ID; Issue Date; Issuing Authority; Digital Signature; QR/Verification URI; Status,Proposed canonical concept; local Act/Rules prevail,Digitally signed PDF + QR; VC/JSON-LD where appropriate,Medium,Cross-state normalization using official ServicePlus/state service catalogues
IND-TRN-013,Hypothecation Addition in RC,Transport & Mobility,Citizen Service,"Normalized government-to-citizen service concept for “Hypothecation Addition in RC”; the local jurisdiction retains the authoritative legal definition, workflow and service conditions.",Transport Department / Registering Authority / RTO,Rule-dependent,Applicant Name; DOB/Entity Date; Address; Jurisdiction; Application ID; Issue Date; Issuing Authority; Digital Signature; QR/Verification URI; Status,Proposed canonical concept; local Act/Rules prevail,Digitally signed PDF + QR; VC/JSON-LD where appropriate,Medium,Cross-state normalization using official ServicePlus/state service catalogues
IND-TRN-014,Hypothecation Termination in RC,Transport & Mobility,Citizen Service,"Normalized government-to-citizen service concept for “Hypothecation Termination in RC”; the local jurisdiction retains the authoritative legal definition, workflow and service conditions.",Transport Department / Registering Authority / RTO,Rule-dependent,Applicant Name; DOB/Entity Date; Address; Jurisdiction; Application ID; Issue Date; Issuing Authority; Digital Signature; QR/Verification URI; Status,Proposed canonical concept; local Act/Rules prevail,Digitally signed PDF + QR; VC/JSON-LD where appropriate,Medium,Cross-state normalization using official ServicePlus/state service catalogues
IND-TRN-015,Vehicle Fitness Certificate,Transport & Mobility,Certificate,"Normalized credential asserting the fact, status or qualification represented by “Vehicle Fitness Certificate”. Eligibility, evidence, validity and legal effect remain jurisdiction-specific.",Transport Department / Registering Authority / RTO,Time-bound / renewable / purpose-specific,Applicant Name; DOB/Entity Date; Address; Jurisdiction; Application ID; Issue Date; Issuing Authority; Digital Signature; QR/Verification URI; Status; Valid From; Valid Until; Conditions,Proposed canonical concept; local Act/Rules prevail,Digitally signed PDF + QR; VC/JSON-LD where appropriate,High,Cross-state normalization using official ServicePlus/state service catalogues
IND-TRN-016,Vehicle Fitness Certificate Renewal,Transport & Mobility,Renewal,"Normalized service to renew or extend an existing approval, registration or licence represented by “Vehicle Fitness Certificate Renewal”.",Transport Department / Registering Authority / RTO,Time-bound / renewable / purpose-specific,Applicant Name; DOB/Entity Date; Address; Jurisdiction; Application ID; Issue Date; Issuing Authority; Digital Signature; QR/Verification URI; Status; Valid From; Valid Until; Conditions,Proposed canonical concept; local Act/Rules prevail,Digitally signed PDF + QR; VC/JSON-LD where appropriate,Medium,Cross-state normalization using official ServicePlus/state service catalogues
IND-TRN-017,Transport Vehicle Permit,Transport & Mobility,Permit,"Normalized regulatory permission for “Transport Vehicle Permit” for a defined activity, location, asset or period, subject to jurisdiction-specific conditions.",Transport Department / Registering Authority / RTO,Time-bound / renewable / purpose-specific,Applicant Name; DOB/Entity Date; Address; Jurisdiction; Application ID; Issue Date; Issuing Authority; Digital Signature; QR/Verification URI; Status; Valid From; Valid Until; Conditions,Proposed canonical concept; local Act/Rules prevail,Digitally signed PDF + QR; VC/JSON-LD where appropriate,Medium,Cross-state normalization using official ServicePlus/state service catalogues
IND-TRN-018,Permit Renewal,Transport & Mobility,Permit,"Normalized regulatory permission for “Permit Renewal” for a defined activity, location, asset or period, subject to jurisdiction-specific conditions.",Transport Department / Registering Authority / RTO,Time-bound / renewable / purpose-specific,Applicant Name; DOB/Entity Date; Address; Jurisdiction; Application ID; Issue Date; Issuing Authority; Digital Signature; QR/Verification URI; Status; Valid From; Valid Until; Conditions,Proposed canonical concept; local Act/Rules prevail,Digitally signed PDF + QR; VC/JSON-LD where appropriate,Medium,Cross-state normalization using official ServicePlus/state service catalogues
IND-TRN-019,National / Inter-State Permit,Transport & Mobility,Permit,"Normalized regulatory permission for “National / Inter-State Permit” for a defined activity, location, asset or period, subject to jurisdiction-specific conditions.",Transport Department / Registering Authority / RTO,Time-bound / renewable / purpose-specific,Applicant Name; DOB/Entity Date; Address; Jurisdiction; Application ID; Issue Date; Issuing Authority; Digital Signature; QR/Verification URI; Status; Valid From; Valid Until; Conditions,Proposed canonical concept; local Act/Rules prevail,Digitally signed PDF + QR; VC/JSON-LD where appropriate,Medium,Cross-state normalization using official ServicePlus/state service catalogues
IND-TRN-020,Temporary Vehicle Permit,Transport & Mobility,Permit,"Normalized regulatory permission for “Temporary Vehicle Permit” for a defined activity, location, asset or period, subject to jurisdiction-specific conditions.",Transport Department / Registering Authority / RTO,Time-bound / renewable / purpose-specific,Applicant Name; DOB/Entity Date; Address; Jurisdiction; Application ID; Issue Date; Issuing Authority; Digital Signature; QR/Verification URI; Status; Valid From; Valid Until; Conditions,Proposed canonical concept; local Act/Rules prevail,Digitally signed PDF + QR; VC/JSON-LD where appropriate,Medium,Cross-state normalization using official ServicePlus/state service catalogues
IND-TRN-021,No Objection Certificate for Vehicle Transfer,Transport & Mobility,Approval / NOC,"Normalized service recording administrative approval, permission or no-objection for “No Objection Certificate for Vehicle Transfer”, subject to the competent authority’s conditions.",Transport Department / Registering Authority / RTO,Rule-dependent,Applicant Name; DOB/Entity Date; Address; Jurisdiction; Application ID; Issue Date; Issuing Authority; Digital Signature; QR/Verification URI; Status,Proposed canonical concept; local Act/Rules prevail,Digitally signed PDF + QR; VC/JSON-LD where appropriate,Medium,Cross-state normalization using official ServicePlus/state service catalogues
IND-TRN-022,No-Cancellation Certificate for Vehicle Address Change,Transport & Mobility,Certificate,"Normalized credential asserting the fact, status or qualification represented by “No-Cancellation Certificate for Vehicle Address Change”. Eligibility, evidence, validity and legal effect remain jurisdiction-specific.",Transport Department / Registering Authority / RTO,Rule-dependent,Applicant Name; DOB/Entity Date; Address; Jurisdiction; Application ID; Issue Date; Issuing Authority; Digital Signature; QR/Verification URI; Status,Proposed canonical concept; local Act/Rules prevail,Digitally signed PDF + QR; VC/JSON-LD where appropriate,High,Cross-state normalization using official ServicePlus/state service catalogues
IND-TRN-023,Vehicle Tax Payment / Clearance,Transport & Mobility,Citizen Service,"Normalized government-to-citizen service concept for “Vehicle Tax Payment / Clearance”; the local jurisdiction retains the authoritative legal definition, workflow and service conditions.",Transport Department / Registering Authority / RTO,Rule-dependent,Applicant Name; DOB/Entity Date; Address; Jurisdiction; Application ID; Issue Date; Issuing Authority; Digital Signature; QR/Verification URI; Status,Proposed canonical concept; local Act/Rules prevail,Digitally signed PDF + QR; VC/JSON-LD where appropriate,Medium,Cross-state normalization using official ServicePlus/state service catalogues
IND-TRN-024,Vehicle Tax No-Dues Certificate,Transport & Mobility,Certificate,"Normalized credential asserting the fact, status or qualification represented by “Vehicle Tax No-Dues Certificate”. Eligibility, evidence, validity and legal effect remain jurisdiction-specific.",Transport Department / Registering Authority / RTO,Rule-dependent,Applicant Name; DOB/Entity Date; Address; Jurisdiction; Application ID; Issue Date; Issuing Authority; Digital Signature; QR/Verification URI; Status,Proposed canonical concept; local Act/Rules prevail,Digitally signed PDF + QR; VC/JSON-LD where appropriate,High,Cross-state normalization using official ServicePlus/state service catalogues
IND-TRN-025,Pollution Under Control Certificate,Transport & Mobility,Certificate,"Normalized credential asserting the fact, status or qualification represented by “Pollution Under Control Certificate”. Eligibility, evidence, validity and legal effect remain jurisdiction-specific.",Transport Department / Registering Authority / RTO,Rule-dependent,Applicant Name; DOB/Entity Date; Address; Jurisdiction; Application ID; Issue Date; Issuing Authority; Digital Signature; QR/Verification URI; Status,Proposed canonical concept; local Act/Rules prevail,Digitally signed PDF + QR; VC/JSON-LD where appropriate,High,Cross-state normalization using official ServicePlus/state service catalogues
IND-TRN-026,Road Worthiness / Inspection Certificate,Transport & Mobility,Certificate,"Normalized credential asserting the fact, status or qualification represented by “Road Worthiness / Inspection Certificate”. Eligibility, evidence, validity and legal effect remain jurisdiction-specific.",Transport Department / Registering Authority / RTO,Rule-dependent,Applicant Name; DOB/Entity Date; Address; Jurisdiction; Application ID; Issue Date; Issuing Authority; Digital Signature; QR/Verification URI; Status,Proposed canonical concept; local Act/Rules prevail,Digitally signed PDF + QR; VC/JSON-LD where appropriate,High,Cross-state normalization using official ServicePlus/state service catalogues
IND-TRN-027,Conductor Licence,Transport & Mobility,Licence,"Normalized regulatory service authorizing the activity represented by “Conductor Licence”, subject to local eligibility, inspection, fee, conditions and renewal rules.",Transport Department / Registering Authority / RTO,Time-bound / renewable / purpose-specific,Applicant Name; DOB/Entity Date; Address; Jurisdiction; Application ID; Issue Date; Issuing Authority; Digital Signature; QR/Verification URI; Status; Valid From; Valid Until; Conditions,Proposed canonical concept; local Act/Rules prevail,Digitally signed PDF + QR; VC/JSON-LD where appropriate,High,Cross-state normalization using official ServicePlus/state service catalogues
IND-TRN-028,Driving School Licence,Transport & Mobility,Licence,"Normalized regulatory service authorizing the activity represented by “Driving School Licence”, subject to local eligibility, inspection, fee, conditions and renewal rules.",Transport Department / Registering Authority / RTO,Time-bound / renewable / purpose-specific,Applicant Name; DOB/Entity Date; Address; Jurisdiction; Application ID; Issue Date; Issuing Authority; Digital Signature; QR/Verification URI; Status; Valid From; Valid Until; Conditions,Proposed canonical concept; local Act/Rules prevail,Digitally signed PDF + QR; VC/JSON-LD where appropriate,High,Cross-state normalization using official ServicePlus/state service catalogues
IND-TRN-029,Dealer Trade Certificate,Transport & Mobility,Certificate,"Normalized credential asserting the fact, status or qualification represented by “Dealer Trade Certificate”. Eligibility, evidence, validity and legal effect remain jurisdiction-specific.",Transport Department / Registering Authority / RTO,Rule-dependent,Applicant Name; DOB/Entity Date; Address; Jurisdiction; Application ID; Issue Date; Issuing Authority; Digital Signature; QR/Verification URI; Status,Proposed canonical concept; local Act/Rules prevail,Digitally signed PDF + QR; VC/JSON-LD where appropriate,High,Cross-state normalization using official ServicePlus/state service catalogues
IND-TRN-030,Vehicle Scrapping / De-registration Certificate,Transport & Mobility,Registration,Normalized service for recording “Vehicle Scrapping / De-registration Certificate” in the competent government register and issuing an acknowledgement or registration credential where applicable.,Transport Department / Registering Authority / RTO,Dynamic record / current-state,Applicant Name; DOB/Entity Date; Address; Jurisdiction; Application ID; Issue Date; Issuing Authority; Digital Signature; QR/Verification URI; Status,Proposed canonical concept; local Act/Rules prevail,Digitally signed PDF + QR; VC/JSON-LD where appropriate,Medium,Cross-state normalization using official ServicePlus/state service catalogues
IND-ULB-001,Birth Certificate - Municipal Service,"Urban Local Body, Building & Civic Services",Certificate,"Normalized credential asserting the fact, status or qualification represented by “Birth Certificate - Municipal Service”. Eligibility, evidence, validity and legal effect remain jurisdiction-specific.",Municipality / Municipal Corporation / Panchayat / Development Authority / Fire Service,Long-lived / event-based,Applicant Name; DOB/Entity Date; Address; Jurisdiction; Application ID; Issue Date; Issuing Authority; Digital Signature; QR/Verification URI; Status; Event Date; Event Place; Registration Number,Proposed canonical concept; local Act/Rules prevail,Digitally signed PDF + QR; VC/JSON-LD where appropriate,High,Cross-state normalization using official ServicePlus/state service catalogues
IND-ULB-002,Death Certificate - Municipal Service,"Urban Local Body, Building & Civic Services",Certificate,"Normalized credential asserting the fact, status or qualification represented by “Death Certificate - Municipal Service”. Eligibility, evidence, validity and legal effect remain jurisdiction-specific.",Municipality / Municipal Corporation / Panchayat / Development Authority / Fire Service,Long-lived / event-based,Applicant Name; DOB/Entity Date; Address; Jurisdiction; Application ID; Issue Date; Issuing Authority; Digital Signature; QR/Verification URI; Status; Event Date; Event Place; Registration Number,Proposed canonical concept; local Act/Rules prevail,Digitally signed PDF + QR; VC/JSON-LD where appropriate,High,Cross-state normalization using official ServicePlus/state service catalogues
IND-ULB-003,Marriage Registration - Municipal Service,"Urban Local Body, Building & Civic Services",Registration,Normalized service for recording “Marriage Registration - Municipal Service” in the competent government register and issuing an acknowledgement or registration credential where applicable.,Municipality / Municipal Corporation / Panchayat / Development Authority / Fire Service,Dynamic record / current-state,Applicant Name; DOB/Entity Date; Address; Jurisdiction; Application ID; Issue Date; Issuing Authority; Digital Signature; QR/Verification URI; Status; Event Date; Event Place; Registration Number,Proposed canonical concept; local Act/Rules prevail,Digitally signed PDF + QR; VC/JSON-LD where appropriate,Medium,Cross-state normalization using official ServicePlus/state service catalogues
IND-ULB-004,Trade Licence - Municipal,"Urban Local Body, Building & Civic Services",Licence,"Normalized regulatory service authorizing the activity represented by “Trade Licence - Municipal”, subject to local eligibility, inspection, fee, conditions and renewal rules.",Municipality / Municipal Corporation / Panchayat / Development Authority / Fire Service,Time-bound / renewable / purpose-specific,Applicant Name; DOB/Entity Date; Address; Jurisdiction; Application ID; Issue Date; Issuing Authority; Digital Signature; QR/Verification URI; Status; Valid From; Valid Until; Conditions,Proposed canonical concept; local Act/Rules prevail,Digitally signed PDF + QR; VC/JSON-LD where appropriate,High,Cross-state normalization using official ServicePlus/state service catalogues
IND-ULB-005,Trade Licence Renewal - Municipal,"Urban Local Body, Building & Civic Services",Licence,"Normalized regulatory service authorizing the activity represented by “Trade Licence Renewal - Municipal”, subject to local eligibility, inspection, fee, conditions and renewal rules.",Municipality / Municipal Corporation / Panchayat / Development Authority / Fire Service,Time-bound / renewable / purpose-specific,Applicant Name; DOB/Entity Date; Address; Jurisdiction; Application ID; Issue Date; Issuing Authority; Digital Signature; QR/Verification URI; Status; Valid From; Valid Until; Conditions,Proposed canonical concept; local Act/Rules prevail,Digitally signed PDF + QR; VC/JSON-LD where appropriate,High,Cross-state normalization using official ServicePlus/state service catalogues
IND-ULB-006,Building Plan Approval,"Urban Local Body, Building & Civic Services",Approval / NOC,"Records approval of a proposed building plan against the applicable planning/building rules; it does not itself replace later commencement, completion or occupancy approvals.",Municipality / Municipal Corporation / Panchayat / Development Authority / Fire Service,Rule-dependent,Applicant Name; DOB/Entity Date; Address; Jurisdiction; Application ID; Issue Date; Issuing Authority; Digital Signature; QR/Verification URI; Status,Proposed canonical concept; local Act/Rules prevail,Digitally signed PDF + QR; VC/JSON-LD where appropriate,Medium,Cross-state normalization using official ServicePlus/state service catalogues
IND-ULB-007,Building Construction Permit,"Urban Local Body, Building & Civic Services",Permit,"Normalized regulatory permission for “Building Construction Permit” for a defined activity, location, asset or period, subject to jurisdiction-specific conditions.",Municipality / Municipal Corporation / Panchayat / Development Authority / Fire Service,Time-bound / renewable / purpose-specific,Applicant Name; DOB/Entity Date; Address; Jurisdiction; Application ID; Issue Date; Issuing Authority; Digital Signature; QR/Verification URI; Status; Valid From; Valid Until; Conditions,Proposed canonical concept; local Act/Rules prevail,Digitally signed PDF + QR; VC/JSON-LD where appropriate,Medium,Cross-state normalization using official ServicePlus/state service catalogues
IND-ULB-008,Commencement Certificate,"Urban Local Body, Building & Civic Services",Certificate,"Normalized credential asserting the fact, status or qualification represented by “Commencement Certificate”. Eligibility, evidence, validity and legal effect remain jurisdiction-specific.",Municipality / Municipal Corporation / Panchayat / Development Authority / Fire Service,Rule-dependent,Applicant Name; DOB/Entity Date; Address; Jurisdiction; Application ID; Issue Date; Issuing Authority; Digital Signature; QR/Verification URI; Status,Proposed canonical concept; local Act/Rules prevail,Digitally signed PDF + QR; VC/JSON-LD where appropriate,High,Cross-state normalization using official ServicePlus/state service catalogues
IND-ULB-009,Completion Certificate,"Urban Local Body, Building & Civic Services",Certificate,"Normalized credential asserting the fact, status or qualification represented by “Completion Certificate”. Eligibility, evidence, validity and legal effect remain jurisdiction-specific.",Municipality / Municipal Corporation / Panchayat / Development Authority / Fire Service,Rule-dependent,Applicant Name; DOB/Entity Date; Address; Jurisdiction; Application ID; Issue Date; Issuing Authority; Digital Signature; QR/Verification URI; Status,Proposed canonical concept; local Act/Rules prevail,Digitally signed PDF + QR; VC/JSON-LD where appropriate,High,Cross-state normalization using official ServicePlus/state service catalogues
IND-ULB-010,Occupancy Certificate,"Urban Local Body, Building & Civic Services",Certificate,Certifies that a completed building is approved for occupation subject to the competent authority’s building and safety requirements.,Municipality / Municipal Corporation / Panchayat / Development Authority / Fire Service,Rule-dependent,Applicant Name; DOB/Entity Date; Address; Jurisdiction; Application ID; Issue Date; Issuing Authority; Digital Signature; QR/Verification URI; Status,Proposed canonical concept; local Act/Rules prevail,Digitally signed PDF + QR; VC/JSON-LD where appropriate,High,Cross-state normalization using official ServicePlus/state service catalogues
IND-ULB-011,Building Regularization Approval,"Urban Local Body, Building & Civic Services",Approval / NOC,"Normalized service recording administrative approval, permission or no-objection for “Building Regularization Approval”, subject to the competent authority’s conditions.",Municipality / Municipal Corporation / Panchayat / Development Authority / Fire Service,Rule-dependent,Applicant Name; DOB/Entity Date; Address; Jurisdiction; Application ID; Issue Date; Issuing Authority; Digital Signature; QR/Verification URI; Status,Proposed canonical concept; local Act/Rules prevail,Digitally signed PDF + QR; VC/JSON-LD where appropriate,Medium,Cross-state normalization using official ServicePlus/state service catalogues
IND-ULB-012,Property Tax Assessment,"Urban Local Body, Building & Civic Services",Verification / Assessment,Normalized service to verify or assess the facts represented by “Property Tax Assessment” and record the competent authority’s result.,Municipality / Municipal Corporation / Panchayat / Development Authority / Fire Service,Dynamic record / current-state,Applicant Name; DOB/Entity Date; Address; Jurisdiction; Application ID; Issue Date; Issuing Authority; Digital Signature; QR/Verification URI; Status; Survey/Plot/Property ID; Village/Ward; Ownership/Tenure,Proposed canonical concept; local Act/Rules prevail,Digitally signed PDF + QR; VC/JSON-LD where appropriate,Medium,Cross-state normalization using official ServicePlus/state service catalogues
IND-ULB-013,Property Tax Payment Receipt,"Urban Local Body, Building & Civic Services",Citizen Service,"Normalized government-to-citizen service concept for “Property Tax Payment Receipt”; the local jurisdiction retains the authoritative legal definition, workflow and service conditions.",Municipality / Municipal Corporation / Panchayat / Development Authority / Fire Service,Dynamic record / current-state,Applicant Name; DOB/Entity Date; Address; Jurisdiction; Application ID; Issue Date; Issuing Authority; Digital Signature; QR/Verification URI; Status; Survey/Plot/Property ID; Village/Ward; Ownership/Tenure,Proposed canonical concept; local Act/Rules prevail,Digitally signed PDF + QR; VC/JSON-LD where appropriate,Medium,Cross-state normalization using official ServicePlus/state service catalogues
IND-ULB-014,Property Tax No-Dues Certificate - Municipal,"Urban Local Body, Building & Civic Services",Certificate,"Normalized credential asserting the fact, status or qualification represented by “Property Tax No-Dues Certificate - Municipal”. Eligibility, evidence, validity and legal effect remain jurisdiction-specific.",Municipality / Municipal Corporation / Panchayat / Development Authority / Fire Service,Dynamic record / current-state,Applicant Name; DOB/Entity Date; Address; Jurisdiction; Application ID; Issue Date; Issuing Authority; Digital Signature; QR/Verification URI; Status; Survey/Plot/Property ID; Village/Ward; Ownership/Tenure,Proposed canonical concept; local Act/Rules prevail,Digitally signed PDF + QR; VC/JSON-LD where appropriate,High,Cross-state normalization using official ServicePlus/state service catalogues
IND-ULB-015,Municipal Property Mutation,"Urban Local Body, Building & Civic Services",Record Mutation,"Normalized service to update an authoritative government register for the change represented by “Municipal Property Mutation”, after required verification and approval.",Municipality / Municipal Corporation / Panchayat / Development Authority / Fire Service,Dynamic record / current-state,Applicant Name; DOB/Entity Date; Address; Jurisdiction; Application ID; Issue Date; Issuing Authority; Digital Signature; QR/Verification URI; Status; Survey/Plot/Property ID; Village/Ward; Ownership/Tenure,Proposed canonical concept; local Act/Rules prevail,Digitally signed PDF + QR; VC/JSON-LD where appropriate,Medium,Cross-state normalization using official ServicePlus/state service catalogues
IND-ULB-016,New Water Connection,"Urban Local Body, Building & Civic Services",Citizen Service,"Normalized government-to-citizen service concept for “New Water Connection”; the local jurisdiction retains the authoritative legal definition, workflow and service conditions.",Municipality / Municipal Corporation / Panchayat / Development Authority / Fire Service,Rule-dependent,Applicant Name; DOB/Entity Date; Address; Jurisdiction; Application ID; Issue Date; Issuing Authority; Digital Signature; QR/Verification URI; Status,Proposed canonical concept; local Act/Rules prevail,Digitally signed PDF + QR; VC/JSON-LD where appropriate,Medium,Cross-state normalization using official ServicePlus/state service catalogues
IND-ULB-017,Water Connection Transfer,"Urban Local Body, Building & Civic Services",Citizen Service,"Normalized government-to-citizen service concept for “Water Connection Transfer”; the local jurisdiction retains the authoritative legal definition, workflow and service conditions.",Municipality / Municipal Corporation / Panchayat / Development Authority / Fire Service,Rule-dependent,Applicant Name; DOB/Entity Date; Address; Jurisdiction; Application ID; Issue Date; Issuing Authority; Digital Signature; QR/Verification URI; Status,Proposed canonical concept; local Act/Rules prevail,Digitally signed PDF + QR; VC/JSON-LD where appropriate,Medium,Cross-state normalization using official ServicePlus/state service catalogues
IND-ULB-018,Water Connection Disconnection,"Urban Local Body, Building & Civic Services",Citizen Service,"Normalized government-to-citizen service concept for “Water Connection Disconnection”; the local jurisdiction retains the authoritative legal definition, workflow and service conditions.",Municipality / Municipal Corporation / Panchayat / Development Authority / Fire Service,Rule-dependent,Applicant Name; DOB/Entity Date; Address; Jurisdiction; Application ID; Issue Date; Issuing Authority; Digital Signature; QR/Verification URI; Status,Proposed canonical concept; local Act/Rules prevail,Digitally signed PDF + QR; VC/JSON-LD where appropriate,Medium,Cross-state normalization using official ServicePlus/state service catalogues
IND-ULB-019,Sewer Connection,"Urban Local Body, Building & Civic Services",Citizen Service,"Normalized government-to-citizen service concept for “Sewer Connection”; the local jurisdiction retains the authoritative legal definition, workflow and service conditions.",Municipality / Municipal Corporation / Panchayat / Development Authority / Fire Service,Rule-dependent,Applicant Name; DOB/Entity Date; Address; Jurisdiction; Application ID; Issue Date; Issuing Authority; Digital Signature; QR/Verification URI; Status,Proposed canonical concept; local Act/Rules prevail,Digitally signed PDF + QR; VC/JSON-LD where appropriate,Medium,Cross-state normalization using official ServicePlus/state service catalogues
IND-ULB-020,Sewer Connection Transfer,"Urban Local Body, Building & Civic Services",Citizen Service,"Normalized government-to-citizen service concept for “Sewer Connection Transfer”; the local jurisdiction retains the authoritative legal definition, workflow and service conditions.",Municipality / Municipal Corporation / Panchayat / Development Authority / Fire Service,Rule-dependent,Applicant Name; DOB/Entity Date; Address; Jurisdiction; Application ID; Issue Date; Issuing Authority; Digital Signature; QR/Verification URI; Status,Proposed canonical concept; local Act/Rules prevail,Digitally signed PDF + QR; VC/JSON-LD where appropriate,Medium,Cross-state normalization using official ServicePlus/state service catalogues
IND-ULB-021,Solid Waste User Registration,"Urban Local Body, Building & Civic Services",Registration,Normalized service for recording “Solid Waste User Registration” in the competent government register and issuing an acknowledgement or registration credential where applicable.,Municipality / Municipal Corporation / Panchayat / Development Authority / Fire Service,Dynamic record / current-state,Applicant Name; DOB/Entity Date; Address; Jurisdiction; Application ID; Issue Date; Issuing Authority; Digital Signature; QR/Verification URI; Status,Proposed canonical concept; local Act/Rules prevail,Digitally signed PDF + QR; VC/JSON-LD where appropriate,Medium,Cross-state normalization using official ServicePlus/state service catalogues
IND-ULB-022,Street Vendor Certificate / Certificate of Vending,"Urban Local Body, Building & Civic Services",Certificate,"Normalized credential asserting the fact, status or qualification represented by “Street Vendor Certificate / Certificate of Vending”. Eligibility, evidence, validity and legal effect remain jurisdiction-specific.",Municipality / Municipal Corporation / Panchayat / Development Authority / Fire Service,Rule-dependent,Applicant Name; DOB/Entity Date; Address; Jurisdiction; Application ID; Issue Date; Issuing Authority; Digital Signature; QR/Verification URI; Status,Proposed canonical concept; local Act/Rules prevail,Digitally signed PDF + QR; VC/JSON-LD where appropriate,High,Cross-state normalization using official ServicePlus/state service catalogues
IND-ULB-023,Hawker / Street Vendor ID,"Urban Local Body, Building & Civic Services",Citizen Service,"Normalized government-to-citizen service concept for “Hawker / Street Vendor ID”; the local jurisdiction retains the authoritative legal definition, workflow and service conditions.",Municipality / Municipal Corporation / Panchayat / Development Authority / Fire Service,Rule-dependent,Applicant Name; DOB/Entity Date; Address; Jurisdiction; Application ID; Issue Date; Issuing Authority; Digital Signature; QR/Verification URI; Status,Proposed canonical concept; local Act/Rules prevail,Digitally signed PDF + QR; VC/JSON-LD where appropriate,Medium,Cross-state normalization using official ServicePlus/state service catalogues
IND-ULB-024,Advertisement / Hoarding Permission,"Urban Local Body, Building & Civic Services",Approval / NOC,"Normalized service recording administrative approval, permission or no-objection for “Advertisement / Hoarding Permission”, subject to the competent authority’s conditions.",Municipality / Municipal Corporation / Panchayat / Development Authority / Fire Service,Rule-dependent,Applicant Name; DOB/Entity Date; Address; Jurisdiction; Application ID; Issue Date; Issuing Authority; Digital Signature; QR/Verification URI; Status,Proposed canonical concept; local Act/Rules prevail,Digitally signed PDF + QR; VC/JSON-LD where appropriate,Medium,Cross-state normalization using official ServicePlus/state service catalogues
IND-ULB-025,Community Hall Booking / Permission,"Urban Local Body, Building & Civic Services",Approval / NOC,"Normalized service recording administrative approval, permission or no-objection for “Community Hall Booking / Permission”, subject to the competent authority’s conditions.",Municipality / Municipal Corporation / Panchayat / Development Authority / Fire Service,Rule-dependent,Applicant Name; DOB/Entity Date; Address; Jurisdiction; Application ID; Issue Date; Issuing Authority; Digital Signature; QR/Verification URI; Status; Community/Category; Category List/Order Reference,Proposed canonical concept; local Act/Rules prevail,Digitally signed PDF + QR; VC/JSON-LD where appropriate,Medium,Cross-state normalization using official ServicePlus/state service catalogues
IND-ULB-026,Public Event / Cultural Programme Permission,"Urban Local Body, Building & Civic Services",Approval / NOC,"Normalized service recording administrative approval, permission or no-objection for “Public Event / Cultural Programme Permission”, subject to the competent authority’s conditions.",Municipality / Municipal Corporation / Panchayat / Development Authority / Fire Service,Rule-dependent,Applicant Name; DOB/Entity Date; Address; Jurisdiction; Application ID; Issue Date; Issuing Authority; Digital Signature; QR/Verification URI; Status,Proposed canonical concept; local Act/Rules prevail,Digitally signed PDF + QR; VC/JSON-LD where appropriate,Medium,Cross-state normalization using official ServicePlus/state service catalogues
IND-ULB-027,Tree Cutting Permission - Urban,"Urban Local Body, Building & Civic Services",Approval / NOC,"Normalized service recording administrative approval, permission or no-objection for “Tree Cutting Permission - Urban”, subject to the competent authority’s conditions.",Municipality / Municipal Corporation / Panchayat / Development Authority / Fire Service,Rule-dependent,Applicant Name; DOB/Entity Date; Address; Jurisdiction; Application ID; Issue Date; Issuing Authority; Digital Signature; QR/Verification URI; Status,Proposed canonical concept; local Act/Rules prevail,Digitally signed PDF + QR; VC/JSON-LD where appropriate,Medium,Cross-state normalization using official ServicePlus/state service catalogues
IND-ULB-028,Road Cutting Permission,"Urban Local Body, Building & Civic Services",Approval / NOC,"Normalized service recording administrative approval, permission or no-objection for “Road Cutting Permission”, subject to the competent authority’s conditions.",Municipality / Municipal Corporation / Panchayat / Development Authority / Fire Service,Rule-dependent,Applicant Name; DOB/Entity Date; Address; Jurisdiction; Application ID; Issue Date; Issuing Authority; Digital Signature; QR/Verification URI; Status,Proposed canonical concept; local Act/Rules prevail,Digitally signed PDF + QR; VC/JSON-LD where appropriate,Medium,Cross-state normalization using official ServicePlus/state service catalogues
IND-ULB-029,Fire Safety NOC for Building,"Urban Local Body, Building & Civic Services",Approval / NOC,"Normalized service recording administrative approval, permission or no-objection for “Fire Safety NOC for Building”, subject to the competent authority’s conditions.",Municipality / Municipal Corporation / Panchayat / Development Authority / Fire Service,Rule-dependent,Applicant Name; DOB/Entity Date; Address; Jurisdiction; Application ID; Issue Date; Issuing Authority; Digital Signature; QR/Verification URI; Status,Proposed canonical concept; local Act/Rules prevail,Digitally signed PDF + QR; VC/JSON-LD where appropriate,Medium,Cross-state normalization using official ServicePlus/state service catalogues
IND-ULB-030,Municipal No Objection Certificate,"Urban Local Body, Building & Civic Services",Approval / NOC,"Normalized service recording administrative approval, permission or no-objection for “Municipal No Objection Certificate”, subject to the competent authority’s conditions.",Municipality / Municipal Corporation / Panchayat / Development Authority / Fire Service,Rule-dependent,Applicant Name; DOB/Entity Date; Address; Jurisdiction; Application ID; Issue Date; Issuing Authority; Digital Signature; QR/Verification URI; Status,Proposed canonical concept; local Act/Rules prevail,Digitally signed PDF + QR; VC/JSON-LD where appropriate,Medium,Cross-state normalization using official ServicePlus/state service catalogues
IND-BTP-001,Trade Licence,"Business, Trade & Professional Citizen Services",Licence,Authorizes the specified trade/business activity at the stated premises or jurisdiction subject to applicable local/regulatory conditions.,Industry / Labour / Revenue / Local Body / Regulatory Department,Time-bound / renewable / purpose-specific,Applicant Name; DOB/Entity Date; Address; Jurisdiction; Application ID; Issue Date; Issuing Authority; Digital Signature; QR/Verification URI; Status; Valid From; Valid Until; Conditions,Proposed canonical concept; local Act/Rules prevail,Digitally signed PDF + QR; VC/JSON-LD where appropriate,High,Cross-state normalization using official ServicePlus/state service catalogues
IND-BTP-002,Trade Licence Renewal,"Business, Trade & Professional Citizen Services",Licence,"Normalized regulatory service authorizing the activity represented by “Trade Licence Renewal”, subject to local eligibility, inspection, fee, conditions and renewal rules.",Industry / Labour / Revenue / Local Body / Regulatory Department,Time-bound / renewable / purpose-specific,Applicant Name; DOB/Entity Date; Address; Jurisdiction; Application ID; Issue Date; Issuing Authority; Digital Signature; QR/Verification URI; Status; Valid From; Valid Until; Conditions,Proposed canonical concept; local Act/Rules prevail,Digitally signed PDF + QR; VC/JSON-LD where appropriate,High,Cross-state normalization using official ServicePlus/state service catalogues
IND-BTP-003,Professional Tax Registration,"Business, Trade & Professional Citizen Services",Registration,Normalized service for recording “Professional Tax Registration” in the competent government register and issuing an acknowledgement or registration credential where applicable.,Industry / Labour / Revenue / Local Body / Regulatory Department,Dynamic record / current-state,Applicant Name; DOB/Entity Date; Address; Jurisdiction; Application ID; Issue Date; Issuing Authority; Digital Signature; QR/Verification URI; Status,Proposed canonical concept; local Act/Rules prevail,Digitally signed PDF + QR; VC/JSON-LD where appropriate,Medium,Cross-state normalization using official ServicePlus/state service catalogues
IND-BTP-004,Partnership Firm Registration,"Business, Trade & Professional Citizen Services",Registration,Normalized service for recording “Partnership Firm Registration” in the competent government register and issuing an acknowledgement or registration credential where applicable.,Industry / Labour / Revenue / Local Body / Regulatory Department,Dynamic record / current-state,Applicant Name; DOB/Entity Date; Address; Jurisdiction; Application ID; Issue Date; Issuing Authority; Digital Signature; QR/Verification URI; Status,Proposed canonical concept; local Act/Rules prevail,Digitally signed PDF + QR; VC/JSON-LD where appropriate,Medium,Cross-state normalization using official ServicePlus/state service catalogues
IND-BTP-005,Partnership Firm Amendment,"Business, Trade & Professional Citizen Services",Citizen Service,"Normalized government-to-citizen service concept for “Partnership Firm Amendment”; the local jurisdiction retains the authoritative legal definition, workflow and service conditions.",Industry / Labour / Revenue / Local Body / Regulatory Department,Rule-dependent,Applicant Name; DOB/Entity Date; Address; Jurisdiction; Application ID; Issue Date; Issuing Authority; Digital Signature; QR/Verification URI; Status,Proposed canonical concept; local Act/Rules prevail,Digitally signed PDF + QR; VC/JSON-LD where appropriate,Medium,Cross-state normalization using official ServicePlus/state service catalogues
IND-BTP-006,Society / NGO Registration,"Business, Trade & Professional Citizen Services",Registration,Normalized service for recording “Society / NGO Registration” in the competent government register and issuing an acknowledgement or registration credential where applicable.,Industry / Labour / Revenue / Local Body / Regulatory Department,Dynamic record / current-state,Applicant Name; DOB/Entity Date; Address; Jurisdiction; Application ID; Issue Date; Issuing Authority; Digital Signature; QR/Verification URI; Status,Proposed canonical concept; local Act/Rules prevail,Digitally signed PDF + QR; VC/JSON-LD where appropriate,Medium,Cross-state normalization using official ServicePlus/state service catalogues
IND-BTP-007,Society Registration Renewal,"Business, Trade & Professional Citizen Services",Registration,Normalized service for recording “Society Registration Renewal” in the competent government register and issuing an acknowledgement or registration credential where applicable.,Industry / Labour / Revenue / Local Body / Regulatory Department,Dynamic record / current-state,Applicant Name; DOB/Entity Date; Address; Jurisdiction; Application ID; Issue Date; Issuing Authority; Digital Signature; QR/Verification URI; Status,Proposed canonical concept; local Act/Rules prevail,Digitally signed PDF + QR; VC/JSON-LD where appropriate,Medium,Cross-state normalization using official ServicePlus/state service catalogues
IND-BTP-008,Trust Registration,"Business, Trade & Professional Citizen Services",Registration,Normalized service for recording “Trust Registration” in the competent government register and issuing an acknowledgement or registration credential where applicable.,Industry / Labour / Revenue / Local Body / Regulatory Department,Dynamic record / current-state,Applicant Name; DOB/Entity Date; Address; Jurisdiction; Application ID; Issue Date; Issuing Authority; Digital Signature; QR/Verification URI; Status,Proposed canonical concept; local Act/Rules prevail,Digitally signed PDF + QR; VC/JSON-LD where appropriate,Medium,Cross-state normalization using official ServicePlus/state service catalogues
IND-BTP-009,Stamp Vendor Licence,"Business, Trade & Professional Citizen Services",Licence,"Normalized regulatory service authorizing the activity represented by “Stamp Vendor Licence”, subject to local eligibility, inspection, fee, conditions and renewal rules.",Industry / Labour / Revenue / Local Body / Regulatory Department,Time-bound / renewable / purpose-specific,Applicant Name; DOB/Entity Date; Address; Jurisdiction; Application ID; Issue Date; Issuing Authority; Digital Signature; QR/Verification URI; Status; Valid From; Valid Until; Conditions,Proposed canonical concept; local Act/Rules prevail,Digitally signed PDF + QR; VC/JSON-LD where appropriate,High,Cross-state normalization using official ServicePlus/state service catalogues
IND-BTP-010,Stamp Vendor Licence Renewal,"Business, Trade & Professional Citizen Services",Licence,"Normalized regulatory service authorizing the activity represented by “Stamp Vendor Licence Renewal”, subject to local eligibility, inspection, fee, conditions and renewal rules.",Industry / Labour / Revenue / Local Body / Regulatory Department,Time-bound / renewable / purpose-specific,Applicant Name; DOB/Entity Date; Address; Jurisdiction; Application ID; Issue Date; Issuing Authority; Digital Signature; QR/Verification URI; Status; Valid From; Valid Until; Conditions,Proposed canonical concept; local Act/Rules prevail,Digitally signed PDF + QR; VC/JSON-LD where appropriate,High,Cross-state normalization using official ServicePlus/state service catalogues
IND-BTP-011,Money Lending Licence,"Business, Trade & Professional Citizen Services",Licence,"Normalized regulatory service authorizing the activity represented by “Money Lending Licence”, subject to local eligibility, inspection, fee, conditions and renewal rules.",Industry / Labour / Revenue / Local Body / Regulatory Department,Time-bound / renewable / purpose-specific,Applicant Name; DOB/Entity Date; Address; Jurisdiction; Application ID; Issue Date; Issuing Authority; Digital Signature; QR/Verification URI; Status; Valid From; Valid Until; Conditions,Proposed canonical concept; local Act/Rules prevail,Digitally signed PDF + QR; VC/JSON-LD where appropriate,High,Cross-state normalization using official ServicePlus/state service catalogues
IND-BTP-012,Pawn Broker Licence,"Business, Trade & Professional Citizen Services",Licence,"Normalized regulatory service authorizing the activity represented by “Pawn Broker Licence”, subject to local eligibility, inspection, fee, conditions and renewal rules.",Industry / Labour / Revenue / Local Body / Regulatory Department,Time-bound / renewable / purpose-specific,Applicant Name; DOB/Entity Date; Address; Jurisdiction; Application ID; Issue Date; Issuing Authority; Digital Signature; QR/Verification URI; Status; Valid From; Valid Until; Conditions,Proposed canonical concept; local Act/Rules prevail,Digitally signed PDF + QR; VC/JSON-LD where appropriate,High,Cross-state normalization using official ServicePlus/state service catalogues
IND-BTP-013,Cinema / Cinematograph Licence,"Business, Trade & Professional Citizen Services",Licence,"Normalized regulatory service authorizing the activity represented by “Cinema / Cinematograph Licence”, subject to local eligibility, inspection, fee, conditions and renewal rules.",Industry / Labour / Revenue / Local Body / Regulatory Department,Time-bound / renewable / purpose-specific,Applicant Name; DOB/Entity Date; Address; Jurisdiction; Application ID; Issue Date; Issuing Authority; Digital Signature; QR/Verification URI; Status; Valid From; Valid Until; Conditions,Proposed canonical concept; local Act/Rules prevail,Digitally signed PDF + QR; VC/JSON-LD where appropriate,High,Cross-state normalization using official ServicePlus/state service catalogues
IND-BTP-014,Cinematograph Licence Renewal,"Business, Trade & Professional Citizen Services",Licence,"Normalized regulatory service authorizing the activity represented by “Cinematograph Licence Renewal”, subject to local eligibility, inspection, fee, conditions and renewal rules.",Industry / Labour / Revenue / Local Body / Regulatory Department,Time-bound / renewable / purpose-specific,Applicant Name; DOB/Entity Date; Address; Jurisdiction; Application ID; Issue Date; Issuing Authority; Digital Signature; QR/Verification URI; Status; Valid From; Valid Until; Conditions,Proposed canonical concept; local Act/Rules prevail,Digitally signed PDF + QR; VC/JSON-LD where appropriate,High,Cross-state normalization using official ServicePlus/state service catalogues
IND-BTP-015,Petroleum Storage Licence,"Business, Trade & Professional Citizen Services",Licence,"Normalized regulatory service authorizing the activity represented by “Petroleum Storage Licence”, subject to local eligibility, inspection, fee, conditions and renewal rules.",Industry / Labour / Revenue / Local Body / Regulatory Department,Time-bound / renewable / purpose-specific,Applicant Name; DOB/Entity Date; Address; Jurisdiction; Application ID; Issue Date; Issuing Authority; Digital Signature; QR/Verification URI; Status; Valid From; Valid Until; Conditions,Proposed canonical concept; local Act/Rules prevail,Digitally signed PDF + QR; VC/JSON-LD where appropriate,High,Cross-state normalization using official ServicePlus/state service catalogues
IND-BTP-016,Kerosene Dealer Licence,"Business, Trade & Professional Citizen Services",Licence,"Normalized regulatory service authorizing the activity represented by “Kerosene Dealer Licence”, subject to local eligibility, inspection, fee, conditions and renewal rules.",Industry / Labour / Revenue / Local Body / Regulatory Department,Time-bound / renewable / purpose-specific,Applicant Name; DOB/Entity Date; Address; Jurisdiction; Application ID; Issue Date; Issuing Authority; Digital Signature; QR/Verification URI; Status; Valid From; Valid Until; Conditions,Proposed canonical concept; local Act/Rules prevail,Digitally signed PDF + QR; VC/JSON-LD where appropriate,High,Cross-state normalization using official ServicePlus/state service catalogues
IND-BTP-017,Small Savings Agent Licence,"Business, Trade & Professional Citizen Services",Licence,"Normalized regulatory service authorizing the activity represented by “Small Savings Agent Licence”, subject to local eligibility, inspection, fee, conditions and renewal rules.",Industry / Labour / Revenue / Local Body / Regulatory Department,Time-bound / renewable / purpose-specific,Applicant Name; DOB/Entity Date; Address; Jurisdiction; Application ID; Issue Date; Issuing Authority; Digital Signature; QR/Verification URI; Status; Valid From; Valid Until; Conditions,Proposed canonical concept; local Act/Rules prevail,Digitally signed PDF + QR; VC/JSON-LD where appropriate,High,Cross-state normalization using official ServicePlus/state service catalogues
IND-BTP-018,Event / Cultural Programme Licence,"Business, Trade & Professional Citizen Services",Licence,"Normalized regulatory service authorizing the activity represented by “Event / Cultural Programme Licence”, subject to local eligibility, inspection, fee, conditions and renewal rules.",Industry / Labour / Revenue / Local Body / Regulatory Department,Time-bound / renewable / purpose-specific,Applicant Name; DOB/Entity Date; Address; Jurisdiction; Application ID; Issue Date; Issuing Authority; Digital Signature; QR/Verification URI; Status; Valid From; Valid Until; Conditions,Proposed canonical concept; local Act/Rules prevail,Digitally signed PDF + QR; VC/JSON-LD where appropriate,High,Cross-state normalization using official ServicePlus/state service catalogues
IND-BTP-019,Contractor Registration,"Business, Trade & Professional Citizen Services",Registration,Normalized service for recording “Contractor Registration” in the competent government register and issuing an acknowledgement or registration credential where applicable.,Industry / Labour / Revenue / Local Body / Regulatory Department,Dynamic record / current-state,Applicant Name; DOB/Entity Date; Address; Jurisdiction; Application ID; Issue Date; Issuing Authority; Digital Signature; QR/Verification URI; Status,Proposed canonical concept; local Act/Rules prevail,Digitally signed PDF + QR; VC/JSON-LD where appropriate,Medium,Cross-state normalization using official ServicePlus/state service catalogues
IND-BTP-020,Contractor Registration Renewal,"Business, Trade & Professional Citizen Services",Registration,Normalized service for recording “Contractor Registration Renewal” in the competent government register and issuing an acknowledgement or registration credential where applicable.,Industry / Labour / Revenue / Local Body / Regulatory Department,Dynamic record / current-state,Applicant Name; DOB/Entity Date; Address; Jurisdiction; Application ID; Issue Date; Issuing Authority; Digital Signature; QR/Verification URI; Status,Proposed canonical concept; local Act/Rules prevail,Digitally signed PDF + QR; VC/JSON-LD where appropriate,Medium,Cross-state normalization using official ServicePlus/state service catalogues
IND-BTP-021,Electrical Contractor Licence,"Business, Trade & Professional Citizen Services",Licence,"Normalized regulatory service authorizing the activity represented by “Electrical Contractor Licence”, subject to local eligibility, inspection, fee, conditions and renewal rules.",Industry / Labour / Revenue / Local Body / Regulatory Department,Time-bound / renewable / purpose-specific,Applicant Name; DOB/Entity Date; Address; Jurisdiction; Application ID; Issue Date; Issuing Authority; Digital Signature; QR/Verification URI; Status; Valid From; Valid Until; Conditions,Proposed canonical concept; local Act/Rules prevail,Digitally signed PDF + QR; VC/JSON-LD where appropriate,High,Cross-state normalization using official ServicePlus/state service catalogues
IND-BTP-022,Electrical Workman Permit,"Business, Trade & Professional Citizen Services",Permit,"Normalized regulatory permission for “Electrical Workman Permit” for a defined activity, location, asset or period, subject to jurisdiction-specific conditions.",Industry / Labour / Revenue / Local Body / Regulatory Department,Time-bound / renewable / purpose-specific,Applicant Name; DOB/Entity Date; Address; Jurisdiction; Application ID; Issue Date; Issuing Authority; Digital Signature; QR/Verification URI; Status; Valid From; Valid Until; Conditions,Proposed canonical concept; local Act/Rules prevail,Digitally signed PDF + QR; VC/JSON-LD where appropriate,Medium,Cross-state normalization using official ServicePlus/state service catalogues
IND-BTP-023,Boiler Registration Certificate,"Business, Trade & Professional Citizen Services",Registration,Normalized service for recording “Boiler Registration Certificate” in the competent government register and issuing an acknowledgement or registration credential where applicable.,Industry / Labour / Revenue / Local Body / Regulatory Department,Dynamic record / current-state,Applicant Name; DOB/Entity Date; Address; Jurisdiction; Application ID; Issue Date; Issuing Authority; Digital Signature; QR/Verification URI; Status,Proposed canonical concept; local Act/Rules prevail,Digitally signed PDF + QR; VC/JSON-LD where appropriate,Medium,Cross-state normalization using official ServicePlus/state service catalogues
IND-BTP-024,Boiler Fitness / Renewal Certificate,"Business, Trade & Professional Citizen Services",Renewal,"Normalized service to renew or extend an existing approval, registration or licence represented by “Boiler Fitness / Renewal Certificate”.",Industry / Labour / Revenue / Local Body / Regulatory Department,Time-bound / renewable / purpose-specific,Applicant Name; DOB/Entity Date; Address; Jurisdiction; Application ID; Issue Date; Issuing Authority; Digital Signature; QR/Verification URI; Status; Valid From; Valid Until; Conditions,Proposed canonical concept; local Act/Rules prevail,Digitally signed PDF + QR; VC/JSON-LD where appropriate,Medium,Cross-state normalization using official ServicePlus/state service catalogues
IND-BTP-025,Vendor / Artisan Registration,"Business, Trade & Professional Citizen Services",Registration,Normalized service for recording “Vendor / Artisan Registration” in the competent government register and issuing an acknowledgement or registration credential where applicable.,Industry / Labour / Revenue / Local Body / Regulatory Department,Dynamic record / current-state,Applicant Name; DOB/Entity Date; Address; Jurisdiction; Application ID; Issue Date; Issuing Authority; Digital Signature; QR/Verification URI; Status,Proposed canonical concept; local Act/Rules prevail,Digitally signed PDF + QR; VC/JSON-LD where appropriate,Medium,Cross-state normalization using official ServicePlus/state service catalogues
IND-HOM-001,Police Clearance Certificate,"Police, Home & Public Safety",Certificate,"Certifies the result of police record/antecedent verification for the stated purpose, jurisdiction and period.",Police / Home Department / District Magistrate / Fire Service,Rule-dependent,Applicant Name; DOB/Entity Date; Address; Jurisdiction; Application ID; Issue Date; Issuing Authority; Digital Signature; QR/Verification URI; Status,Proposed canonical concept; local Act/Rules prevail,Digitally signed PDF + QR; VC/JSON-LD where appropriate,High,Cross-state normalization using official ServicePlus/state service catalogues
IND-HOM-002,Police Verification Certificate,"Police, Home & Public Safety",Verification / Assessment,Normalized service to verify or assess the facts represented by “Police Verification Certificate” and record the competent authority’s result.,Police / Home Department / District Magistrate / Fire Service,Rule-dependent,Applicant Name; DOB/Entity Date; Address; Jurisdiction; Application ID; Issue Date; Issuing Authority; Digital Signature; QR/Verification URI; Status,Proposed canonical concept; local Act/Rules prevail,Digitally signed PDF + QR; VC/JSON-LD where appropriate,Medium,Cross-state normalization using official ServicePlus/state service catalogues
IND-HOM-003,Character Certificate - Police / Revenue,"Police, Home & Public Safety",Certificate,"Normalized credential asserting the fact, status or qualification represented by “Character Certificate - Police / Revenue”. Eligibility, evidence, validity and legal effect remain jurisdiction-specific.",Police / Home Department / District Magistrate / Fire Service,Rule-dependent,Applicant Name; DOB/Entity Date; Address; Jurisdiction; Application ID; Issue Date; Issuing Authority; Digital Signature; QR/Verification URI; Status,Proposed canonical concept; local Act/Rules prevail,Digitally signed PDF + QR; VC/JSON-LD where appropriate,High,Cross-state normalization using official ServicePlus/state service catalogues
IND-HOM-004,Tenant Verification,"Police, Home & Public Safety",Verification / Assessment,Normalized service to verify or assess the facts represented by “Tenant Verification” and record the competent authority’s result.,Police / Home Department / District Magistrate / Fire Service,Rule-dependent,Applicant Name; DOB/Entity Date; Address; Jurisdiction; Application ID; Issue Date; Issuing Authority; Digital Signature; QR/Verification URI; Status,Proposed canonical concept; local Act/Rules prevail,Digitally signed PDF + QR; VC/JSON-LD where appropriate,Medium,Cross-state normalization using official ServicePlus/state service catalogues
IND-HOM-005,Domestic Help / Employee Verification,"Police, Home & Public Safety",Verification / Assessment,Normalized service to verify or assess the facts represented by “Domestic Help / Employee Verification” and record the competent authority’s result.,Police / Home Department / District Magistrate / Fire Service,Rule-dependent,Applicant Name; DOB/Entity Date; Address; Jurisdiction; Application ID; Issue Date; Issuing Authority; Digital Signature; QR/Verification URI; Status,Proposed canonical concept; local Act/Rules prevail,Digitally signed PDF + QR; VC/JSON-LD where appropriate,Medium,Cross-state normalization using official ServicePlus/state service catalogues
IND-HOM-006,Passport Police Verification,"Police, Home & Public Safety",Verification / Assessment,Normalized service to verify or assess the facts represented by “Passport Police Verification” and record the competent authority’s result.,Police / Home Department / District Magistrate / Fire Service,Rule-dependent,Applicant Name; DOB/Entity Date; Address; Jurisdiction; Application ID; Issue Date; Issuing Authority; Digital Signature; QR/Verification URI; Status,Proposed canonical concept; local Act/Rules prevail,Digitally signed PDF + QR; VC/JSON-LD where appropriate,Medium,Cross-state normalization using official ServicePlus/state service catalogues
IND-HOM-007,Lost Document / Property Report,"Police, Home & Public Safety",Certified Record / Extract,"Normalized service providing an authoritative certified copy, extract or current-state record represented by “Lost Document / Property Report”.",Police / Home Department / District Magistrate / Fire Service,Dynamic record / current-state,Applicant Name; DOB/Entity Date; Address; Jurisdiction; Application ID; Issue Date; Issuing Authority; Digital Signature; QR/Verification URI; Status; Survey/Plot/Property ID; Village/Ward; Ownership/Tenure,Proposed canonical concept; local Act/Rules prevail,Digitally signed PDF + QR; VC/JSON-LD where appropriate,High,Cross-state normalization using official ServicePlus/state service catalogues
IND-HOM-008,Missing Person Report Acknowledgement,"Police, Home & Public Safety",Certified Record / Extract,"Normalized service providing an authoritative certified copy, extract or current-state record represented by “Missing Person Report Acknowledgement”.",Police / Home Department / District Magistrate / Fire Service,Rule-dependent,Applicant Name; DOB/Entity Date; Address; Jurisdiction; Application ID; Issue Date; Issuing Authority; Digital Signature; QR/Verification URI; Status,Proposed canonical concept; local Act/Rules prevail,Digitally signed PDF + QR; VC/JSON-LD where appropriate,High,Cross-state normalization using official ServicePlus/state service catalogues
IND-HOM-009,Arms Licence,"Police, Home & Public Safety",Licence,"Normalized regulatory service authorizing the activity represented by “Arms Licence”, subject to local eligibility, inspection, fee, conditions and renewal rules.",Police / Home Department / District Magistrate / Fire Service,Time-bound / renewable / purpose-specific,Applicant Name; DOB/Entity Date; Address; Jurisdiction; Application ID; Issue Date; Issuing Authority; Digital Signature; QR/Verification URI; Status; Valid From; Valid Until; Conditions,Proposed canonical concept; local Act/Rules prevail,Digitally signed PDF + QR; VC/JSON-LD where appropriate,High,Cross-state normalization using official ServicePlus/state service catalogues
IND-HOM-010,Arms Licence Renewal,"Police, Home & Public Safety",Licence,"Normalized regulatory service authorizing the activity represented by “Arms Licence Renewal”, subject to local eligibility, inspection, fee, conditions and renewal rules.",Police / Home Department / District Magistrate / Fire Service,Time-bound / renewable / purpose-specific,Applicant Name; DOB/Entity Date; Address; Jurisdiction; Application ID; Issue Date; Issuing Authority; Digital Signature; QR/Verification URI; Status; Valid From; Valid Until; Conditions,Proposed canonical concept; local Act/Rules prevail,Digitally signed PDF + QR; VC/JSON-LD where appropriate,High,Cross-state normalization using official ServicePlus/state service catalogues
IND-HOM-011,Firearm Transfer / Endorsement Service,"Police, Home & Public Safety",Citizen Service,"Normalized government-to-citizen service concept for “Firearm Transfer / Endorsement Service”; the local jurisdiction retains the authoritative legal definition, workflow and service conditions.",Police / Home Department / District Magistrate / Fire Service,Rule-dependent,Applicant Name; DOB/Entity Date; Address; Jurisdiction; Application ID; Issue Date; Issuing Authority; Digital Signature; QR/Verification URI; Status,Proposed canonical concept; local Act/Rules prevail,Digitally signed PDF + QR; VC/JSON-LD where appropriate,Medium,Cross-state normalization using official ServicePlus/state service catalogues
IND-HOM-012,Explosives / Firecracker Temporary Licence,"Police, Home & Public Safety",Licence,"Normalized regulatory service authorizing the activity represented by “Explosives / Firecracker Temporary Licence”, subject to local eligibility, inspection, fee, conditions and renewal rules.",Police / Home Department / District Magistrate / Fire Service,Time-bound / renewable / purpose-specific,Applicant Name; DOB/Entity Date; Address; Jurisdiction; Application ID; Issue Date; Issuing Authority; Digital Signature; QR/Verification URI; Status; Valid From; Valid Until; Conditions,Proposed canonical concept; local Act/Rules prevail,Digitally signed PDF + QR; VC/JSON-LD where appropriate,High,Cross-state normalization using official ServicePlus/state service catalogues
IND-HOM-013,Fire NOC,"Police, Home & Public Safety",Approval / NOC,"Normalized service recording administrative approval, permission or no-objection for “Fire NOC”, subject to the competent authority’s conditions.",Police / Home Department / District Magistrate / Fire Service,Rule-dependent,Applicant Name; DOB/Entity Date; Address; Jurisdiction; Application ID; Issue Date; Issuing Authority; Digital Signature; QR/Verification URI; Status,Proposed canonical concept; local Act/Rules prevail,Digitally signed PDF + QR; VC/JSON-LD where appropriate,Medium,Cross-state normalization using official ServicePlus/state service catalogues
IND-HOM-014,Civil Defence Volunteer Enrollment,"Police, Home & Public Safety",Registration,Normalized service for recording “Civil Defence Volunteer Enrollment” in the competent government register and issuing an acknowledgement or registration credential where applicable.,Police / Home Department / District Magistrate / Fire Service,Rule-dependent,Applicant Name; DOB/Entity Date; Address; Jurisdiction; Application ID; Issue Date; Issuing Authority; Digital Signature; QR/Verification URI; Status,Proposed canonical concept; local Act/Rules prevail,Digitally signed PDF + QR; VC/JSON-LD where appropriate,Medium,Cross-state normalization using official ServicePlus/state service catalogues
IND-HOM-015,Public Assembly / Procession Permission,"Police, Home & Public Safety",Approval / NOC,"Normalized service recording administrative approval, permission or no-objection for “Public Assembly / Procession Permission”, subject to the competent authority’s conditions.",Police / Home Department / District Magistrate / Fire Service,Rule-dependent,Applicant Name; DOB/Entity Date; Address; Jurisdiction; Application ID; Issue Date; Issuing Authority; Digital Signature; QR/Verification URI; Status,Proposed canonical concept; local Act/Rules prevail,Digitally signed PDF + QR; VC/JSON-LD where appropriate,Medium,Cross-state normalization using official ServicePlus/state service catalogues
IND-HOM-016,Loudspeaker / Sound Permission,"Police, Home & Public Safety",Approval / NOC,"Normalized service recording administrative approval, permission or no-objection for “Loudspeaker / Sound Permission”, subject to the competent authority’s conditions.",Police / Home Department / District Magistrate / Fire Service,Rule-dependent,Applicant Name; DOB/Entity Date; Address; Jurisdiction; Application ID; Issue Date; Issuing Authority; Digital Signature; QR/Verification URI; Status,Proposed canonical concept; local Act/Rules prevail,Digitally signed PDF + QR; VC/JSON-LD where appropriate,Medium,Cross-state normalization using official ServicePlus/state service catalogues
IND-HOM-017,Event Security Permission,"Police, Home & Public Safety",Approval / NOC,"Normalized service recording administrative approval, permission or no-objection for “Event Security Permission”, subject to the competent authority’s conditions.",Police / Home Department / District Magistrate / Fire Service,Rule-dependent,Applicant Name; DOB/Entity Date; Address; Jurisdiction; Application ID; Issue Date; Issuing Authority; Digital Signature; QR/Verification URI; Status,Proposed canonical concept; local Act/Rules prevail,Digitally signed PDF + QR; VC/JSON-LD where appropriate,Medium,Cross-state normalization using official ServicePlus/state service catalogues
IND-HOM-018,Private Security Agency Licence,"Police, Home & Public Safety",Licence,"Normalized regulatory service authorizing the activity represented by “Private Security Agency Licence”, subject to local eligibility, inspection, fee, conditions and renewal rules.",Police / Home Department / District Magistrate / Fire Service,Time-bound / renewable / purpose-specific,Applicant Name; DOB/Entity Date; Address; Jurisdiction; Application ID; Issue Date; Issuing Authority; Digital Signature; QR/Verification URI; Status; Valid From; Valid Until; Conditions,Proposed canonical concept; local Act/Rules prevail,Digitally signed PDF + QR; VC/JSON-LD where appropriate,High,Cross-state normalization using official ServicePlus/state service catalogues
IND-HOM-019,Private Security Guard Verification,"Police, Home & Public Safety",Verification / Assessment,Normalized service to verify or assess the facts represented by “Private Security Guard Verification” and record the competent authority’s result.,Police / Home Department / District Magistrate / Fire Service,Rule-dependent,Applicant Name; DOB/Entity Date; Address; Jurisdiction; Application ID; Issue Date; Issuing Authority; Digital Signature; QR/Verification URI; Status,Proposed canonical concept; local Act/Rules prevail,Digitally signed PDF + QR; VC/JSON-LD where appropriate,Medium,Cross-state normalization using official ServicePlus/state service catalogues
IND-HOM-020,Disaster Volunteer Registration,"Police, Home & Public Safety",Registration,Normalized service for recording “Disaster Volunteer Registration” in the competent government register and issuing an acknowledgement or registration credential where applicable.,Police / Home Department / District Magistrate / Fire Service,Dynamic record / current-state,Applicant Name; DOB/Entity Date; Address; Jurisdiction; Application ID; Issue Date; Issuing Authority; Digital Signature; QR/Verification URI; Status,Proposed canonical concept; local Act/Rules prevail,Digitally signed PDF + QR; VC/JSON-LD where appropriate,Medium,Cross-state normalization using official ServicePlus/state service catalogues
IND-ENV-001,Tree Felling / Cutting Permission,"Environment, Forest & Wildlife",Approval / NOC,"Normalized service recording administrative approval, permission or no-objection for “Tree Felling / Cutting Permission”, subject to the competent authority’s conditions.",Forest / Environment / Pollution Control / Local Authority,Rule-dependent,Applicant Name; DOB/Entity Date; Address; Jurisdiction; Application ID; Issue Date; Issuing Authority; Digital Signature; QR/Verification URI; Status,Proposed canonical concept; local Act/Rules prevail,Digitally signed PDF + QR; VC/JSON-LD where appropriate,Medium,Cross-state normalization using official ServicePlus/state service catalogues
IND-ENV-002,Tree Transit Permit,"Environment, Forest & Wildlife",Permit,"Normalized regulatory permission for “Tree Transit Permit” for a defined activity, location, asset or period, subject to jurisdiction-specific conditions.",Forest / Environment / Pollution Control / Local Authority,Time-bound / renewable / purpose-specific,Applicant Name; DOB/Entity Date; Address; Jurisdiction; Application ID; Issue Date; Issuing Authority; Digital Signature; QR/Verification URI; Status; Valid From; Valid Until; Conditions,Proposed canonical concept; local Act/Rules prevail,Digitally signed PDF + QR; VC/JSON-LD where appropriate,Medium,Cross-state normalization using official ServicePlus/state service catalogues
IND-ENV-003,Forest Produce Transit Permit,"Environment, Forest & Wildlife",Permit,"Normalized regulatory permission for “Forest Produce Transit Permit” for a defined activity, location, asset or period, subject to jurisdiction-specific conditions.",Forest / Environment / Pollution Control / Local Authority,Time-bound / renewable / purpose-specific,Applicant Name; DOB/Entity Date; Address; Jurisdiction; Application ID; Issue Date; Issuing Authority; Digital Signature; QR/Verification URI; Status; Valid From; Valid Until; Conditions,Proposed canonical concept; local Act/Rules prevail,Digitally signed PDF + QR; VC/JSON-LD where appropriate,Medium,Cross-state normalization using official ServicePlus/state service catalogues
IND-ENV-004,Minor Forest Produce Collection Permit,"Environment, Forest & Wildlife",Permit,"Normalized regulatory permission for “Minor Forest Produce Collection Permit” for a defined activity, location, asset or period, subject to jurisdiction-specific conditions.",Forest / Environment / Pollution Control / Local Authority,Time-bound / renewable / purpose-specific,Applicant Name; DOB/Entity Date; Address; Jurisdiction; Application ID; Issue Date; Issuing Authority; Digital Signature; QR/Verification URI; Status; Valid From; Valid Until; Conditions,Proposed canonical concept; local Act/Rules prevail,Digitally signed PDF + QR; VC/JSON-LD where appropriate,Medium,Cross-state normalization using official ServicePlus/state service catalogues
IND-ENV-005,Forest Rights Title / Certificate,"Environment, Forest & Wildlife",Certificate,"Normalized credential asserting the fact, status or qualification represented by “Forest Rights Title / Certificate”. Eligibility, evidence, validity and legal effect remain jurisdiction-specific.",Forest / Environment / Pollution Control / Local Authority,Rule-dependent,Applicant Name; DOB/Entity Date; Address; Jurisdiction; Application ID; Issue Date; Issuing Authority; Digital Signature; QR/Verification URI; Status,Proposed canonical concept; local Act/Rules prevail,Digitally signed PDF + QR; VC/JSON-LD where appropriate,High,Cross-state normalization using official ServicePlus/state service catalogues
IND-ENV-006,Community Forest Rights Certificate,"Environment, Forest & Wildlife",Certificate,"Normalized credential asserting the fact, status or qualification represented by “Community Forest Rights Certificate”. Eligibility, evidence, validity and legal effect remain jurisdiction-specific.",Forest / Environment / Pollution Control / Local Authority,Rule-dependent,Applicant Name; DOB/Entity Date; Address; Jurisdiction; Application ID; Issue Date; Issuing Authority; Digital Signature; QR/Verification URI; Status; Community/Category; Category List/Order Reference,Proposed canonical concept; local Act/Rules prevail,Digitally signed PDF + QR; VC/JSON-LD where appropriate,High,Cross-state normalization using official ServicePlus/state service catalogues
IND-ENV-007,Wildlife Damage Compensation,"Environment, Forest & Wildlife",Citizen Service,"Normalized government-to-citizen service concept for “Wildlife Damage Compensation”; the local jurisdiction retains the authoritative legal definition, workflow and service conditions.",Forest / Environment / Pollution Control / Local Authority,Rule-dependent,Applicant Name; DOB/Entity Date; Address; Jurisdiction; Application ID; Issue Date; Issuing Authority; Digital Signature; QR/Verification URI; Status,Proposed canonical concept; local Act/Rules prevail,Digitally signed PDF + QR; VC/JSON-LD where appropriate,Medium,Cross-state normalization using official ServicePlus/state service catalogues
IND-ENV-008,Human-Wildlife Conflict Compensation,"Environment, Forest & Wildlife",Citizen Service,"Normalized government-to-citizen service concept for “Human-Wildlife Conflict Compensation”; the local jurisdiction retains the authoritative legal definition, workflow and service conditions.",Forest / Environment / Pollution Control / Local Authority,Rule-dependent,Applicant Name; DOB/Entity Date; Address; Jurisdiction; Application ID; Issue Date; Issuing Authority; Digital Signature; QR/Verification URI; Status,Proposed canonical concept; local Act/Rules prevail,Digitally signed PDF + QR; VC/JSON-LD where appropriate,Medium,Cross-state normalization using official ServicePlus/state service catalogues
IND-ENV-009,Pet Animal Registration,"Environment, Forest & Wildlife",Registration,Normalized service for recording “Pet Animal Registration” in the competent government register and issuing an acknowledgement or registration credential where applicable.,Forest / Environment / Pollution Control / Local Authority,Dynamic record / current-state,Applicant Name; DOB/Entity Date; Address; Jurisdiction; Application ID; Issue Date; Issuing Authority; Digital Signature; QR/Verification URI; Status,Proposed canonical concept; local Act/Rules prevail,Digitally signed PDF + QR; VC/JSON-LD where appropriate,Medium,Cross-state normalization using official ServicePlus/state service catalogues
IND-ENV-010,Dog Registration Licence,"Environment, Forest & Wildlife",Licence,"Normalized regulatory service authorizing the activity represented by “Dog Registration Licence”, subject to local eligibility, inspection, fee, conditions and renewal rules.",Forest / Environment / Pollution Control / Local Authority,Time-bound / renewable / purpose-specific,Applicant Name; DOB/Entity Date; Address; Jurisdiction; Application ID; Issue Date; Issuing Authority; Digital Signature; QR/Verification URI; Status; Valid From; Valid Until; Conditions,Proposed canonical concept; local Act/Rules prevail,Digitally signed PDF + QR; VC/JSON-LD where appropriate,High,Cross-state normalization using official ServicePlus/state service catalogues
IND-ENV-011,Pollution Consent / NOC for Small Establishment,"Environment, Forest & Wildlife",Approval / NOC,"Normalized service recording administrative approval, permission or no-objection for “Pollution Consent / NOC for Small Establishment”, subject to the competent authority’s conditions.",Forest / Environment / Pollution Control / Local Authority,Rule-dependent,Applicant Name; DOB/Entity Date; Address; Jurisdiction; Application ID; Issue Date; Issuing Authority; Digital Signature; QR/Verification URI; Status,Proposed canonical concept; local Act/Rules prevail,Digitally signed PDF + QR; VC/JSON-LD where appropriate,Medium,Cross-state normalization using official ServicePlus/state service catalogues
IND-ENV-012,Environmental Clearance / Local NOC,"Environment, Forest & Wildlife",Approval / NOC,"Normalized service recording administrative approval, permission or no-objection for “Environmental Clearance / Local NOC”, subject to the competent authority’s conditions.",Forest / Environment / Pollution Control / Local Authority,Rule-dependent,Applicant Name; DOB/Entity Date; Address; Jurisdiction; Application ID; Issue Date; Issuing Authority; Digital Signature; QR/Verification URI; Status,Proposed canonical concept; local Act/Rules prevail,Digitally signed PDF + QR; VC/JSON-LD where appropriate,Medium,Cross-state normalization using official ServicePlus/state service catalogues
IND-ENV-013,Groundwater Extraction Permission,"Environment, Forest & Wildlife",Certified Record / Extract,"Normalized service providing an authoritative certified copy, extract or current-state record represented by “Groundwater Extraction Permission”.",Forest / Environment / Pollution Control / Local Authority,Dynamic record / current-state,Applicant Name; DOB/Entity Date; Address; Jurisdiction; Application ID; Issue Date; Issuing Authority; Digital Signature; QR/Verification URI; Status,Proposed canonical concept; local Act/Rules prevail,Digitally signed PDF + QR; VC/JSON-LD where appropriate,High,Cross-state normalization using official ServicePlus/state service catalogues
IND-ENV-014,Wetland / Coastal Local Permission,"Environment, Forest & Wildlife",Approval / NOC,"Normalized service recording administrative approval, permission or no-objection for “Wetland / Coastal Local Permission”, subject to the competent authority’s conditions.",Forest / Environment / Pollution Control / Local Authority,Dynamic record / current-state,Applicant Name; DOB/Entity Date; Address; Jurisdiction; Application ID; Issue Date; Issuing Authority; Digital Signature; QR/Verification URI; Status; Survey/Plot/Property ID; Village/Ward; Ownership/Tenure,Proposed canonical concept; local Act/Rules prevail,Digitally signed PDF + QR; VC/JSON-LD where appropriate,Medium,Cross-state normalization using official ServicePlus/state service catalogues
IND-ENV-015,Eco-Club / Environmental Grant Registration,"Environment, Forest & Wildlife",Registration,Normalized service for recording “Eco-Club / Environmental Grant Registration” in the competent government register and issuing an acknowledgement or registration credential where applicable.,Forest / Environment / Pollution Control / Local Authority,Dynamic record / current-state,Applicant Name; DOB/Entity Date; Address; Jurisdiction; Application ID; Issue Date; Issuing Authority; Digital Signature; QR/Verification URI; Status,Proposed canonical concept; local Act/Rules prevail,Digitally signed PDF + QR; VC/JSON-LD where appropriate,Medium,Cross-state normalization using official ServicePlus/state service catalogues
IND-UTL-001,New Electricity Connection,Utilities & Infrastructure,Citizen Service,"Normalized government-to-citizen service concept for “New Electricity Connection”; the local jurisdiction retains the authoritative legal definition, workflow and service conditions.",Electricity / Water / Gas / Utility Authority / Local Body,Rule-dependent,Applicant Name; DOB/Entity Date; Address; Jurisdiction; Application ID; Issue Date; Issuing Authority; Digital Signature; QR/Verification URI; Status,Proposed canonical concept; local Act/Rules prevail,Digitally signed PDF + QR; VC/JSON-LD where appropriate,Medium,Cross-state normalization using official ServicePlus/state service catalogues
IND-UTL-002,Electricity Connection Name Transfer,Utilities & Infrastructure,Citizen Service,"Normalized government-to-citizen service concept for “Electricity Connection Name Transfer”; the local jurisdiction retains the authoritative legal definition, workflow and service conditions.",Electricity / Water / Gas / Utility Authority / Local Body,Rule-dependent,Applicant Name; DOB/Entity Date; Address; Jurisdiction; Application ID; Issue Date; Issuing Authority; Digital Signature; QR/Verification URI; Status,Proposed canonical concept; local Act/Rules prevail,Digitally signed PDF + QR; VC/JSON-LD where appropriate,Medium,Cross-state normalization using official ServicePlus/state service catalogues
IND-UTL-003,Electricity Load Enhancement,Utilities & Infrastructure,Citizen Service,"Normalized government-to-citizen service concept for “Electricity Load Enhancement”; the local jurisdiction retains the authoritative legal definition, workflow and service conditions.",Electricity / Water / Gas / Utility Authority / Local Body,Rule-dependent,Applicant Name; DOB/Entity Date; Address; Jurisdiction; Application ID; Issue Date; Issuing Authority; Digital Signature; QR/Verification URI; Status,Proposed canonical concept; local Act/Rules prevail,Digitally signed PDF + QR; VC/JSON-LD where appropriate,Medium,Cross-state normalization using official ServicePlus/state service catalogues
IND-UTL-004,Electricity Disconnection,Utilities & Infrastructure,Citizen Service,"Normalized government-to-citizen service concept for “Electricity Disconnection”; the local jurisdiction retains the authoritative legal definition, workflow and service conditions.",Electricity / Water / Gas / Utility Authority / Local Body,Rule-dependent,Applicant Name; DOB/Entity Date; Address; Jurisdiction; Application ID; Issue Date; Issuing Authority; Digital Signature; QR/Verification URI; Status,Proposed canonical concept; local Act/Rules prevail,Digitally signed PDF + QR; VC/JSON-LD where appropriate,Medium,Cross-state normalization using official ServicePlus/state service catalogues
IND-UTL-005,Electricity Reconnection,Utilities & Infrastructure,Citizen Service,"Normalized government-to-citizen service concept for “Electricity Reconnection”; the local jurisdiction retains the authoritative legal definition, workflow and service conditions.",Electricity / Water / Gas / Utility Authority / Local Body,Rule-dependent,Applicant Name; DOB/Entity Date; Address; Jurisdiction; Application ID; Issue Date; Issuing Authority; Digital Signature; QR/Verification URI; Status,Proposed canonical concept; local Act/Rules prevail,Digitally signed PDF + QR; VC/JSON-LD where appropriate,Medium,Cross-state normalization using official ServicePlus/state service catalogues
IND-UTL-006,Electricity No-Dues Certificate,Utilities & Infrastructure,Certificate,"Normalized credential asserting the fact, status or qualification represented by “Electricity No-Dues Certificate”. Eligibility, evidence, validity and legal effect remain jurisdiction-specific.",Electricity / Water / Gas / Utility Authority / Local Body,Rule-dependent,Applicant Name; DOB/Entity Date; Address; Jurisdiction; Application ID; Issue Date; Issuing Authority; Digital Signature; QR/Verification URI; Status,Proposed canonical concept; local Act/Rules prevail,Digitally signed PDF + QR; VC/JSON-LD where appropriate,High,Cross-state normalization using official ServicePlus/state service catalogues
IND-UTL-007,New Water Supply Connection - Rural,Utilities & Infrastructure,Citizen Service,"Normalized government-to-citizen service concept for “New Water Supply Connection - Rural”; the local jurisdiction retains the authoritative legal definition, workflow and service conditions.",Electricity / Water / Gas / Utility Authority / Local Body,Rule-dependent,Applicant Name; DOB/Entity Date; Address; Jurisdiction; Application ID; Issue Date; Issuing Authority; Digital Signature; QR/Verification URI; Status,Proposed canonical concept; local Act/Rules prevail,Digitally signed PDF + QR; VC/JSON-LD where appropriate,Medium,Cross-state normalization using official ServicePlus/state service catalogues
IND-UTL-008,Rural Water Connection Transfer,Utilities & Infrastructure,Citizen Service,"Normalized government-to-citizen service concept for “Rural Water Connection Transfer”; the local jurisdiction retains the authoritative legal definition, workflow and service conditions.",Electricity / Water / Gas / Utility Authority / Local Body,Rule-dependent,Applicant Name; DOB/Entity Date; Address; Jurisdiction; Application ID; Issue Date; Issuing Authority; Digital Signature; QR/Verification URI; Status,Proposed canonical concept; local Act/Rules prevail,Digitally signed PDF + QR; VC/JSON-LD where appropriate,Medium,Cross-state normalization using official ServicePlus/state service catalogues
IND-UTL-009,LPG Connection Eligibility / Recommendation,Utilities & Infrastructure,Citizen Service,"Normalized government-to-citizen service concept for “LPG Connection Eligibility / Recommendation”; the local jurisdiction retains the authoritative legal definition, workflow and service conditions.",Electricity / Water / Gas / Utility Authority / Local Body,Rule-dependent,Applicant Name; DOB/Entity Date; Address; Jurisdiction; Application ID; Issue Date; Issuing Authority; Digital Signature; QR/Verification URI; Status,Proposed canonical concept; local Act/Rules prevail,Digitally signed PDF + QR; VC/JSON-LD where appropriate,Medium,Cross-state normalization using official ServicePlus/state service catalogues
IND-UTL-010,Piped Gas Connection Service,Utilities & Infrastructure,Citizen Service,"Normalized government-to-citizen service concept for “Piped Gas Connection Service”; the local jurisdiction retains the authoritative legal definition, workflow and service conditions.",Electricity / Water / Gas / Utility Authority / Local Body,Rule-dependent,Applicant Name; DOB/Entity Date; Address; Jurisdiction; Application ID; Issue Date; Issuing Authority; Digital Signature; QR/Verification URI; Status,Proposed canonical concept; local Act/Rules prevail,Digitally signed PDF + QR; VC/JSON-LD where appropriate,Medium,Cross-state normalization using official ServicePlus/state service catalogues
IND-UTL-011,Street Light Complaint / Service,Utilities & Infrastructure,Citizen Service,"Normalized government-to-citizen service concept for “Street Light Complaint / Service”; the local jurisdiction retains the authoritative legal definition, workflow and service conditions.",Electricity / Water / Gas / Utility Authority / Local Body,Rule-dependent,Applicant Name; DOB/Entity Date; Address; Jurisdiction; Application ID; Issue Date; Issuing Authority; Digital Signature; QR/Verification URI; Status,Proposed canonical concept; local Act/Rules prevail,Digitally signed PDF + QR; VC/JSON-LD where appropriate,Medium,Cross-state normalization using official ServicePlus/state service catalogues
IND-UTL-012,Telecom / Broadband Right-of-Way Permission,Utilities & Infrastructure,Approval / NOC,"Normalized service recording administrative approval, permission or no-objection for “Telecom / Broadband Right-of-Way Permission”, subject to the competent authority’s conditions.",Electricity / Water / Gas / Utility Authority / Local Body,Rule-dependent,Applicant Name; DOB/Entity Date; Address; Jurisdiction; Application ID; Issue Date; Issuing Authority; Digital Signature; QR/Verification URI; Status,Proposed canonical concept; local Act/Rules prevail,Digitally signed PDF + QR; VC/JSON-LD where appropriate,Medium,Cross-state normalization using official ServicePlus/state service catalogues
IND-UTL-013,Household Sanitation / Toilet Assistance,Utilities & Infrastructure,Benefit / Entitlement,"Normalized service for determining, sanctioning or maintaining citizen entitlement under “Household Sanitation / Toilet Assistance”, subject to the applicable scheme and eligibility rules.",Electricity / Water / Gas / Utility Authority / Local Body,Rule-dependent,Applicant Name; DOB/Entity Date; Address; Jurisdiction; Application ID; Issue Date; Issuing Authority; Digital Signature; QR/Verification URI; Status,Proposed canonical concept; local Act/Rules prevail,Digitally signed PDF + QR; VC/JSON-LD where appropriate,Medium,Cross-state normalization using official ServicePlus/state service catalogues
IND-UTL-014,Drainage Connection / Service,Utilities & Infrastructure,Citizen Service,"Normalized government-to-citizen service concept for “Drainage Connection / Service”; the local jurisdiction retains the authoritative legal definition, workflow and service conditions.",Electricity / Water / Gas / Utility Authority / Local Body,Rule-dependent,Applicant Name; DOB/Entity Date; Address; Jurisdiction; Application ID; Issue Date; Issuing Authority; Digital Signature; QR/Verification URI; Status,Proposed canonical concept; local Act/Rules prevail,Digitally signed PDF + QR; VC/JSON-LD where appropriate,Medium,Cross-state normalization using official ServicePlus/state service catalogues
IND-UTL-015,Utility Service No-Dues Certificate,Utilities & Infrastructure,Certificate,"Normalized credential asserting the fact, status or qualification represented by “Utility Service No-Dues Certificate”. Eligibility, evidence, validity and legal effect remain jurisdiction-specific.",Electricity / Water / Gas / Utility Authority / Local Body,Rule-dependent,Applicant Name; DOB/Entity Date; Address; Jurisdiction; Application ID; Issue Date; Issuing Authority; Digital Signature; QR/Verification URI; Status,Proposed canonical concept; local Act/Rules prevail,Digitally signed PDF + QR; VC/JSON-LD where appropriate,High,Cross-state normalization using official ServicePlus/state service catalogues
IND-DRM-001,Natural Disaster Damage Certificate,"Disaster, Relief & Compensation",Certificate,"Normalized credential asserting the fact, status or qualification represented by “Natural Disaster Damage Certificate”. Eligibility, evidence, validity and legal effect remain jurisdiction-specific.",District Administration / Disaster Management / Revenue Department,Rule-dependent,Applicant Name; DOB/Entity Date; Address; Jurisdiction; Application ID; Issue Date; Issuing Authority; Digital Signature; QR/Verification URI; Status,Proposed canonical concept; local Act/Rules prevail,Digitally signed PDF + QR; VC/JSON-LD where appropriate,High,Cross-state normalization using official ServicePlus/state service catalogues
IND-DRM-002,House Damage Assessment Certificate,"Disaster, Relief & Compensation",Verification / Assessment,Normalized service to verify or assess the facts represented by “House Damage Assessment Certificate” and record the competent authority’s result.,District Administration / Disaster Management / Revenue Department,Rule-dependent,Applicant Name; DOB/Entity Date; Address; Jurisdiction; Application ID; Issue Date; Issuing Authority; Digital Signature; QR/Verification URI; Status,Proposed canonical concept; local Act/Rules prevail,Digitally signed PDF + QR; VC/JSON-LD where appropriate,Medium,Cross-state normalization using official ServicePlus/state service catalogues
IND-DRM-003,Crop Disaster Loss Certificate,"Disaster, Relief & Compensation",Certificate,"Normalized credential asserting the fact, status or qualification represented by “Crop Disaster Loss Certificate”. Eligibility, evidence, validity and legal effect remain jurisdiction-specific.",District Administration / Disaster Management / Revenue Department,Rule-dependent,Applicant Name; DOB/Entity Date; Address; Jurisdiction; Application ID; Issue Date; Issuing Authority; Digital Signature; QR/Verification URI; Status,Proposed canonical concept; local Act/Rules prevail,Digitally signed PDF + QR; VC/JSON-LD where appropriate,High,Cross-state normalization using official ServicePlus/state service catalogues
IND-DRM-004,Livestock Loss Certificate,"Disaster, Relief & Compensation",Certificate,"Normalized credential asserting the fact, status or qualification represented by “Livestock Loss Certificate”. Eligibility, evidence, validity and legal effect remain jurisdiction-specific.",District Administration / Disaster Management / Revenue Department,Rule-dependent,Applicant Name; DOB/Entity Date; Address; Jurisdiction; Application ID; Issue Date; Issuing Authority; Digital Signature; QR/Verification URI; Status,Proposed canonical concept; local Act/Rules prevail,Digitally signed PDF + QR; VC/JSON-LD where appropriate,High,Cross-state normalization using official ServicePlus/state service catalogues
IND-DRM-005,Death Due to Disaster Certificate / Verification,"Disaster, Relief & Compensation",Verification / Assessment,Normalized service to verify or assess the facts represented by “Death Due to Disaster Certificate / Verification” and record the competent authority’s result.,District Administration / Disaster Management / Revenue Department,Rule-dependent,Applicant Name; DOB/Entity Date; Address; Jurisdiction; Application ID; Issue Date; Issuing Authority; Digital Signature; QR/Verification URI; Status; Event Date; Event Place; Registration Number,Proposed canonical concept; local Act/Rules prevail,Digitally signed PDF + QR; VC/JSON-LD where appropriate,Medium,Cross-state normalization using official ServicePlus/state service catalogues
IND-DRM-006,Injury Due to Disaster Certificate / Verification,"Disaster, Relief & Compensation",Verification / Assessment,Normalized service to verify or assess the facts represented by “Injury Due to Disaster Certificate / Verification” and record the competent authority’s result.,District Administration / Disaster Management / Revenue Department,Rule-dependent,Applicant Name; DOB/Entity Date; Address; Jurisdiction; Application ID; Issue Date; Issuing Authority; Digital Signature; QR/Verification URI; Status,Proposed canonical concept; local Act/Rules prevail,Digitally signed PDF + QR; VC/JSON-LD where appropriate,Medium,Cross-state normalization using official ServicePlus/state service catalogues
IND-DRM-007,Ex-Gratia Relief Application,"Disaster, Relief & Compensation",Citizen Service,"Normalized government-to-citizen service concept for “Ex-Gratia Relief Application”; the local jurisdiction retains the authoritative legal definition, workflow and service conditions.",District Administration / Disaster Management / Revenue Department,Rule-dependent,Applicant Name; DOB/Entity Date; Address; Jurisdiction; Application ID; Issue Date; Issuing Authority; Digital Signature; QR/Verification URI; Status,Proposed canonical concept; local Act/Rules prevail,Digitally signed PDF + QR; VC/JSON-LD where appropriate,Medium,Cross-state normalization using official ServicePlus/state service catalogues
IND-DRM-008,Disaster Rehabilitation Assistance,"Disaster, Relief & Compensation",Benefit / Entitlement,"Normalized service for determining, sanctioning or maintaining citizen entitlement under “Disaster Rehabilitation Assistance”, subject to the applicable scheme and eligibility rules.",District Administration / Disaster Management / Revenue Department,Rule-dependent,Applicant Name; DOB/Entity Date; Address; Jurisdiction; Application ID; Issue Date; Issuing Authority; Digital Signature; QR/Verification URI; Status,Proposed canonical concept; local Act/Rules prevail,Digitally signed PDF + QR; VC/JSON-LD where appropriate,Medium,Cross-state normalization using official ServicePlus/state service catalogues
IND-DRM-009,Fire Accident Loss Certificate,"Disaster, Relief & Compensation",Certificate,"Normalized credential asserting the fact, status or qualification represented by “Fire Accident Loss Certificate”. Eligibility, evidence, validity and legal effect remain jurisdiction-specific.",District Administration / Disaster Management / Revenue Department,Rule-dependent,Applicant Name; DOB/Entity Date; Address; Jurisdiction; Application ID; Issue Date; Issuing Authority; Digital Signature; QR/Verification URI; Status,Proposed canonical concept; local Act/Rules prevail,Digitally signed PDF + QR; VC/JSON-LD where appropriate,High,Cross-state normalization using official ServicePlus/state service catalogues
IND-DRM-010,Emergency Relief Beneficiary Registration,"Disaster, Relief & Compensation",Registration,Normalized service for recording “Emergency Relief Beneficiary Registration” in the competent government register and issuing an acknowledgement or registration credential where applicable.,District Administration / Disaster Management / Revenue Department,Dynamic record / current-state,Applicant Name; DOB/Entity Date; Address; Jurisdiction; Application ID; Issue Date; Issuing Authority; Digital Signature; QR/Verification URI; Status,Proposed canonical concept; local Act/Rules prevail,Digitally signed PDF + QR; VC/JSON-LD where appropriate,Medium,Cross-state normalization using official ServicePlus/state service catalogues
IND-SPC-001,Ex-Servicemen Identity Card,"Special Status, Government Employee & Ex-Servicemen",Identity / Entitlement Card,Normalized service to issue or maintain the official identity/entitlement credential represented by “Ex-Servicemen Identity Card”.,Sainik Welfare / Personnel / Pension / Revenue / Competent Department,Rule-dependent,Applicant Name; DOB/Entity Date; Address; Jurisdiction; Application ID; Issue Date; Issuing Authority; Digital Signature; QR/Verification URI; Status,Proposed canonical concept; local Act/Rules prevail,Digitally signed PDF + QR; VC/JSON-LD where appropriate,High,Cross-state normalization using official ServicePlus/state service catalogues
IND-SPC-002,Dependent of Ex-Servicemen Certificate,"Special Status, Government Employee & Ex-Servicemen",Certificate,"Normalized credential asserting the fact, status or qualification represented by “Dependent of Ex-Servicemen Certificate”. Eligibility, evidence, validity and legal effect remain jurisdiction-specific.",Sainik Welfare / Personnel / Pension / Revenue / Competent Department,Rule-dependent,Applicant Name; DOB/Entity Date; Address; Jurisdiction; Application ID; Issue Date; Issuing Authority; Digital Signature; QR/Verification URI; Status,Proposed canonical concept; local Act/Rules prevail,Digitally signed PDF + QR; VC/JSON-LD where appropriate,High,Cross-state normalization using official ServicePlus/state service catalogues
IND-SPC-003,War Widow / Defence Widow Certificate,"Special Status, Government Employee & Ex-Servicemen",Certificate,"Normalized credential asserting the fact, status or qualification represented by “War Widow / Defence Widow Certificate”. Eligibility, evidence, validity and legal effect remain jurisdiction-specific.",Sainik Welfare / Personnel / Pension / Revenue / Competent Department,Rule-dependent,Applicant Name; DOB/Entity Date; Address; Jurisdiction; Application ID; Issue Date; Issuing Authority; Digital Signature; QR/Verification URI; Status,Proposed canonical concept; local Act/Rules prevail,Digitally signed PDF + QR; VC/JSON-LD where appropriate,High,Cross-state normalization using official ServicePlus/state service catalogues
IND-SPC-004,Freedom Fighter Certificate,"Special Status, Government Employee & Ex-Servicemen",Certificate,"Normalized credential asserting the fact, status or qualification represented by “Freedom Fighter Certificate”. Eligibility, evidence, validity and legal effect remain jurisdiction-specific.",Sainik Welfare / Personnel / Pension / Revenue / Competent Department,Rule-dependent,Applicant Name; DOB/Entity Date; Address; Jurisdiction; Application ID; Issue Date; Issuing Authority; Digital Signature; QR/Verification URI; Status,Proposed canonical concept; local Act/Rules prevail,Digitally signed PDF + QR; VC/JSON-LD where appropriate,High,Cross-state normalization using official ServicePlus/state service catalogues
IND-SPC-005,Dependent of Freedom Fighter Certificate,"Special Status, Government Employee & Ex-Servicemen",Certificate,"Normalized credential asserting the fact, status or qualification represented by “Dependent of Freedom Fighter Certificate”. Eligibility, evidence, validity and legal effect remain jurisdiction-specific.",Sainik Welfare / Personnel / Pension / Revenue / Competent Department,Rule-dependent,Applicant Name; DOB/Entity Date; Address; Jurisdiction; Application ID; Issue Date; Issuing Authority; Digital Signature; QR/Verification URI; Status,Proposed canonical concept; local Act/Rules prevail,Digitally signed PDF + QR; VC/JSON-LD where appropriate,High,Cross-state normalization using official ServicePlus/state service catalogues
IND-SPC-006,Government Employee Service Verification,"Special Status, Government Employee & Ex-Servicemen",Verification / Assessment,Normalized service to verify or assess the facts represented by “Government Employee Service Verification” and record the competent authority’s result.,Sainik Welfare / Personnel / Pension / Revenue / Competent Department,Rule-dependent,Applicant Name; DOB/Entity Date; Address; Jurisdiction; Application ID; Issue Date; Issuing Authority; Digital Signature; QR/Verification URI; Status,Proposed canonical concept; local Act/Rules prevail,Digitally signed PDF + QR; VC/JSON-LD where appropriate,Medium,Cross-state normalization using official ServicePlus/state service catalogues
IND-SPC-007,Vigilance Clearance Certificate,"Special Status, Government Employee & Ex-Servicemen",Certificate,"Normalized credential asserting the fact, status or qualification represented by “Vigilance Clearance Certificate”. Eligibility, evidence, validity and legal effect remain jurisdiction-specific.",Sainik Welfare / Personnel / Pension / Revenue / Competent Department,Rule-dependent,Applicant Name; DOB/Entity Date; Address; Jurisdiction; Application ID; Issue Date; Issuing Authority; Digital Signature; QR/Verification URI; Status,Proposed canonical concept; local Act/Rules prevail,Digitally signed PDF + QR; VC/JSON-LD where appropriate,High,Cross-state normalization using official ServicePlus/state service catalogues
IND-SPC-008,Pension Payment Order / Pension Sanction Record,"Special Status, Government Employee & Ex-Servicemen",Certified Record / Extract,"Normalized service providing an authoritative certified copy, extract or current-state record represented by “Pension Payment Order / Pension Sanction Record”.",Sainik Welfare / Personnel / Pension / Revenue / Competent Department,Time-bound / renewable / purpose-specific,Applicant Name; DOB/Entity Date; Address; Jurisdiction; Application ID; Issue Date; Issuing Authority; Digital Signature; QR/Verification URI; Status; Family/Household ID; Annual Income; Assessment Period,Proposed canonical concept; local Act/Rules prevail,Digitally signed PDF + QR; VC/JSON-LD where appropriate,High,Cross-state normalization using official ServicePlus/state service catalogues
IND-SPC-009,Family Pension Eligibility Certificate,"Special Status, Government Employee & Ex-Servicemen",Benefit / Entitlement,"Normalized service for determining, sanctioning or maintaining citizen entitlement under “Family Pension Eligibility Certificate”, subject to the applicable scheme and eligibility rules.",Sainik Welfare / Personnel / Pension / Revenue / Competent Department,Time-bound / renewable / purpose-specific,Applicant Name; DOB/Entity Date; Address; Jurisdiction; Application ID; Issue Date; Issuing Authority; Digital Signature; QR/Verification URI; Status; Family/Household ID; Annual Income; Assessment Period,Proposed canonical concept; local Act/Rules prevail,Digitally signed PDF + QR; VC/JSON-LD where appropriate,Medium,Cross-state normalization using official ServicePlus/state service catalogues
IND-SPC-010,Government Dues / No-Dues Certificate,"Special Status, Government Employee & Ex-Servicemen",Certificate,"Normalized credential asserting the fact, status or qualification represented by “Government Dues / No-Dues Certificate”. Eligibility, evidence, validity and legal effect remain jurisdiction-specific.",Sainik Welfare / Personnel / Pension / Revenue / Competent Department,Rule-dependent,Applicant Name; DOB/Entity Date; Address; Jurisdiction; Application ID; Issue Date; Issuing Authority; Digital Signature; QR/Verification URI; Status,Proposed canonical concept; local Act/Rules prevail,Digitally signed PDF + QR; VC/JSON-LD where appropriate,High,Cross-state normalization using official ServicePlus/state service catalogues
