> Migrating files:
> - 1759482000000_platform-baseline
> - 1759490000000_shared-db-contracts
> - 1759500100000_cmp-002-tenant-organisation
> - 1759500100001_cmp-002-outbox
> - 1759500200000_cmp-048-security-platform
> - 1759500300000_cmp-031-audit-ledger
> - 1759500301000_cmp-031-outbox-inbox
> - 1759500400000_cmp-038-event-bus
> - 1759500500000_cmp-037-integration-hub-schema
> - 1759500510000_cmp-037-integration-hub-outbox
> - 1759500520000_cmp-037-integration-hub-webhook-route
> - 1759500600000_cmp-003-jurisdiction
> - 1759500600000_cmp-032-storage
> - 1759500600001_cmp-003-outbox
> - 1759500610000_cmp-032-outbox
> - 1759500700000_cmp-030-consent-privacy
> - 1759500700001_cmp-030-outbox
> - 1759500800000_cmp-004-identity-access
> - 1759500800000_cmp-005-citizen-profile
> - 1759500800000_cmp-053-localization
> - 1759500800001_cmp-004-outbox
> - 1759500800001_cmp-005-outbox
> - 1759500800001_cmp-053-outbox
> - 1759500933000_cmp-033-metadata
> - 1759500933001_cmp-033-outbox
> - 1759501100000_cmp-034-master-data
> - 1759501100001_cmp-034-outbox
> - 1759510000000_cmp-001-catalogue
> - 1759510000001_cmp-001-outbox
> - 1759520510000_cmp-051-maker-checker
> - 1759520510001_cmp-051-outbox
> - 1759520520000_cmp-052-versioning
> - 1759520520001_cmp-052-outbox
> - 1759530039000_cmp-039-ai-gateway
> - 1759530039001_cmp-039-outbox
> - 1759530110000_cmp-011-evidence
> - 1759530110001_cmp-011-outbox
> - 1759530200000_cmp-008-rules
> - 1759530200001_cmp-008-outbox
> - 1759530400000_cmp-013-document-upload
> - 1759530400001_cmp-013-outbox
> - 1759530500000_cmp-009-forms
> - 1759530500001_cmp-009-outbox
> - 1759530600000_cmp-014-document-intelligence
> - 1759530600001_cmp-014-outbox
> - 1759540150000_cmp-015-application-case
> - 1759540150001_cmp-015-outbox
> - 1759540160000_cmp-016-workflow-engine
> - 1759540160001_cmp-016-outbox
> - 1759540170000_cmp-017-work-queue-tasks
> - 1759540170001_cmp-017-outbox
> - 1759540180000_cmp-018-inspection-verification
> - 1759540180001_cmp-018-outbox
> - 1759540280000_cmp-028-appeal-review
> - 1759540280001_cmp-028-outbox
> - 1759540400000_cmp-029-sla-escalation
> - 1759540400001_cmp-029-outbox
> - 1759541270000_cmp-027-grievance-feedback
> - 1759541270001_cmp-027-outbox
> - 1759541900000_cmp-019-deficiency
> - 1759541900001_cmp-019-outbox
> - 1759541900002_cmp-019-reconciliation
> - 1759542600000_cmp-026-communication-messaging
> - 1759542600001_cmp-026-outbox
> - 1759545025000_cmp-025-notification
> - 1759545025001_cmp-025-outbox
> - 1759620200000_cmp-020-fee-calculation
> - 1759620200001_cmp-020-outbox
### MIGRATION 1759482000000_platform-baseline (UP) ###

-- Up Migration
CREATE EXTENSION IF NOT EXISTS pgcrypto;

CREATE SCHEMA IF NOT EXISTS sf_platform;
COMMENT ON SCHEMA sf_platform IS 'isolation_class=PLATFORM_OPERATIONAL; owner=CMP-055; platform bookkeeping only';

DO $$
BEGIN
  IF NOT EXISTS (SELECT 1 FROM pg_roles WHERE rolname = 'sf_app') THEN
    CREATE ROLE sf_app NOLOGIN NOSUPERUSER NOCREATEDB NOCREATEROLE NOBYPASSRLS;
  END IF;
END
$$;
COMMENT ON ROLE sf_app IS 'Group role for application runtime login roles. Must never hold BYPASSRLS.';

-- PostgreSQL 15+ already withholds this; kept for clusters upgraded from older versions.
REVOKE CREATE ON SCHEMA public FROM PUBLIC;
GRANT USAGE ON SCHEMA sf_platform TO sf_app;
;
INSERT INTO "public"."sf_schema_migrations" (name, run_on) VALUES ('1759482000000_platform-baseline', NOW());


### MIGRATION 1759490000000_shared-db-contracts (UP) ###

-- Up Migration

-- After a SET LOCAL transaction ends, a reused pooled session holds '' for app.tenant_id, and
-- current_setting('app.tenant_id', true)::uuid raises "invalid input syntax for type uuid".
-- NULLIF maps both "never set" and "reset to ''" to NULL, so policies return no rows instead.
CREATE FUNCTION sf_platform.current_tenant_id() RETURNS uuid
  LANGUAGE sql STABLE PARALLEL SAFE
  AS $$ SELECT NULLIF(current_setting('app.tenant_id', true), '')::uuid $$;
COMMENT ON FUNCTION sf_platform.current_tenant_id() IS
  'SF-CON-DB-SESSION-CONTEXT: tenant of the current transaction, NULL when not set. The only form RLS policies may use.';

CREATE FUNCTION sf_platform.current_actor_id() RETURNS uuid
  LANGUAGE sql STABLE PARALLEL SAFE
  AS $$ SELECT NULLIF(current_setting('app.actor_id', true), '')::uuid $$;

CREATE FUNCTION sf_platform.current_correlation_id() RETURNS uuid
  LANGUAGE sql STABLE PARALLEL SAFE
  AS $$ SELECT NULLIF(current_setting('app.correlation_id', true), '')::uuid $$;

REVOKE ALL ON FUNCTION sf_platform.current_tenant_id(), sf_platform.current_actor_id(),
  sf_platform.current_correlation_id() FROM PUBLIC;

DO $$
BEGIN
  IF NOT EXISTS (SELECT 1 FROM pg_roles WHERE rolname = 'sf_outbox_publisher') THEN
    CREATE ROLE sf_outbox_publisher NOLOGIN NOSUPERUSER NOCREATEDB NOCREATEROLE NOBYPASSRLS;
  END IF;
END
$$;
COMMENT ON ROLE sf_outbox_publisher IS
  'SF-CON-OUTBOX: group role for outbox publisher login roles. Reads and marks outbox tables only. Must never hold BYPASSRLS or be granted sf_app.';

GRANT USAGE ON SCHEMA sf_platform TO sf_outbox_publisher;
GRANT EXECUTE ON FUNCTION sf_platform.current_tenant_id(), sf_platform.current_actor_id(),
  sf_platform.current_correlation_id() TO sf_app, sf_outbox_publisher;
;
INSERT INTO "public"."sf_schema_migrations" (name, run_on) VALUES ('1759490000000_shared-db-contracts', NOW());


### MIGRATION 1759500100000_cmp-002-tenant-organisation (UP) ###

-- Up Migration

DO $$
BEGIN
  IF NOT EXISTS (SELECT 1 FROM pg_roles WHERE rolname = 'sf_migrator') THEN
    CREATE ROLE sf_migrator NOLOGIN NOSUPERUSER NOCREATEDB NOCREATEROLE NOINHERIT NOBYPASSRLS;
  END IF;
END
$$;
COMMENT ON ROLE sf_migrator IS 'Deployment/migration role. Owns authoritative schemas/tables. Never a runtime login.';

DO $$
BEGIN
  IF NOT EXISTS (SELECT 1 FROM pg_roles WHERE rolname = 'sf_cmp002_rw') THEN
    CREATE ROLE sf_cmp002_rw NOLOGIN NOSUPERUSER NOCREATEDB NOCREATEROLE NOINHERIT NOBYPASSRLS;
  END IF;
END
$$;
COMMENT ON ROLE sf_cmp002_rw IS 'CMP-002 privilege role (ADR-0006). NOLOGIN. Holds DML on sf_tenant_org business tables.';

CREATE SCHEMA sf_tenant_org AUTHORIZATION sf_migrator;
COMMENT ON SCHEMA sf_tenant_org IS 'isolation_class=mixed; owner=CMP-002; Tenant and government organisation';

REVOKE ALL ON SCHEMA sf_tenant_org FROM PUBLIC;
GRANT USAGE ON SCHEMA sf_tenant_org TO sf_cmp002_rw;

ALTER DEFAULT PRIVILEGES FOR ROLE sf_migrator IN SCHEMA sf_tenant_org REVOKE ALL ON TABLES FROM PUBLIC;
ALTER DEFAULT PRIVILEGES FOR ROLE sf_migrator IN SCHEMA sf_tenant_org REVOKE ALL ON SEQUENCES FROM PUBLIC;
ALTER DEFAULT PRIVILEGES FOR ROLE sf_migrator IN SCHEMA sf_tenant_org REVOKE ALL ON FUNCTIONS FROM PUBLIC;

-- sf:isolation sf_tenant_org.tenant TENANT_SCOPED owner=CMP-002
CREATE TABLE sf_tenant_org.tenant (
  tenant_id uuid NOT NULL PRIMARY KEY,
  code text NOT NULL UNIQUE CHECK (code ~ '^[a-z0-9][a-z0-9-]{1,62}$'),
  display_name text NOT NULL CHECK (char_length(display_name) BETWEEN 1 AND 200),
  status text NOT NULL CHECK (status IN ('ACTIVE', 'SUSPENDED')),
  version bigint NOT NULL DEFAULT 1 CHECK (version >= 1),
  created_at timestamptz NOT NULL DEFAULT now(),
  created_by uuid NOT NULL,
  updated_at timestamptz NOT NULL DEFAULT now()
);
ALTER TABLE sf_tenant_org.tenant ENABLE ROW LEVEL SECURITY;
ALTER TABLE sf_tenant_org.tenant FORCE ROW LEVEL SECURITY;
CREATE POLICY tenant_isolation ON sf_tenant_org.tenant TO sf_app
  USING (tenant_id = sf_platform.current_tenant_id())
  WITH CHECK (tenant_id = sf_platform.current_tenant_id());
ALTER TABLE sf_tenant_org.tenant OWNER TO sf_migrator;

-- sf:isolation sf_tenant_org.tenant_cell_binding TENANT_SCOPED owner=CMP-002
CREATE TABLE sf_tenant_org.tenant_cell_binding (
  binding_id uuid PRIMARY KEY,
  tenant_id uuid NOT NULL REFERENCES sf_tenant_org.tenant (tenant_id),
  cell_id text NOT NULL CHECK (cell_id ~ '^cell-[a-z0-9-]{1,40}$'),
  isolation_model text NOT NULL CHECK (isolation_model IN ('POOL', 'BRIDGE', 'SILO')),
  valid_from timestamptz NOT NULL,
  seq bigint NOT NULL CHECK (seq >= 1),
  reason text NOT NULL CHECK (char_length(reason) BETWEEN 1 AND 1000),
  requested_by uuid NOT NULL,
  created_at timestamptz NOT NULL DEFAULT now(),
  UNIQUE (tenant_id, seq),
  UNIQUE (tenant_id, valid_from)
);
CREATE INDEX tenant_cell_binding_current_idx ON sf_tenant_org.tenant_cell_binding (tenant_id, valid_from DESC);
ALTER TABLE sf_tenant_org.tenant_cell_binding ENABLE ROW LEVEL SECURITY;
ALTER TABLE sf_tenant_org.tenant_cell_binding FORCE ROW LEVEL SECURITY;
CREATE POLICY tenant_cell_binding_isolation ON sf_tenant_org.tenant_cell_binding TO sf_app
  USING (tenant_id = sf_platform.current_tenant_id())
  WITH CHECK (tenant_id = sf_platform.current_tenant_id());
ALTER TABLE sf_tenant_org.tenant_cell_binding OWNER TO sf_migrator;

-- sf:isolation sf_tenant_org.tenant_placement_proposal TENANT_SCOPED owner=CMP-002
CREATE TABLE sf_tenant_org.tenant_placement_proposal (
  proposal_id uuid PRIMARY KEY,
  tenant_id uuid NOT NULL REFERENCES sf_tenant_org.tenant (tenant_id),
  proposed_cell_id text NOT NULL CHECK (proposed_cell_id ~ '^cell-[a-z0-9-]{1,40}$'),
  proposed_isolation_model text NOT NULL CHECK (proposed_isolation_model IN ('POOL', 'BRIDGE', 'SILO')),
  status text NOT NULL CHECK (status IN ('PROPOSED', 'APPROVED', 'REJECTED', 'SUPERSEDED')),
  reason text NOT NULL CHECK (char_length(reason) BETWEEN 1 AND 1000),
  requested_by uuid NOT NULL,
  approved_by uuid,
  valid_from timestamptz NOT NULL,
  created_at timestamptz NOT NULL DEFAULT now(),
  approved_at timestamptz,
  CHECK (
    (status = 'PROPOSED' AND approved_by IS NULL AND approved_at IS NULL)
    OR (status IN ('APPROVED', 'REJECTED', 'SUPERSEDED'))
  )
);
CREATE UNIQUE INDEX tenant_placement_proposal_open_idx
  ON sf_tenant_org.tenant_placement_proposal (tenant_id)
  WHERE status = 'PROPOSED';
ALTER TABLE sf_tenant_org.tenant_placement_proposal ENABLE ROW LEVEL SECURITY;
ALTER TABLE sf_tenant_org.tenant_placement_proposal FORCE ROW LEVEL SECURITY;
CREATE POLICY tenant_placement_proposal_isolation ON sf_tenant_org.tenant_placement_proposal TO sf_app
  USING (tenant_id = sf_platform.current_tenant_id())
  WITH CHECK (tenant_id = sf_platform.current_tenant_id());
ALTER TABLE sf_tenant_org.tenant_placement_proposal OWNER TO sf_migrator;

-- sf:isolation sf_tenant_org.organisation TENANT_SCOPED owner=CMP-002
CREATE TABLE sf_tenant_org.organisation (
  tenant_id uuid NOT NULL REFERENCES sf_tenant_org.tenant (tenant_id),
  organisation_id uuid NOT NULL,
  code text NOT NULL CHECK (char_length(code) BETWEEN 1 AND 64),
  created_at timestamptz NOT NULL DEFAULT now(),
  created_by uuid NOT NULL,
  PRIMARY KEY (tenant_id, organisation_id),
  UNIQUE (tenant_id, code)
);
ALTER TABLE sf_tenant_org.organisation ENABLE ROW LEVEL SECURITY;
ALTER TABLE sf_tenant_org.organisation FORCE ROW LEVEL SECURITY;
CREATE POLICY organisation_isolation ON sf_tenant_org.organisation TO sf_app
  USING (tenant_id = sf_platform.current_tenant_id())
  WITH CHECK (tenant_id = sf_platform.current_tenant_id());
ALTER TABLE sf_tenant_org.organisation OWNER TO sf_migrator;

-- sf:isolation sf_tenant_org.organisation_version TENANT_SCOPED owner=CMP-002
CREATE TABLE sf_tenant_org.organisation_version (
  tenant_id uuid NOT NULL,
  organisation_id uuid NOT NULL,
  version_no bigint NOT NULL CHECK (version_no >= 1),
  name text NOT NULL CHECK (char_length(name) BETWEEN 1 AND 200),
  organisation_type_code text NOT NULL CHECK (organisation_type_code ~ '^[A-Z][A-Z0-9_]{1,63}$'),
  status text NOT NULL CHECK (status IN ('ACTIVE', 'DISSOLVED')),
  valid_from timestamptz NOT NULL,
  reason text CHECK (reason IS NULL OR char_length(reason) BETWEEN 1 AND 1000),
  created_by uuid NOT NULL,
  created_at timestamptz NOT NULL DEFAULT now(),
  PRIMARY KEY (tenant_id, organisation_id, version_no),
  UNIQUE (tenant_id, organisation_id, valid_from),
  FOREIGN KEY (tenant_id, organisation_id) REFERENCES sf_tenant_org.organisation (tenant_id, organisation_id)
);
CREATE INDEX organisation_version_as_of_idx ON sf_tenant_org.organisation_version (tenant_id, organisation_id, valid_from DESC);
ALTER TABLE sf_tenant_org.organisation_version ENABLE ROW LEVEL SECURITY;
ALTER TABLE sf_tenant_org.organisation_version FORCE ROW LEVEL SECURITY;
CREATE POLICY organisation_version_isolation ON sf_tenant_org.organisation_version TO sf_app
  USING (tenant_id = sf_platform.current_tenant_id())
  WITH CHECK (tenant_id = sf_platform.current_tenant_id());
ALTER TABLE sf_tenant_org.organisation_version OWNER TO sf_migrator;

-- sf:isolation sf_tenant_org.organisation_relation TENANT_SCOPED owner=CMP-002
CREATE TABLE sf_tenant_org.organisation_relation (
  relation_id uuid PRIMARY KEY,
  tenant_id uuid NOT NULL,
  child_organisation_id uuid NOT NULL,
  parent_organisation_id uuid,
  relation_type_code text NOT NULL CHECK (relation_type_code ~ '^[A-Z][A-Z0-9_]{1,63}$'),
  version_no bigint NOT NULL CHECK (version_no >= 1),
  valid_from timestamptz NOT NULL,
  created_by uuid NOT NULL,
  created_at timestamptz NOT NULL DEFAULT now(),
  CHECK (child_organisation_id <> parent_organisation_id),
  UNIQUE (tenant_id, child_organisation_id, version_no),
  FOREIGN KEY (tenant_id, child_organisation_id) REFERENCES sf_tenant_org.organisation (tenant_id, organisation_id),
  FOREIGN KEY (tenant_id, parent_organisation_id) REFERENCES sf_tenant_org.organisation (tenant_id, organisation_id)
);
CREATE INDEX organisation_relation_child_idx
  ON sf_tenant_org.organisation_relation (tenant_id, child_organisation_id, valid_from DESC);
CREATE INDEX organisation_relation_parent_idx
  ON sf_tenant_org.organisation_relation (tenant_id, parent_organisation_id, valid_from);
ALTER TABLE sf_tenant_org.organisation_relation ENABLE ROW LEVEL SECURITY;
ALTER TABLE sf_tenant_org.organisation_relation FORCE ROW LEVEL SECURITY;
CREATE POLICY organisation_relation_isolation ON sf_tenant_org.organisation_relation TO sf_app
  USING (tenant_id = sf_platform.current_tenant_id())
  WITH CHECK (tenant_id = sf_platform.current_tenant_id());
ALTER TABLE sf_tenant_org.organisation_relation OWNER TO sf_migrator;

-- sf:isolation sf_tenant_org.office TENANT_SCOPED owner=CMP-002
CREATE TABLE sf_tenant_org.office (
  tenant_id uuid NOT NULL,
  office_id uuid NOT NULL,
  organisation_id uuid NOT NULL,
  code text NOT NULL CHECK (char_length(code) BETWEEN 1 AND 64),
  name text NOT NULL CHECK (char_length(name) BETWEEN 1 AND 200),
  status text NOT NULL CHECK (status IN ('DRAFT', 'ACTIVE', 'INACTIVE')),
  version bigint NOT NULL DEFAULT 1 CHECK (version >= 1),
  activated_at timestamptz,
  created_at timestamptz NOT NULL DEFAULT now(),
  created_by uuid NOT NULL,
  PRIMARY KEY (tenant_id, office_id),
  UNIQUE (tenant_id, code),
  FOREIGN KEY (tenant_id, organisation_id) REFERENCES sf_tenant_org.organisation (tenant_id, organisation_id)
);
CREATE INDEX office_org_idx ON sf_tenant_org.office (tenant_id, organisation_id);
ALTER TABLE sf_tenant_org.office ENABLE ROW LEVEL SECURITY;
ALTER TABLE sf_tenant_org.office FORCE ROW LEVEL SECURITY;
CREATE POLICY office_isolation ON sf_tenant_org.office TO sf_app
  USING (tenant_id = sf_platform.current_tenant_id())
  WITH CHECK (tenant_id = sf_platform.current_tenant_id());
ALTER TABLE sf_tenant_org.office OWNER TO sf_migrator;

-- sf:isolation sf_tenant_org.idempotency_record TENANT_SCOPED owner=CMP-002
CREATE TABLE sf_tenant_org.idempotency_record (
  tenant_id uuid NOT NULL,
  principal_id uuid NOT NULL,
  endpoint text NOT NULL,
  idempotency_key text NOT NULL,
  request_fingerprint text NOT NULL CHECK (request_fingerprint ~ '^sha256:[0-9a-f]{64}$'),
  status text NOT NULL CHECK (status IN ('IN_PROGRESS', 'COMPLETED', 'FAILED')),
  response_ref text,
  response_status integer,
  response_body jsonb,
  created_at timestamptz NOT NULL DEFAULT now(),
  expires_at timestamptz NOT NULL,
  PRIMARY KEY (tenant_id, principal_id, endpoint, idempotency_key)
);
ALTER TABLE sf_tenant_org.idempotency_record ENABLE ROW LEVEL SECURITY;
ALTER TABLE sf_tenant_org.idempotency_record FORCE ROW LEVEL SECURITY;
CREATE POLICY idempotency_record_isolation ON sf_tenant_org.idempotency_record TO sf_app
  USING (tenant_id = sf_platform.current_tenant_id())
  WITH CHECK (tenant_id = sf_platform.current_tenant_id());
ALTER TABLE sf_tenant_org.idempotency_record OWNER TO sf_migrator;

-- sf:isolation sf_tenant_org.idempotency_record_platform PLATFORM_OPERATIONAL owner=CMP-002
CREATE TABLE sf_tenant_org.idempotency_record_platform (
  principal_id uuid NOT NULL,
  endpoint text NOT NULL,
  idempotency_key text NOT NULL,
  request_fingerprint text NOT NULL CHECK (request_fingerprint ~ '^sha256:[0-9a-f]{64}$'),
  status text NOT NULL CHECK (status IN ('IN_PROGRESS', 'COMPLETED', 'FAILED')),
  response_ref text,
  response_status integer,
  response_body jsonb,
  created_at timestamptz NOT NULL DEFAULT now(),
  expires_at timestamptz NOT NULL,
  PRIMARY KEY (principal_id, endpoint, idempotency_key)
);
ALTER TABLE sf_tenant_org.idempotency_record_platform ENABLE ROW LEVEL SECURITY;
ALTER TABLE sf_tenant_org.idempotency_record_platform FORCE ROW LEVEL SECURITY;
CREATE POLICY idempotency_record_platform_actor ON sf_tenant_org.idempotency_record_platform TO sf_app
  USING (principal_id = sf_platform.current_actor_id())
  WITH CHECK (principal_id = sf_platform.current_actor_id());
ALTER TABLE sf_tenant_org.idempotency_record_platform OWNER TO sf_migrator;

CREATE FUNCTION sf_tenant_org.enforce_tenant_status_marker()
RETURNS trigger
LANGUAGE plpgsql
SET search_path = sf_tenant_org, pg_temp
AS $$
BEGIN
  IF NEW.status IS DISTINCT FROM OLD.status THEN
    IF current_setting('app.privileged_marker', true) IS DISTINCT FROM 'TENANT_STATUS' THEN
      RAISE EXCEPTION 'tenant status change requires privileged marker'
        USING ERRCODE = '42501';
    END IF;
  END IF;
  RETURN NEW;
END;
$$;

CREATE TRIGGER tenant_status_privileged
  BEFORE UPDATE ON sf_tenant_org.tenant
  FOR EACH ROW
  EXECUTE FUNCTION sf_tenant_org.enforce_tenant_status_marker();
ALTER FUNCTION sf_tenant_org.enforce_tenant_status_marker() OWNER TO sf_migrator;

CREATE FUNCTION sf_tenant_org.enforce_placement_proposal_machine()
RETURNS trigger
LANGUAGE plpgsql
SET search_path = sf_tenant_org, pg_temp
AS $$
DECLARE
  actor uuid;
BEGIN
  actor := sf_platform.current_actor_id();
  IF TG_OP = 'INSERT' THEN
    IF NEW.status IS DISTINCT FROM 'PROPOSED' THEN
      RAISE EXCEPTION 'placement proposal insert must be PROPOSED'
        USING ERRCODE = '42501';
    END IF;
    IF NEW.requested_by IS DISTINCT FROM actor THEN
      RAISE EXCEPTION 'placement proposal requested_by must equal current actor'
        USING ERRCODE = '42501';
    END IF;
    RETURN NEW;
  END IF;
  IF TG_OP = 'UPDATE' THEN
    IF OLD.status IS DISTINCT FROM 'PROPOSED' THEN
      RAISE EXCEPTION 'terminal placement proposal cannot be mutated'
        USING ERRCODE = '42501';
    END IF;
    IF NEW.status NOT IN ('APPROVED', 'REJECTED', 'SUPERSEDED') THEN
      RAISE EXCEPTION 'placement proposal may only leave PROPOSED for a terminal status'
        USING ERRCODE = '42501';
    END IF;
    IF NEW.tenant_id IS DISTINCT FROM OLD.tenant_id
       OR NEW.proposal_id IS DISTINCT FROM OLD.proposal_id
       OR NEW.requested_by IS DISTINCT FROM OLD.requested_by
       OR NEW.proposed_cell_id IS DISTINCT FROM OLD.proposed_cell_id
       OR NEW.proposed_isolation_model IS DISTINCT FROM OLD.proposed_isolation_model THEN
      RAISE EXCEPTION 'placement proposal identity fields are immutable'
        USING ERRCODE = '42501';
    END IF;
    IF NEW.status = 'APPROVED' THEN
      IF actor IS NULL OR actor = OLD.requested_by THEN
        RAISE EXCEPTION 'placement proposal must be approved by a different actor'
          USING ERRCODE = '42501';
      END IF;
      IF NEW.approved_by IS DISTINCT FROM actor THEN
        RAISE EXCEPTION 'placement proposal approved_by must equal current actor'
          USING ERRCODE = '42501';
      END IF;
    END IF;
    RETURN NEW;
  END IF;
  RAISE EXCEPTION 'placement proposal delete is not permitted' USING ERRCODE = '42501';
END;
$$;

CREATE TRIGGER tenant_placement_proposal_machine
  BEFORE INSERT OR UPDATE OR DELETE ON sf_tenant_org.tenant_placement_proposal
  FOR EACH ROW
  EXECUTE FUNCTION sf_tenant_org.enforce_placement_proposal_machine();
ALTER FUNCTION sf_tenant_org.enforce_placement_proposal_machine() OWNER TO sf_migrator;

REVOKE ALL ON ALL TABLES IN SCHEMA sf_tenant_org FROM PUBLIC;
REVOKE ALL ON ALL SEQUENCES IN SCHEMA sf_tenant_org FROM PUBLIC;
REVOKE ALL ON ALL FUNCTIONS IN SCHEMA sf_tenant_org FROM PUBLIC;

GRANT SELECT, INSERT, UPDATE (status, display_name, version, updated_at) ON sf_tenant_org.tenant TO sf_cmp002_rw;
GRANT SELECT, INSERT ON sf_tenant_org.tenant_cell_binding TO sf_cmp002_rw;
GRANT SELECT, INSERT, UPDATE (status, approved_by, approved_at) ON sf_tenant_org.tenant_placement_proposal TO sf_cmp002_rw;
GRANT SELECT, INSERT ON sf_tenant_org.organisation TO sf_cmp002_rw;
GRANT SELECT, INSERT ON sf_tenant_org.organisation_version TO sf_cmp002_rw;
GRANT SELECT, INSERT ON sf_tenant_org.organisation_relation TO sf_cmp002_rw;
GRANT SELECT, INSERT, UPDATE (status, version, activated_at, name) ON sf_tenant_org.office TO sf_cmp002_rw;
GRANT SELECT, INSERT, DELETE, UPDATE (status, response_ref, response_status, response_body) ON sf_tenant_org.idempotency_record TO sf_cmp002_rw;
GRANT SELECT, INSERT, DELETE, UPDATE (status, response_ref, response_status, response_body) ON sf_tenant_org.idempotency_record_platform TO sf_cmp002_rw;
GRANT EXECUTE ON FUNCTION sf_tenant_org.enforce_tenant_status_marker() TO sf_cmp002_rw;
GRANT EXECUTE ON FUNCTION sf_tenant_org.enforce_placement_proposal_machine() TO sf_cmp002_rw;

ALTER TABLE sf_tenant_org.tenant ALTER COLUMN display_name SET STATISTICS 0;
ALTER TABLE sf_tenant_org.organisation ALTER COLUMN code SET STATISTICS 0;
ALTER TABLE sf_tenant_org.organisation_version ALTER COLUMN name SET STATISTICS 0;
ALTER TABLE sf_tenant_org.office ALTER COLUMN name SET STATISTICS 0;
ALTER TABLE sf_tenant_org.office ALTER COLUMN code SET STATISTICS 0;
ALTER TABLE sf_tenant_org.tenant_cell_binding ALTER COLUMN reason SET STATISTICS 0;
ALTER TABLE sf_tenant_org.tenant_placement_proposal ALTER COLUMN reason SET STATISTICS 0;
;
INSERT INTO "public"."sf_schema_migrations" (name, run_on) VALUES ('1759500100000_cmp-002-tenant-organisation', NOW());


### MIGRATION 1759500100001_cmp-002-outbox (UP) ###

-- Up Migration
-- SF-CON-OUTBOX v1: normative outbox and inbox layout for every component schema.
-- Copy into the component's own migration, replacing sf_tenant_org with the component schema and
-- CMP-002 with its CMP id. Do not add columns or change grants without a Contract Change Request.
-- Requires db/migrations/1759490000000_shared-db-contracts.sql (sf_platform.current_tenant_id(),
-- role sf_outbox_publisher).
--
-- Rules (summary; the schema contracts/shared/schemas/outbox-record.schema.json is authoritative
-- for row content):
--  1. Producers INSERT exactly one row per event in the same transaction as the state change,
--     after validating the envelope against SF-CON-EVENT-ENVELOPE. Producers never SELECT,
--     UPDATE or DELETE outbox rows.
--  2. Envelopes with a tenant_id go to outbox_event; envelopes with tenant_id null go to
--     outbox_event_platform.
--  3. The publisher (packages/outbox, CMP-038) runs as a login role that is a member of
--     sf_outbox_publisher only. It claims PENDING rows by setting lease_owner/lease_expires_at
--     in one short transaction, publishes with no transaction open, then sets PUBLISHED (or
--     schedules a retry) in another. An expired lease makes a row claimable again, so delivery
--     is at-least-once.
--  4. For one partition_key, a row is claimable only when no row with a lower seq is PENDING or
--     DEAD_LETTERED. A DEAD_LETTERED row therefore holds its key until an operator replays or
--     discards it through an audited action.
--  5. Consumers record (consumer_group, event_id) in inbox_event or inbox_event_platform in the
--     same transaction as their own state change; a conflict means the event was already applied.
--  6. The publisher deletes PUBLISHED rows only after the topic's retention window in the CMP-038
--     topic registry.

-- sf:isolation sf_tenant_org.outbox_event TENANT_SCOPED owner=CMP-002
CREATE TABLE sf_tenant_org.outbox_event (
  seq bigint GENERATED ALWAYS AS IDENTITY PRIMARY KEY,
  event_id uuid NOT NULL UNIQUE,
  tenant_id uuid NOT NULL,
  topic text NOT NULL CHECK (topic ~ '^[a-zA-Z0-9._-]{3,249}$'),
  partition_key text NOT NULL CHECK (length(partition_key) BETWEEN 1 AND 200),
  event_type text NOT NULL,
  schema_version integer NOT NULL CHECK (schema_version >= 1),
  aggregate_type text NOT NULL,
  aggregate_id uuid NOT NULL,
  aggregate_version bigint NOT NULL CHECK (aggregate_version >= 0),
  envelope jsonb NOT NULL CHECK (octet_length(envelope::text) <= 262144),
  status text NOT NULL DEFAULT 'PENDING' CHECK (status IN ('PENDING', 'PUBLISHED', 'DEAD_LETTERED')),
  attempts integer NOT NULL DEFAULT 0 CHECK (attempts >= 0),
  next_attempt_at timestamptz NOT NULL DEFAULT now(),
  lease_owner text,
  lease_expires_at timestamptz,
  last_error_code text CHECK (last_error_code ~ '^[A-Z][A-Z0-9_]{1,63}$'),
  created_at timestamptz NOT NULL DEFAULT now(),
  published_at timestamptz,
  CHECK (envelope ->> 'event_id' = event_id::text),
  CHECK (envelope ->> 'tenant_id' = tenant_id::text),
  CHECK (envelope ->> 'aggregate_id' = aggregate_id::text),
  CHECK (envelope ->> 'event_type' = event_type)
);
CREATE INDEX outbox_event_claim_idx ON sf_tenant_org.outbox_event (partition_key, seq) WHERE status <> 'PUBLISHED';
CREATE INDEX outbox_event_due_idx ON sf_tenant_org.outbox_event (next_attempt_at) WHERE status = 'PENDING';
ALTER TABLE sf_tenant_org.outbox_event ENABLE ROW LEVEL SECURITY;
ALTER TABLE sf_tenant_org.outbox_event FORCE ROW LEVEL SECURITY;
CREATE POLICY outbox_event_tenant_insert ON sf_tenant_org.outbox_event FOR INSERT TO sf_app
  WITH CHECK (tenant_id = sf_platform.current_tenant_id());
CREATE POLICY outbox_event_publisher ON sf_tenant_org.outbox_event TO sf_outbox_publisher
  USING (true) WITH CHECK (true);
GRANT INSERT ON sf_tenant_org.outbox_event TO sf_app;

-- sf:isolation sf_tenant_org.outbox_event_platform PLATFORM_OPERATIONAL owner=CMP-002
CREATE TABLE sf_tenant_org.outbox_event_platform (
  seq bigint GENERATED ALWAYS AS IDENTITY PRIMARY KEY,
  event_id uuid NOT NULL UNIQUE,
  topic text NOT NULL CHECK (topic ~ '^[a-zA-Z0-9._-]{3,249}$'),
  partition_key text NOT NULL CHECK (length(partition_key) BETWEEN 1 AND 200),
  event_type text NOT NULL,
  schema_version integer NOT NULL CHECK (schema_version >= 1),
  aggregate_type text NOT NULL,
  aggregate_id uuid NOT NULL,
  aggregate_version bigint NOT NULL CHECK (aggregate_version >= 0),
  envelope jsonb NOT NULL CHECK (octet_length(envelope::text) <= 262144),
  status text NOT NULL DEFAULT 'PENDING' CHECK (status IN ('PENDING', 'PUBLISHED', 'DEAD_LETTERED')),
  attempts integer NOT NULL DEFAULT 0 CHECK (attempts >= 0),
  next_attempt_at timestamptz NOT NULL DEFAULT now(),
  lease_owner text,
  lease_expires_at timestamptz,
  last_error_code text CHECK (last_error_code ~ '^[A-Z][A-Z0-9_]{1,63}$'),
  created_at timestamptz NOT NULL DEFAULT now(),
  published_at timestamptz,
  CHECK (envelope ->> 'event_id' = event_id::text),
  CHECK (jsonb_typeof(envelope -> 'tenant_id') = 'null'),
  CHECK (envelope ->> 'aggregate_id' = aggregate_id::text),
  CHECK (envelope ->> 'event_type' = event_type)
);
CREATE INDEX outbox_event_platform_claim_idx ON sf_tenant_org.outbox_event_platform (partition_key, seq) WHERE status <> 'PUBLISHED';
CREATE INDEX outbox_event_platform_due_idx ON sf_tenant_org.outbox_event_platform (next_attempt_at) WHERE status = 'PENDING';
GRANT INSERT ON sf_tenant_org.outbox_event_platform TO sf_app;

GRANT USAGE ON SCHEMA sf_tenant_org TO sf_outbox_publisher;
GRANT SELECT, DELETE ON sf_tenant_org.outbox_event, sf_tenant_org.outbox_event_platform TO sf_outbox_publisher;
GRANT UPDATE (status, attempts, next_attempt_at, lease_owner, lease_expires_at, last_error_code, published_at)
  ON sf_tenant_org.outbox_event, sf_tenant_org.outbox_event_platform TO sf_outbox_publisher;

-- sf:isolation sf_tenant_org.inbox_event TENANT_SCOPED owner=CMP-002
CREATE TABLE sf_tenant_org.inbox_event (
  consumer_group text NOT NULL CHECK (consumer_group ~ '^[a-z0-9][a-z0-9._-]{0,99}$'),
  event_id uuid NOT NULL,
  tenant_id uuid NOT NULL,
  processed_at timestamptz NOT NULL DEFAULT now(),
  PRIMARY KEY (consumer_group, event_id)
);
ALTER TABLE sf_tenant_org.inbox_event ENABLE ROW LEVEL SECURITY;
ALTER TABLE sf_tenant_org.inbox_event FORCE ROW LEVEL SECURITY;
CREATE POLICY inbox_event_tenant ON sf_tenant_org.inbox_event TO sf_app
  USING (tenant_id = sf_platform.current_tenant_id())
  WITH CHECK (tenant_id = sf_platform.current_tenant_id());
GRANT SELECT, INSERT ON sf_tenant_org.inbox_event TO sf_app;

-- sf:isolation sf_tenant_org.inbox_event_platform PLATFORM_OPERATIONAL owner=CMP-002
CREATE TABLE sf_tenant_org.inbox_event_platform (
  consumer_group text NOT NULL CHECK (consumer_group ~ '^[a-z0-9][a-z0-9._-]{0,99}$'),
  event_id uuid NOT NULL,
  processed_at timestamptz NOT NULL DEFAULT now(),
  PRIMARY KEY (consumer_group, event_id)
);
GRANT SELECT, INSERT ON sf_tenant_org.inbox_event_platform TO sf_app;

-- Outside frozen SF-CON-OUTBOX template body (columns/policies/grants above unchanged).
-- ADR-0006 #5: authoritative tables owned by sf_migrator, not the migrate LOGIN.
ALTER TABLE sf_tenant_org.outbox_event OWNER TO sf_migrator;
ALTER TABLE sf_tenant_org.outbox_event_platform OWNER TO sf_migrator;
ALTER TABLE sf_tenant_org.inbox_event OWNER TO sf_migrator;
ALTER TABLE sf_tenant_org.inbox_event_platform OWNER TO sf_migrator;
;
INSERT INTO "public"."sf_schema_migrations" (name, run_on) VALUES ('1759500100001_cmp-002-outbox', NOW());


### MIGRATION 1759500200000_cmp-048-security-platform (UP) ###

-- Up Migration

DO $$
BEGIN
  IF NOT EXISTS (SELECT 1 FROM pg_roles WHERE rolname = 'sf_migrator') THEN
    CREATE ROLE sf_migrator NOLOGIN NOSUPERUSER NOCREATEDB NOCREATEROLE NOBYPASSRLS;
  END IF;
END
$$;

DO $$
BEGIN
  IF NOT EXISTS (SELECT 1 FROM pg_roles WHERE rolname = 'sf_cmp048_rw') THEN
    CREATE ROLE sf_cmp048_rw NOLOGIN NOSUPERUSER NOCREATEDB NOCREATEROLE NOINHERIT NOBYPASSRLS;
  END IF;
END
$$;

COMMENT ON ROLE sf_cmp048_rw IS 'CMP-048 NOLOGIN privilege role. Runtime logins inherit sf_app + this role only.';

CREATE SCHEMA IF NOT EXISTS sf_security;
COMMENT ON SCHEMA sf_security IS 'isolation_class=PLATFORM_OPERATIONAL; owner=CMP-048; security platform authoritative state';

REVOKE ALL ON SCHEMA sf_security FROM PUBLIC;
GRANT USAGE ON SCHEMA sf_security TO sf_app;
GRANT USAGE ON SCHEMA sf_security TO sf_cmp048_rw;

-- sf:isolation sf_security.privileged_access_record TENANT_SCOPED owner=CMP-048
CREATE TABLE sf_security.privileged_access_record (
  id uuid PRIMARY KEY,
  tenant_id uuid NOT NULL,
  grantee_user_id uuid NOT NULL,
  grantee_actor_type text NOT NULL CHECK (grantee_actor_type IN ('CITIZEN', 'OFFICER', 'SYSTEM', 'INTEGRATION', 'PRIVILEGED_ADMIN')),
  access_kind text NOT NULL CHECK (access_kind IN ('SUPPORT_CASE', 'BREAK_GLASS')),
  purpose_code text NOT NULL CHECK (purpose_code ~ '^[A-Z][A-Z0-9_]{1,63}$'),
  justification text NOT NULL CHECK (char_length(justification) BETWEEN 1 AND 1000),
  support_ticket_ref text,
  scope_actions text[] NOT NULL CHECK (cardinality(scope_actions) >= 1),
  scope_resource_types text[] NOT NULL CHECK (cardinality(scope_resource_types) >= 1),
  requested_by uuid NOT NULL,
  requested_at timestamptz NOT NULL DEFAULT now(),
  approved_by uuid,
  approved_at timestamptz,
  status text NOT NULL CHECK (status IN ('REQUESTED', 'APPROVED', 'REJECTED', 'REVOKED', 'EXPIRED')),
  starts_at timestamptz NOT NULL,
  expires_at timestamptz NOT NULL,
  revoked_by uuid,
  revoked_at timestamptz,
  post_review_by uuid,
  post_review_at timestamptz,
  post_review_outcome text,
  version bigint NOT NULL DEFAULT 1 CHECK (version >= 1),
  created_at timestamptz NOT NULL DEFAULT now(),
  CHECK (expires_at > starts_at),
  CHECK (approved_by IS NULL OR approved_by <> grantee_user_id),
  CHECK (
    (status = 'REQUESTED' AND approved_by IS NULL AND approved_at IS NULL AND revoked_by IS NULL AND revoked_at IS NULL)
    OR (status = 'APPROVED' AND approved_by IS NOT NULL AND approved_at IS NOT NULL)
    OR (status IN ('REJECTED', 'REVOKED', 'EXPIRED'))
  )
);
ALTER TABLE sf_security.privileged_access_record ENABLE ROW LEVEL SECURITY;
ALTER TABLE sf_security.privileged_access_record FORCE ROW LEVEL SECURITY;
CREATE POLICY privileged_access_tenant ON sf_security.privileged_access_record TO sf_app
  USING (tenant_id = sf_platform.current_tenant_id())
  WITH CHECK (tenant_id = sf_platform.current_tenant_id());

-- sf:isolation sf_security.security_policy_metadata PLATFORM_OPERATIONAL owner=CMP-048
CREATE TABLE sf_security.security_policy_metadata (
  id uuid PRIMARY KEY,
  bundle_name text NOT NULL CHECK (bundle_name ~ '^[a-z][a-z0-9._-]{1,63}$'),
  revision text NOT NULL CHECK (char_length(revision) BETWEEN 1 AND 128),
  content_sha256 text NOT NULL CHECK (content_sha256 ~ '^[0-9a-f]{64}$'),
  roots text[] NOT NULL,
  status text NOT NULL CHECK (status IN ('VALIDATED', 'ACTIVE', 'FAILED', 'SUPERSEDED')),
  published_by uuid NOT NULL,
  approved_by uuid,
  test_report_sha256 text CHECK (test_report_sha256 IS NULL OR test_report_sha256 ~ '^[0-9a-f]{64}$'),
  signing_key_ref text,
  created_at timestamptz NOT NULL DEFAULT now(),
  activated_at timestamptz,
  failure_code text,
  UNIQUE (bundle_name, revision),
  CHECK (approved_by IS NULL OR approved_by <> published_by)
);
CREATE UNIQUE INDEX security_policy_one_active ON sf_security.security_policy_metadata (bundle_name) WHERE status = 'ACTIVE';

-- sf:isolation sf_security.idempotency_record TENANT_SCOPED owner=CMP-048
CREATE TABLE sf_security.idempotency_record (
  tenant_id uuid NOT NULL,
  principal_id uuid NOT NULL,
  endpoint text NOT NULL,
  idempotency_key text NOT NULL,
  request_fingerprint text NOT NULL CHECK (request_fingerprint ~ '^sha256:[0-9a-f]{64}$'),
  status text NOT NULL CHECK (status IN ('IN_PROGRESS', 'COMPLETED', 'FAILED')),
  response_ref text,
  created_at timestamptz NOT NULL DEFAULT now(),
  expires_at timestamptz NOT NULL,
  PRIMARY KEY (tenant_id, principal_id, endpoint, idempotency_key)
);
ALTER TABLE sf_security.idempotency_record ENABLE ROW LEVEL SECURITY;
ALTER TABLE sf_security.idempotency_record FORCE ROW LEVEL SECURITY;
CREATE POLICY idempotency_tenant ON sf_security.idempotency_record TO sf_app
  USING (tenant_id = sf_platform.current_tenant_id())
  WITH CHECK (tenant_id = sf_platform.current_tenant_id());

-- sf:isolation sf_security.idempotency_record_platform PLATFORM_OPERATIONAL owner=CMP-048
CREATE TABLE sf_security.idempotency_record_platform (
  principal_id uuid NOT NULL,
  endpoint text NOT NULL,
  idempotency_key text NOT NULL,
  request_fingerprint text NOT NULL CHECK (request_fingerprint ~ '^sha256:[0-9a-f]{64}$'),
  status text NOT NULL CHECK (status IN ('IN_PROGRESS', 'COMPLETED', 'FAILED')),
  response_ref text,
  created_at timestamptz NOT NULL DEFAULT now(),
  expires_at timestamptz NOT NULL,
  PRIMARY KEY (principal_id, endpoint, idempotency_key)
);

CREATE FUNCTION sf_security.privileged_access_guard() RETURNS trigger
  LANGUAGE plpgsql
AS $$
BEGIN
  IF TG_OP = 'INSERT' THEN
    IF NEW.status IS DISTINCT FROM 'REQUESTED' THEN
      RAISE EXCEPTION 'privileged_access insert must be REQUESTED' USING ERRCODE = 'check_violation';
    END IF;
    IF NEW.requested_by IS DISTINCT FROM sf_platform.current_actor_id() THEN
      RAISE EXCEPTION 'requested_by must equal current actor' USING ERRCODE = 'check_violation';
    END IF;
    IF NEW.approved_by IS NOT NULL OR NEW.approved_at IS NOT NULL THEN
      RAISE EXCEPTION 'insert cannot include approval' USING ERRCODE = 'check_violation';
    END IF;
    RETURN NEW;
  END IF;

  IF OLD.tenant_id IS DISTINCT FROM NEW.tenant_id
     OR OLD.grantee_user_id IS DISTINCT FROM NEW.grantee_user_id
     OR OLD.grantee_actor_type IS DISTINCT FROM NEW.grantee_actor_type
     OR OLD.access_kind IS DISTINCT FROM NEW.access_kind
     OR OLD.purpose_code IS DISTINCT FROM NEW.purpose_code
     OR OLD.justification IS DISTINCT FROM NEW.justification
     OR OLD.support_ticket_ref IS DISTINCT FROM NEW.support_ticket_ref
     OR OLD.scope_actions IS DISTINCT FROM NEW.scope_actions
     OR OLD.scope_resource_types IS DISTINCT FROM NEW.scope_resource_types
     OR OLD.requested_by IS DISTINCT FROM NEW.requested_by
     OR OLD.starts_at IS DISTINCT FROM NEW.starts_at
     OR OLD.expires_at IS DISTINCT FROM NEW.expires_at
  THEN
    RAISE EXCEPTION 'privileged_access immutable columns' USING ERRCODE = 'check_violation';
  END IF;

  IF OLD.status = NEW.status THEN
    RETURN NEW;
  END IF;

  IF OLD.status = 'REQUESTED' AND NEW.status = 'APPROVED' THEN
    IF NEW.approved_by IS DISTINCT FROM sf_platform.current_actor_id() THEN
      RAISE EXCEPTION 'approved_by must equal current actor' USING ERRCODE = 'check_violation';
    END IF;
    IF NEW.approved_by IS NOT DISTINCT FROM NEW.requested_by
       OR NEW.approved_by IS NOT DISTINCT FROM NEW.grantee_user_id THEN
      RAISE EXCEPTION 'self-approval refused' USING ERRCODE = 'check_violation';
    END IF;
    RETURN NEW;
  END IF;

  IF OLD.status = 'REQUESTED' AND NEW.status IN ('REJECTED', 'REVOKED') THEN
    RETURN NEW;
  END IF;

  IF OLD.status = 'APPROVED' AND NEW.status IN ('REVOKED', 'EXPIRED') THEN
    RETURN NEW;
  END IF;

  RAISE EXCEPTION 'illegal privileged_access transition' USING ERRCODE = 'check_violation';
END
$$;

CREATE TRIGGER privileged_access_guard
  BEFORE INSERT OR UPDATE ON sf_security.privileged_access_record
  FOR EACH ROW EXECUTE FUNCTION sf_security.privileged_access_guard();

CREATE FUNCTION sf_security.security_policy_guard() RETURNS trigger
  LANGUAGE plpgsql
AS $$
BEGIN
  IF TG_OP = 'INSERT' THEN
    IF NEW.status IS DISTINCT FROM 'VALIDATED' THEN
      RAISE EXCEPTION 'policy insert must be VALIDATED' USING ERRCODE = 'check_violation';
    END IF;
    RETURN NEW;
  END IF;

  IF OLD.bundle_name IS DISTINCT FROM NEW.bundle_name
     OR OLD.revision IS DISTINCT FROM NEW.revision
     OR OLD.content_sha256 IS DISTINCT FROM NEW.content_sha256
     OR OLD.roots IS DISTINCT FROM NEW.roots
     OR OLD.published_by IS DISTINCT FROM NEW.published_by
     OR OLD.test_report_sha256 IS DISTINCT FROM NEW.test_report_sha256
     OR OLD.signing_key_ref IS DISTINCT FROM NEW.signing_key_ref
  THEN
    RAISE EXCEPTION 'policy content immutable' USING ERRCODE = 'check_violation';
  END IF;

  IF OLD.status = NEW.status THEN
    RETURN NEW;
  END IF;

  IF OLD.status = 'VALIDATED' AND NEW.status = 'ACTIVE' THEN
    IF NEW.approved_by IS NULL OR NEW.approved_by IS NOT DISTINCT FROM NEW.published_by THEN
      RAISE EXCEPTION 'maker-checker required' USING ERRCODE = 'check_violation';
    END IF;
    IF NEW.test_report_sha256 IS NULL THEN
      RAISE EXCEPTION 'test report required to activate' USING ERRCODE = 'check_violation';
    END IF;
    RETURN NEW;
  END IF;

  IF OLD.status = 'VALIDATED' AND NEW.status = 'FAILED' THEN
    RETURN NEW;
  END IF;

  IF OLD.status = 'ACTIVE' AND NEW.status = 'SUPERSEDED' THEN
    RETURN NEW;
  END IF;

  RAISE EXCEPTION 'illegal policy status transition' USING ERRCODE = 'check_violation';
END
$$;

CREATE TRIGGER security_policy_guard
  BEFORE INSERT OR UPDATE ON sf_security.security_policy_metadata
  FOR EACH ROW EXECUTE FUNCTION sf_security.security_policy_guard();

REVOKE ALL ON FUNCTION sf_security.privileged_access_guard() FROM PUBLIC;
REVOKE ALL ON FUNCTION sf_security.security_policy_guard() FROM PUBLIC;
GRANT EXECUTE ON FUNCTION sf_security.privileged_access_guard() TO sf_cmp048_rw;
GRANT EXECUTE ON FUNCTION sf_security.security_policy_guard() TO sf_cmp048_rw;

GRANT SELECT, INSERT ON sf_security.privileged_access_record TO sf_cmp048_rw;
GRANT UPDATE (status, approved_by, approved_at, revoked_by, revoked_at, post_review_by, post_review_at, post_review_outcome, version)
  ON sf_security.privileged_access_record TO sf_cmp048_rw;

GRANT SELECT, INSERT ON sf_security.security_policy_metadata TO sf_cmp048_rw;
GRANT UPDATE (status, activated_at, failure_code, approved_by)
  ON sf_security.security_policy_metadata TO sf_cmp048_rw;

GRANT SELECT, INSERT ON sf_security.idempotency_record TO sf_cmp048_rw;
GRANT UPDATE (status, response_ref) ON sf_security.idempotency_record TO sf_cmp048_rw;
GRANT SELECT, INSERT ON sf_security.idempotency_record_platform TO sf_cmp048_rw;
GRANT UPDATE (status, response_ref) ON sf_security.idempotency_record_platform TO sf_cmp048_rw;

-- SF-CON-OUTBOX v1 copied verbatim after placeholder substitution. Do not change grants.
-- sf:isolation sf_security.outbox_event TENANT_SCOPED owner=CMP-048
CREATE TABLE sf_security.outbox_event (
  seq bigint GENERATED ALWAYS AS IDENTITY PRIMARY KEY,
  event_id uuid NOT NULL UNIQUE,
  tenant_id uuid NOT NULL,
  topic text NOT NULL CHECK (topic ~ '^[a-zA-Z0-9._-]{3,249}$'),
  partition_key text NOT NULL CHECK (length(partition_key) BETWEEN 1 AND 200),
  event_type text NOT NULL,
  schema_version integer NOT NULL CHECK (schema_version >= 1),
  aggregate_type text NOT NULL,
  aggregate_id uuid NOT NULL,
  aggregate_version bigint NOT NULL CHECK (aggregate_version >= 0),
  envelope jsonb NOT NULL CHECK (octet_length(envelope::text) <= 262144),
  status text NOT NULL DEFAULT 'PENDING' CHECK (status IN ('PENDING', 'PUBLISHED', 'DEAD_LETTERED')),
  attempts integer NOT NULL DEFAULT 0 CHECK (attempts >= 0),
  next_attempt_at timestamptz NOT NULL DEFAULT now(),
  lease_owner text,
  lease_expires_at timestamptz,
  last_error_code text CHECK (last_error_code ~ '^[A-Z][A-Z0-9_]{1,63}$'),
  created_at timestamptz NOT NULL DEFAULT now(),
  published_at timestamptz,
  CHECK (envelope ->> 'event_id' = event_id::text),
  CHECK (envelope ->> 'tenant_id' = tenant_id::text),
  CHECK (envelope ->> 'aggregate_id' = aggregate_id::text),
  CHECK (envelope ->> 'event_type' = event_type)
);
CREATE INDEX outbox_event_claim_idx ON sf_security.outbox_event (partition_key, seq) WHERE status <> 'PUBLISHED';
CREATE INDEX outbox_event_due_idx ON sf_security.outbox_event (next_attempt_at) WHERE status = 'PENDING';
ALTER TABLE sf_security.outbox_event ENABLE ROW LEVEL SECURITY;
ALTER TABLE sf_security.outbox_event FORCE ROW LEVEL SECURITY;
CREATE POLICY outbox_event_tenant_insert ON sf_security.outbox_event FOR INSERT TO sf_app
  WITH CHECK (tenant_id = sf_platform.current_tenant_id());
CREATE POLICY outbox_event_publisher ON sf_security.outbox_event TO sf_outbox_publisher
  USING (true) WITH CHECK (true);
GRANT INSERT ON sf_security.outbox_event TO sf_app;

-- sf:isolation sf_security.outbox_event_platform PLATFORM_OPERATIONAL owner=CMP-048
CREATE TABLE sf_security.outbox_event_platform (
  seq bigint GENERATED ALWAYS AS IDENTITY PRIMARY KEY,
  event_id uuid NOT NULL UNIQUE,
  topic text NOT NULL CHECK (topic ~ '^[a-zA-Z0-9._-]{3,249}$'),
  partition_key text NOT NULL CHECK (length(partition_key) BETWEEN 1 AND 200),
  event_type text NOT NULL,
  schema_version integer NOT NULL CHECK (schema_version >= 1),
  aggregate_type text NOT NULL,
  aggregate_id uuid NOT NULL,
  aggregate_version bigint NOT NULL CHECK (aggregate_version >= 0),
  envelope jsonb NOT NULL CHECK (octet_length(envelope::text) <= 262144),
  status text NOT NULL DEFAULT 'PENDING' CHECK (status IN ('PENDING', 'PUBLISHED', 'DEAD_LETTERED')),
  attempts integer NOT NULL DEFAULT 0 CHECK (attempts >= 0),
  next_attempt_at timestamptz NOT NULL DEFAULT now(),
  lease_owner text,
  lease_expires_at timestamptz,
  last_error_code text CHECK (last_error_code ~ '^[A-Z][A-Z0-9_]{1,63}$'),
  created_at timestamptz NOT NULL DEFAULT now(),
  published_at timestamptz,
  CHECK (envelope ->> 'event_id' = event_id::text),
  CHECK (jsonb_typeof(envelope -> 'tenant_id') = 'null'),
  CHECK (envelope ->> 'aggregate_id' = aggregate_id::text),
  CHECK (envelope ->> 'event_type' = event_type)
);
CREATE INDEX outbox_event_platform_claim_idx ON sf_security.outbox_event_platform (partition_key, seq) WHERE status <> 'PUBLISHED';
CREATE INDEX outbox_event_platform_due_idx ON sf_security.outbox_event_platform (next_attempt_at) WHERE status = 'PENDING';
GRANT INSERT ON sf_security.outbox_event_platform TO sf_app;

GRANT USAGE ON SCHEMA sf_security TO sf_outbox_publisher;
GRANT SELECT, DELETE ON sf_security.outbox_event, sf_security.outbox_event_platform TO sf_outbox_publisher;
GRANT UPDATE (status, attempts, next_attempt_at, lease_owner, lease_expires_at, last_error_code, published_at)
  ON sf_security.outbox_event, sf_security.outbox_event_platform TO sf_outbox_publisher;

-- sf:isolation sf_security.inbox_event TENANT_SCOPED owner=CMP-048
CREATE TABLE sf_security.inbox_event (
  consumer_group text NOT NULL CHECK (consumer_group ~ '^[a-z0-9][a-z0-9._-]{0,99}$'),
  event_id uuid NOT NULL,
  tenant_id uuid NOT NULL,
  processed_at timestamptz NOT NULL DEFAULT now(),
  PRIMARY KEY (consumer_group, event_id)
);
ALTER TABLE sf_security.inbox_event ENABLE ROW LEVEL SECURITY;
ALTER TABLE sf_security.inbox_event FORCE ROW LEVEL SECURITY;
CREATE POLICY inbox_event_tenant ON sf_security.inbox_event TO sf_app
  USING (tenant_id = sf_platform.current_tenant_id())
  WITH CHECK (tenant_id = sf_platform.current_tenant_id());
GRANT SELECT, INSERT ON sf_security.inbox_event TO sf_app;

-- sf:isolation sf_security.inbox_event_platform PLATFORM_OPERATIONAL owner=CMP-048
CREATE TABLE sf_security.inbox_event_platform (
  consumer_group text NOT NULL CHECK (consumer_group ~ '^[a-z0-9][a-z0-9._-]{0,99}$'),
  event_id uuid NOT NULL,
  processed_at timestamptz NOT NULL DEFAULT now(),
  PRIMARY KEY (consumer_group, event_id)
);
GRANT SELECT, INSERT ON sf_security.inbox_event_platform TO sf_app;

ALTER SCHEMA sf_security OWNER TO sf_migrator;
ALTER TABLE sf_security.privileged_access_record OWNER TO sf_migrator;
ALTER TABLE sf_security.security_policy_metadata OWNER TO sf_migrator;
ALTER TABLE sf_security.idempotency_record OWNER TO sf_migrator;
ALTER TABLE sf_security.idempotency_record_platform OWNER TO sf_migrator;
ALTER TABLE sf_security.outbox_event OWNER TO sf_migrator;
ALTER TABLE sf_security.outbox_event_platform OWNER TO sf_migrator;
ALTER TABLE sf_security.inbox_event OWNER TO sf_migrator;
ALTER TABLE sf_security.inbox_event_platform OWNER TO sf_migrator;
ALTER FUNCTION sf_security.privileged_access_guard() OWNER TO sf_migrator;
ALTER FUNCTION sf_security.security_policy_guard() OWNER TO sf_migrator;

REVOKE ALL ON ALL TABLES IN SCHEMA sf_security FROM PUBLIC;
REVOKE ALL ON ALL SEQUENCES IN SCHEMA sf_security FROM PUBLIC;
REVOKE ALL ON ALL FUNCTIONS IN SCHEMA sf_security FROM PUBLIC;

ALTER DEFAULT PRIVILEGES FOR ROLE sf_migrator IN SCHEMA sf_security REVOKE ALL ON TABLES FROM PUBLIC;
ALTER DEFAULT PRIVILEGES FOR ROLE sf_migrator IN SCHEMA sf_security REVOKE ALL ON SEQUENCES FROM PUBLIC;
ALTER DEFAULT PRIVILEGES FOR ROLE sf_migrator IN SCHEMA sf_security REVOKE ALL ON FUNCTIONS FROM PUBLIC;
ALTER DEFAULT PRIVILEGES FOR ROLE sf_migrator IN SCHEMA sf_security REVOKE ALL ON TABLES FROM sf_app;
ALTER DEFAULT PRIVILEGES FOR ROLE sf_migrator IN SCHEMA sf_security REVOKE ALL ON SEQUENCES FROM sf_app;
;
INSERT INTO "public"."sf_schema_migrations" (name, run_on) VALUES ('1759500200000_cmp-048-security-platform', NOW());


### MIGRATION 1759500300000_cmp-031-audit-ledger (UP) ###
--
-- Up Migration

DO $$
BEGIN
  IF NOT EXISTS (SELECT 1 FROM pg_roles WHERE rolname = 'sf_migrator') THEN
    CREATE ROLE sf_migrator NOLOGIN NOSUPERUSER NOCREATEDB NOCREATEROLE NOBYPASSRLS;
  END IF;
END
$$;

DO $$
BEGIN
  IF NOT EXISTS (SELECT 1 FROM pg_roles WHERE rolname = 'sf_cmp031_rw') THEN
    CREATE ROLE sf_cmp031_rw NOLOGIN NOSUPERUSER NOCREATEDB NOCREATEROLE NOBYPASSRLS;
  END IF;
END
$$;
COMMENT ON ROLE sf_cmp031_rw IS
  'ADR-0006: CMP-031 privilege role. NOLOGIN. Runtime logins inherit sf_app + this role only.';

CREATE SCHEMA sf_audit AUTHORIZATION sf_migrator;
COMMENT ON SCHEMA sf_audit IS 'isolation_class=mixed; owner=CMP-031; audit ledger';
REVOKE ALL ON SCHEMA sf_audit FROM PUBLIC;
GRANT USAGE ON SCHEMA sf_audit TO sf_app;
GRANT USAGE ON SCHEMA sf_audit TO sf_cmp031_rw;
REVOKE CREATE ON SCHEMA sf_audit FROM sf_app, sf_cmp031_rw, PUBLIC;

ALTER DEFAULT PRIVILEGES FOR ROLE sf_migrator IN SCHEMA sf_audit REVOKE ALL ON TABLES FROM PUBLIC;
ALTER DEFAULT PRIVILEGES FOR ROLE sf_migrator IN SCHEMA sf_audit REVOKE ALL ON SEQUENCES FROM PUBLIC;
ALTER DEFAULT PRIVILEGES FOR ROLE sf_migrator IN SCHEMA sf_audit REVOKE ALL ON FUNCTIONS FROM PUBLIC;

GRANT USAGE ON SCHEMA sf_platform TO sf_migrator;

CREATE FUNCTION sf_audit.reject_mutation() RETURNS trigger
  LANGUAGE plpgsql
  SET search_path = pg_catalog
  AS $$
BEGIN
  RAISE EXCEPTION 'audit ledger is append-only' USING ERRCODE = 'P0001';
END;
$$;

CREATE FUNCTION sf_audit.enforce_tenant_head() RETURNS trigger
  LANGUAGE plpgsql
  SET search_path = pg_catalog
  AS $$
BEGIN
  IF TG_OP = 'INSERT' THEN
    IF NEW.last_seq <> 0 OR octet_length(NEW.last_hash) <> 32 THEN
      RAISE EXCEPTION 'audit chain head genesis must be seq 0' USING ERRCODE = 'P0001';
    END IF;
    RETURN NEW;
  END IF;
  IF NEW.last_seq <> OLD.last_seq + 1 THEN
    RAISE EXCEPTION 'audit chain head seq must advance by 1' USING ERRCODE = 'P0001';
  END IF;
  IF NEW.last_recorded_at < OLD.last_recorded_at THEN
    RAISE EXCEPTION 'audit chain head recorded_at must be monotonic' USING ERRCODE = 'P0001';
  END IF;
  IF octet_length(NEW.last_hash) <> 32 THEN
    RAISE EXCEPTION 'audit chain head hash length' USING ERRCODE = 'P0001';
  END IF;
  IF NOT EXISTS (
    SELECT 1 FROM sf_audit.audit_event_key k
    WHERE k.tenant_id = NEW.tenant_id
      AND k.chain_seq = NEW.last_seq
      AND k.content_hash IS NOT NULL
  ) THEN
    RAISE EXCEPTION 'audit chain head hash linkage missing key row' USING ERRCODE = 'P0001';
  END IF;
  IF NOT EXISTS (
    SELECT 1 FROM sf_audit.audit_event e
    WHERE e.tenant_id = NEW.tenant_id
      AND e.chain_seq = NEW.last_seq
      AND e.row_hash = NEW.last_hash
  ) THEN
    RAISE EXCEPTION 'audit chain head hash linkage missing ledger row' USING ERRCODE = 'P0001';
  END IF;
  RETURN NEW;
END;
$$;

CREATE FUNCTION sf_audit.enforce_platform_head() RETURNS trigger
  LANGUAGE plpgsql
  SET search_path = pg_catalog
  AS $$
BEGIN
  IF TG_OP = 'INSERT' THEN
    IF NEW.id <> 1 OR NEW.last_seq <> 0 OR octet_length(NEW.last_hash) <> 32 THEN
      RAISE EXCEPTION 'platform audit head genesis invalid' USING ERRCODE = 'P0001';
    END IF;
    RETURN NEW;
  END IF;
  IF NEW.last_seq <> OLD.last_seq + 1 THEN
    RAISE EXCEPTION 'audit chain head seq must advance by 1' USING ERRCODE = 'P0001';
  END IF;
  IF NEW.last_recorded_at < OLD.last_recorded_at THEN
    RAISE EXCEPTION 'audit chain head recorded_at must be monotonic' USING ERRCODE = 'P0001';
  END IF;
  IF NOT EXISTS (
    SELECT 1 FROM sf_audit.audit_event_platform e
    WHERE e.chain_seq = NEW.last_seq AND e.row_hash = NEW.last_hash
  ) THEN
    RAISE EXCEPTION 'platform audit chain head hash linkage missing ledger row' USING ERRCODE = 'P0001';
  END IF;
  RETURN NEW;
END;
$$;

-- sf:isolation sf_audit.audit_event TENANT_SCOPED owner=CMP-031
CREATE TABLE sf_audit.audit_event (
  tenant_id uuid NOT NULL,
  chain_seq bigint NOT NULL CHECK (chain_seq >= 1),
  recorded_at timestamptz NOT NULL,
  audit_id uuid NOT NULL,
  record jsonb NOT NULL CHECK (octet_length(record::text) <= 262144),
  prev_hash bytea NOT NULL CHECK (octet_length(prev_hash) = 32),
  row_hash bytea NOT NULL CHECK (octet_length(row_hash) = 32),
  CHECK (record ->> 'audit_id' = audit_id::text),
  CHECK (record ->> 'tenant_id' = tenant_id::text),
  PRIMARY KEY (tenant_id, chain_seq, recorded_at)
) PARTITION BY RANGE (recorded_at);

CREATE INDEX audit_event_recorded_idx ON sf_audit.audit_event (tenant_id, recorded_at, chain_seq);
CREATE INDEX audit_event_resource_idx ON sf_audit.audit_event (tenant_id, (record->>'resource_type'), (record->>'resource_id'), recorded_at);
CREATE INDEX audit_event_corr_idx ON sf_audit.audit_event (tenant_id, (record->>'correlation_id'));
CREATE INDEX audit_event_actor_idx ON sf_audit.audit_event (tenant_id, (record->>'actor_id'), recorded_at);

ALTER TABLE sf_audit.audit_event ENABLE ROW LEVEL SECURITY;
ALTER TABLE sf_audit.audit_event FORCE ROW LEVEL SECURITY;
CREATE POLICY audit_event_select ON sf_audit.audit_event FOR SELECT TO sf_app
  USING (tenant_id = sf_platform.current_tenant_id());
CREATE POLICY audit_event_insert ON sf_audit.audit_event FOR INSERT TO sf_app
  WITH CHECK (tenant_id = sf_platform.current_tenant_id());
CREATE TRIGGER audit_event_no_mutate BEFORE UPDATE OR DELETE ON sf_audit.audit_event
  FOR EACH ROW EXECUTE FUNCTION sf_audit.reject_mutation();
-- sf:allow-destructive ADR-0006
CREATE TRIGGER audit_event_no_truncate BEFORE TRUNCATE ON sf_audit.audit_event
  FOR EACH STATEMENT EXECUTE FUNCTION sf_audit.reject_mutation();
GRANT SELECT, INSERT ON sf_audit.audit_event TO sf_cmp031_rw;
REVOKE ALL ON sf_audit.audit_event FROM PUBLIC;

-- sf:isolation sf_audit.audit_event_key TENANT_SCOPED owner=CMP-031
CREATE TABLE sf_audit.audit_event_key (
  tenant_id uuid NOT NULL,
  audit_id uuid NOT NULL,
  chain_seq bigint NOT NULL,
  recorded_at timestamptz NOT NULL,
  content_hash bytea NOT NULL CHECK (octet_length(content_hash) = 32),
  PRIMARY KEY (tenant_id, audit_id),
  UNIQUE (tenant_id, chain_seq)
);
ALTER TABLE sf_audit.audit_event_key ENABLE ROW LEVEL SECURITY;
ALTER TABLE sf_audit.audit_event_key FORCE ROW LEVEL SECURITY;
CREATE POLICY audit_event_key_select ON sf_audit.audit_event_key FOR SELECT TO sf_app
  USING (tenant_id = sf_platform.current_tenant_id());
CREATE POLICY audit_event_key_insert ON sf_audit.audit_event_key FOR INSERT TO sf_app
  WITH CHECK (tenant_id = sf_platform.current_tenant_id());
CREATE TRIGGER audit_event_key_no_mutate BEFORE UPDATE OR DELETE ON sf_audit.audit_event_key
  FOR EACH ROW EXECUTE FUNCTION sf_audit.reject_mutation();
-- sf:allow-destructive ADR-0006
CREATE TRIGGER audit_event_key_no_truncate BEFORE TRUNCATE ON sf_audit.audit_event_key
  FOR EACH STATEMENT EXECUTE FUNCTION sf_audit.reject_mutation();
GRANT SELECT, INSERT ON sf_audit.audit_event_key TO sf_cmp031_rw;
REVOKE ALL ON sf_audit.audit_event_key FROM PUBLIC;

-- sf:isolation sf_audit.audit_chain_head TENANT_SCOPED owner=CMP-031
CREATE TABLE sf_audit.audit_chain_head (
  tenant_id uuid NOT NULL PRIMARY KEY,
  last_seq bigint NOT NULL CHECK (last_seq >= 0),
  last_hash bytea NOT NULL CHECK (octet_length(last_hash) = 32),
  last_recorded_at timestamptz NOT NULL
);
ALTER TABLE sf_audit.audit_chain_head ENABLE ROW LEVEL SECURITY;
ALTER TABLE sf_audit.audit_chain_head FORCE ROW LEVEL SECURITY;
CREATE POLICY audit_chain_head_all ON sf_audit.audit_chain_head TO sf_app
  USING (tenant_id = sf_platform.current_tenant_id())
  WITH CHECK (tenant_id = sf_platform.current_tenant_id());
CREATE TRIGGER audit_chain_head_enforce BEFORE INSERT OR UPDATE ON sf_audit.audit_chain_head
  FOR EACH ROW EXECUTE FUNCTION sf_audit.enforce_tenant_head();
CREATE TRIGGER audit_chain_head_no_delete BEFORE DELETE ON sf_audit.audit_chain_head
  FOR EACH ROW EXECUTE FUNCTION sf_audit.reject_mutation();
-- sf:allow-destructive ADR-0006
CREATE TRIGGER audit_chain_head_no_truncate BEFORE TRUNCATE ON sf_audit.audit_chain_head
  FOR EACH STATEMENT EXECUTE FUNCTION sf_audit.reject_mutation();
GRANT SELECT, INSERT ON sf_audit.audit_chain_head TO sf_cmp031_rw;
GRANT UPDATE (last_seq, last_hash, last_recorded_at) ON sf_audit.audit_chain_head TO sf_cmp031_rw;
REVOKE ALL ON sf_audit.audit_chain_head FROM PUBLIC;

-- sf:isolation sf_audit.audit_event_platform PLATFORM_OPERATIONAL owner=CMP-031
CREATE TABLE sf_audit.audit_event_platform (
  chain_seq bigint NOT NULL CHECK (chain_seq >= 1),
  recorded_at timestamptz NOT NULL,
  audit_id uuid NOT NULL,
  record jsonb NOT NULL CHECK (octet_length(record::text) <= 262144),
  prev_hash bytea NOT NULL CHECK (octet_length(prev_hash) = 32),
  row_hash bytea NOT NULL CHECK (octet_length(row_hash) = 32),
  CHECK (record ->> 'audit_id' = audit_id::text),
  CHECK (jsonb_typeof(record -> 'tenant_id') = 'null'),
  PRIMARY KEY (chain_seq, recorded_at)
) PARTITION BY RANGE (recorded_at);
ALTER TABLE sf_audit.audit_event_platform ENABLE ROW LEVEL SECURITY;
ALTER TABLE sf_audit.audit_event_platform FORCE ROW LEVEL SECURITY;
CREATE POLICY audit_event_platform_insert ON sf_audit.audit_event_platform FOR INSERT TO sf_app
  WITH CHECK (sf_platform.current_tenant_id() IS NULL);
CREATE POLICY audit_event_platform_select ON sf_audit.audit_event_platform FOR SELECT TO sf_app
  USING (sf_platform.current_tenant_id() IS NULL);
CREATE TRIGGER audit_event_platform_no_mutate BEFORE UPDATE OR DELETE ON sf_audit.audit_event_platform
  FOR EACH ROW EXECUTE FUNCTION sf_audit.reject_mutation();
-- sf:allow-destructive ADR-0006
CREATE TRIGGER audit_event_platform_no_truncate BEFORE TRUNCATE ON sf_audit.audit_event_platform
  FOR EACH STATEMENT EXECUTE FUNCTION sf_audit.reject_mutation();
GRANT SELECT, INSERT ON sf_audit.audit_event_platform TO sf_cmp031_rw;
REVOKE ALL ON sf_audit.audit_event_platform FROM PUBLIC;

-- sf:isolation sf_audit.audit_event_platform_key PLATFORM_OPERATIONAL owner=CMP-031
CREATE TABLE sf_audit.audit_event_platform_key (
  audit_id uuid PRIMARY KEY,
  chain_seq bigint NOT NULL UNIQUE,
  recorded_at timestamptz NOT NULL,
  content_hash bytea NOT NULL CHECK (octet_length(content_hash) = 32)
);
ALTER TABLE sf_audit.audit_event_platform_key ENABLE ROW LEVEL SECURITY;
ALTER TABLE sf_audit.audit_event_platform_key FORCE ROW LEVEL SECURITY;
CREATE POLICY audit_event_platform_key_insert ON sf_audit.audit_event_platform_key FOR INSERT TO sf_app
  WITH CHECK (sf_platform.current_tenant_id() IS NULL);
CREATE POLICY audit_event_platform_key_select ON sf_audit.audit_event_platform_key FOR SELECT TO sf_app
  USING (sf_platform.current_tenant_id() IS NULL);
CREATE TRIGGER audit_event_platform_key_no_mutate BEFORE UPDATE OR DELETE ON sf_audit.audit_event_platform_key
  FOR EACH ROW EXECUTE FUNCTION sf_audit.reject_mutation();
GRANT SELECT, INSERT ON sf_audit.audit_event_platform_key TO sf_cmp031_rw;
REVOKE ALL ON sf_audit.audit_event_platform_key FROM PUBLIC;

-- sf:isolation sf_audit.audit_chain_head_platform PLATFORM_OPERATIONAL owner=CMP-031
CREATE TABLE sf_audit.audit_chain_head_platform (
  id smallint PRIMARY KEY CHECK (id = 1),
  last_seq bigint NOT NULL CHECK (last_seq >= 0),
  last_hash bytea NOT NULL CHECK (octet_length(last_hash) = 32),
  last_recorded_at timestamptz NOT NULL
);
ALTER TABLE sf_audit.audit_chain_head_platform ENABLE ROW LEVEL SECURITY;
ALTER TABLE sf_audit.audit_chain_head_platform FORCE ROW LEVEL SECURITY;
CREATE POLICY audit_chain_head_platform_write ON sf_audit.audit_chain_head_platform FOR INSERT TO sf_app
  WITH CHECK (sf_platform.current_tenant_id() IS NULL);
CREATE POLICY audit_chain_head_platform_select ON sf_audit.audit_chain_head_platform FOR SELECT TO sf_app
  USING (sf_platform.current_tenant_id() IS NULL);
CREATE POLICY audit_chain_head_platform_update ON sf_audit.audit_chain_head_platform FOR UPDATE TO sf_app
  USING (sf_platform.current_tenant_id() IS NULL)
  WITH CHECK (sf_platform.current_tenant_id() IS NULL);
CREATE TRIGGER audit_chain_head_platform_enforce BEFORE INSERT OR UPDATE ON sf_audit.audit_chain_head_platform
  FOR EACH ROW EXECUTE FUNCTION sf_audit.enforce_platform_head();
CREATE TRIGGER audit_chain_head_platform_no_delete BEFORE DELETE ON sf_audit.audit_chain_head_platform
  FOR EACH ROW EXECUTE FUNCTION sf_audit.reject_mutation();
GRANT SELECT, INSERT ON sf_audit.audit_chain_head_platform TO sf_cmp031_rw;
GRANT UPDATE (last_seq, last_hash, last_recorded_at) ON sf_audit.audit_chain_head_platform TO sf_cmp031_rw;
REVOKE ALL ON sf_audit.audit_chain_head_platform FROM PUBLIC;

CREATE FUNCTION sf_audit.create_month_partitions(from_date date, months integer) RETURNS void
  LANGUAGE plpgsql
  SET search_path = pg_catalog
  AS $$
DECLARE
  i integer;
  start_ts timestamptz;
  end_ts timestamptz;
  part_name text;
  plat_name text;
BEGIN
  IF months < 1 OR months > 120 THEN
    RAISE EXCEPTION 'invalid partition month count';
  END IF;
  FOR i IN 0 .. months - 1 LOOP
    start_ts := timezone('UTC', date_trunc('month', from_date::timestamp) + make_interval(months => i));
    end_ts := timezone('UTC', date_trunc('month', from_date::timestamp) + make_interval(months => i + 1));
    part_name := format('audit_event_y%sm%s', to_char(start_ts, 'YYYY'), to_char(start_ts, 'MM'));
    plat_name := format('audit_event_platform_y%sm%s', to_char(start_ts, 'YYYY'), to_char(start_ts, 'MM'));
    EXECUTE format(
      'CREATE TABLE IF NOT EXISTS sf_audit.%I PARTITION OF sf_audit.audit_event FOR VALUES FROM (%L) TO (%L)',
      part_name, start_ts, end_ts);
    EXECUTE format('ALTER TABLE sf_audit.%I ENABLE ROW LEVEL SECURITY', part_name);
    EXECUTE format('ALTER TABLE sf_audit.%I FORCE ROW LEVEL SECURITY', part_name);
    EXECUTE format('GRANT SELECT, INSERT ON sf_audit.%I TO sf_cmp031_rw', part_name);
    EXECUTE format('REVOKE ALL ON sf_audit.%I FROM PUBLIC', part_name);
    EXECUTE format(
      'DROP TRIGGER IF EXISTS audit_event_part_no_mutate ON sf_audit.%I',
      part_name);
    EXECUTE format(
      'CREATE TRIGGER audit_event_part_no_mutate BEFORE UPDATE OR DELETE ON sf_audit.%I FOR EACH ROW EXECUTE FUNCTION sf_audit.reject_mutation()',
      part_name);
    EXECUTE format(
      'DROP TRIGGER IF EXISTS audit_event_part_no_truncate ON sf_audit.%I',
      part_name);
    EXECUTE format(
      -- sf:allow-destructive ADR-0006
      'CREATE TRIGGER audit_event_part_no_truncate BEFORE TRUNCATE ON sf_audit.%I FOR EACH STATEMENT EXECUTE FUNCTION sf_audit.reject_mutation()',
      part_name);
    EXECUTE format(
      'CREATE TABLE IF NOT EXISTS sf_audit.%I PARTITION OF sf_audit.audit_event_platform FOR VALUES FROM (%L) TO (%L)',
      plat_name, start_ts, end_ts);
    EXECUTE format('ALTER TABLE sf_audit.%I ENABLE ROW LEVEL SECURITY', plat_name);
    EXECUTE format('ALTER TABLE sf_audit.%I FORCE ROW LEVEL SECURITY', plat_name);
    EXECUTE format('GRANT SELECT, INSERT ON sf_audit.%I TO sf_cmp031_rw', plat_name);
    EXECUTE format('REVOKE ALL ON sf_audit.%I FROM PUBLIC', plat_name);
    EXECUTE format('ALTER TABLE sf_audit.%I OWNER TO sf_migrator', part_name);
    EXECUTE format('ALTER TABLE sf_audit.%I OWNER TO sf_migrator', plat_name);
    EXECUTE format(
      'DROP TRIGGER IF EXISTS audit_event_platform_part_no_mutate ON sf_audit.%I',
      plat_name);
    EXECUTE format(
      'CREATE TRIGGER audit_event_platform_part_no_mutate BEFORE UPDATE OR DELETE ON sf_audit.%I FOR EACH ROW EXECUTE FUNCTION sf_audit.reject_mutation()',
      plat_name);
    EXECUTE format(
      'DROP TRIGGER IF EXISTS audit_event_platform_part_no_truncate ON sf_audit.%I',
      plat_name);
    EXECUTE format(
      -- sf:allow-destructive ADR-0006
      'CREATE TRIGGER audit_event_platform_part_no_truncate BEFORE TRUNCATE ON sf_audit.%I FOR EACH STATEMENT EXECUTE FUNCTION sf_audit.reject_mutation()',
      plat_name);
  END LOOP;
END;
$$;

CREATE FUNCTION sf_audit.ensure_partitions() RETURNS void
  LANGUAGE plpgsql
  SET search_path = pg_catalog
  AS $$
BEGIN
  PERFORM sf_audit.create_month_partitions((timezone('UTC', now()))::date, 24);
END;
$$;

REVOKE ALL ON FUNCTION sf_audit.reject_mutation() FROM PUBLIC;
REVOKE ALL ON FUNCTION sf_audit.enforce_tenant_head() FROM PUBLIC;
REVOKE ALL ON FUNCTION sf_audit.enforce_platform_head() FROM PUBLIC;
REVOKE ALL ON FUNCTION sf_audit.create_month_partitions(date, integer) FROM PUBLIC;
REVOKE ALL ON FUNCTION sf_audit.ensure_partitions() FROM PUBLIC;
GRANT EXECUTE ON FUNCTION sf_audit.reject_mutation() TO sf_app;
GRANT EXECUTE ON FUNCTION sf_audit.enforce_tenant_head() TO sf_app;
GRANT EXECUTE ON FUNCTION sf_audit.enforce_platform_head() TO sf_app;

SELECT sf_audit.create_month_partitions(DATE '2026-10-01', 24);
SELECT sf_audit.ensure_partitions();

ALTER FUNCTION sf_audit.reject_mutation() OWNER TO sf_migrator;
ALTER FUNCTION sf_audit.enforce_tenant_head() OWNER TO sf_migrator;
ALTER FUNCTION sf_audit.enforce_platform_head() OWNER TO sf_migrator;
ALTER FUNCTION sf_audit.create_month_partitions(date, integer) OWNER TO sf_migrator;
ALTER FUNCTION sf_audit.ensure_partitions() OWNER TO sf_migrator;
ALTER TABLE sf_audit.audit_event OWNER TO sf_migrator;
ALTER TABLE sf_audit.audit_event_key OWNER TO sf_migrator;
ALTER TABLE sf_audit.audit_chain_head OWNER TO sf_migrator;
ALTER TABLE sf_audit.audit_event_platform OWNER TO sf_migrator;
ALTER TABLE sf_audit.audit_event_platform_key OWNER TO sf_migrator;
ALTER TABLE sf_audit.audit_chain_head_platform OWNER TO sf_migrator;

-- Superuser bypasses FORCE RLS to plant the platform genesis head (runtime cannot).
INSERT INTO sf_audit.audit_chain_head_platform (id, last_seq, last_hash, last_recorded_at)
VALUES (1, 0, decode(repeat('00', 32), 'hex'), TIMESTAMPTZ '1970-01-01 00:00:00+00');
;
INSERT INTO "public"."sf_schema_migrations" (name, run_on) VALUES ('1759500300000_cmp-031-audit-ledger', NOW());


### MIGRATION 1759500301000_cmp-031-outbox-inbox (UP) ###
--
-- Up Migration

-- SF-CON-OUTBOX v1: normative outbox and inbox layout for every component schema.
-- Copy into the component's own migration, replacing sf_audit with the component schema and
-- CMP-031 with its CMP id. Do not add columns or change grants without a Contract Change Request.
-- Requires db/migrations/1759490000000_shared-db-contracts.sql (sf_platform.current_tenant_id(),
-- role sf_outbox_publisher).
--
-- Rules (summary; the schema contracts/shared/schemas/outbox-record.schema.json is authoritative
-- for row content):
--  1. Producers INSERT exactly one row per event in the same transaction as the state change,
--     after validating the envelope against SF-CON-EVENT-ENVELOPE. Producers never SELECT,
--     UPDATE or DELETE outbox rows.
--  2. Envelopes with a tenant_id go to outbox_event; envelopes with tenant_id null go to
--     outbox_event_platform.
--  3. The publisher (packages/outbox, CMP-038) runs as a login role that is a member of
--     sf_outbox_publisher only. It claims PENDING rows by setting lease_owner/lease_expires_at
--     in one short transaction, publishes with no transaction open, then sets PUBLISHED (or
--     schedules a retry) in another. An expired lease makes a row claimable again, so delivery
--     is at-least-once.
--  4. For one partition_key, a row is claimable only when no row with a lower seq is PENDING or
--     DEAD_LETTERED. A DEAD_LETTERED row therefore holds its key until an operator replays or
--     discards it through an audited action.
--  5. Consumers record (consumer_group, event_id) in inbox_event or inbox_event_platform in the
--     same transaction as their own state change; a conflict means the event was already applied.
--  6. The publisher deletes PUBLISHED rows only after the topic's retention window in the CMP-038
--     topic registry.

-- sf:isolation sf_audit.outbox_event TENANT_SCOPED owner=CMP-031
CREATE TABLE sf_audit.outbox_event (
  seq bigint GENERATED ALWAYS AS IDENTITY PRIMARY KEY,
  event_id uuid NOT NULL UNIQUE,
  tenant_id uuid NOT NULL,
  topic text NOT NULL CHECK (topic ~ '^[a-zA-Z0-9._-]{3,249}$'),
  partition_key text NOT NULL CHECK (length(partition_key) BETWEEN 1 AND 200),
  event_type text NOT NULL,
  schema_version integer NOT NULL CHECK (schema_version >= 1),
  aggregate_type text NOT NULL,
  aggregate_id uuid NOT NULL,
  aggregate_version bigint NOT NULL CHECK (aggregate_version >= 0),
  envelope jsonb NOT NULL CHECK (octet_length(envelope::text) <= 262144),
  status text NOT NULL DEFAULT 'PENDING' CHECK (status IN ('PENDING', 'PUBLISHED', 'DEAD_LETTERED')),
  attempts integer NOT NULL DEFAULT 0 CHECK (attempts >= 0),
  next_attempt_at timestamptz NOT NULL DEFAULT now(),
  lease_owner text,
  lease_expires_at timestamptz,
  last_error_code text CHECK (last_error_code ~ '^[A-Z][A-Z0-9_]{1,63}$'),
  created_at timestamptz NOT NULL DEFAULT now(),
  published_at timestamptz,
  CHECK (envelope ->> 'event_id' = event_id::text),
  CHECK (envelope ->> 'tenant_id' = tenant_id::text),
  CHECK (envelope ->> 'aggregate_id' = aggregate_id::text),
  CHECK (envelope ->> 'event_type' = event_type)
);
CREATE INDEX outbox_event_claim_idx ON sf_audit.outbox_event (partition_key, seq) WHERE status <> 'PUBLISHED';
CREATE INDEX outbox_event_due_idx ON sf_audit.outbox_event (next_attempt_at) WHERE status = 'PENDING';
ALTER TABLE sf_audit.outbox_event ENABLE ROW LEVEL SECURITY;
ALTER TABLE sf_audit.outbox_event FORCE ROW LEVEL SECURITY;
CREATE POLICY outbox_event_tenant_insert ON sf_audit.outbox_event FOR INSERT TO sf_app
  WITH CHECK (tenant_id = sf_platform.current_tenant_id());
CREATE POLICY outbox_event_publisher ON sf_audit.outbox_event TO sf_outbox_publisher
  USING (true) WITH CHECK (true);
GRANT INSERT ON sf_audit.outbox_event TO sf_app;

-- sf:isolation sf_audit.outbox_event_platform PLATFORM_OPERATIONAL owner=CMP-031
CREATE TABLE sf_audit.outbox_event_platform (
  seq bigint GENERATED ALWAYS AS IDENTITY PRIMARY KEY,
  event_id uuid NOT NULL UNIQUE,
  topic text NOT NULL CHECK (topic ~ '^[a-zA-Z0-9._-]{3,249}$'),
  partition_key text NOT NULL CHECK (length(partition_key) BETWEEN 1 AND 200),
  event_type text NOT NULL,
  schema_version integer NOT NULL CHECK (schema_version >= 1),
  aggregate_type text NOT NULL,
  aggregate_id uuid NOT NULL,
  aggregate_version bigint NOT NULL CHECK (aggregate_version >= 0),
  envelope jsonb NOT NULL CHECK (octet_length(envelope::text) <= 262144),
  status text NOT NULL DEFAULT 'PENDING' CHECK (status IN ('PENDING', 'PUBLISHED', 'DEAD_LETTERED')),
  attempts integer NOT NULL DEFAULT 0 CHECK (attempts >= 0),
  next_attempt_at timestamptz NOT NULL DEFAULT now(),
  lease_owner text,
  lease_expires_at timestamptz,
  last_error_code text CHECK (last_error_code ~ '^[A-Z][A-Z0-9_]{1,63}$'),
  created_at timestamptz NOT NULL DEFAULT now(),
  published_at timestamptz,
  CHECK (envelope ->> 'event_id' = event_id::text),
  CHECK (jsonb_typeof(envelope -> 'tenant_id') = 'null'),
  CHECK (envelope ->> 'aggregate_id' = aggregate_id::text),
  CHECK (envelope ->> 'event_type' = event_type)
);
CREATE INDEX outbox_event_platform_claim_idx ON sf_audit.outbox_event_platform (partition_key, seq) WHERE status <> 'PUBLISHED';
CREATE INDEX outbox_event_platform_due_idx ON sf_audit.outbox_event_platform (next_attempt_at) WHERE status = 'PENDING';
GRANT INSERT ON sf_audit.outbox_event_platform TO sf_app;

GRANT USAGE ON SCHEMA sf_audit TO sf_outbox_publisher;
GRANT SELECT, DELETE ON sf_audit.outbox_event, sf_audit.outbox_event_platform TO sf_outbox_publisher;
GRANT UPDATE (status, attempts, next_attempt_at, lease_owner, lease_expires_at, last_error_code, published_at)
  ON sf_audit.outbox_event, sf_audit.outbox_event_platform TO sf_outbox_publisher;

-- sf:isolation sf_audit.inbox_event TENANT_SCOPED owner=CMP-031
CREATE TABLE sf_audit.inbox_event (
  consumer_group text NOT NULL CHECK (consumer_group ~ '^[a-z0-9][a-z0-9._-]{0,99}$'),
  event_id uuid NOT NULL,
  tenant_id uuid NOT NULL,
  processed_at timestamptz NOT NULL DEFAULT now(),
  PRIMARY KEY (consumer_group, event_id)
);
ALTER TABLE sf_audit.inbox_event ENABLE ROW LEVEL SECURITY;
ALTER TABLE sf_audit.inbox_event FORCE ROW LEVEL SECURITY;
CREATE POLICY inbox_event_tenant ON sf_audit.inbox_event TO sf_app
  USING (tenant_id = sf_platform.current_tenant_id())
  WITH CHECK (tenant_id = sf_platform.current_tenant_id());
GRANT SELECT, INSERT ON sf_audit.inbox_event TO sf_app;

-- sf:isolation sf_audit.inbox_event_platform PLATFORM_OPERATIONAL owner=CMP-031
CREATE TABLE sf_audit.inbox_event_platform (
  consumer_group text NOT NULL CHECK (consumer_group ~ '^[a-z0-9][a-z0-9._-]{0,99}$'),
  event_id uuid NOT NULL,
  processed_at timestamptz NOT NULL DEFAULT now(),
  PRIMARY KEY (consumer_group, event_id)
);
GRANT SELECT, INSERT ON sf_audit.inbox_event_platform TO sf_app;

-- Identity sequences are required for the frozen template GRANT INSERT … TO sf_app.
-- Table grants in the template body above are unchanged (ADR-0006 condition 9).
GRANT USAGE, SELECT ON ALL SEQUENCES IN SCHEMA sf_audit TO sf_app;
REVOKE ALL ON ALL SEQUENCES IN SCHEMA sf_audit FROM PUBLIC;
ALTER TABLE sf_audit.outbox_event OWNER TO sf_migrator;
ALTER TABLE sf_audit.outbox_event_platform OWNER TO sf_migrator;
ALTER TABLE sf_audit.inbox_event OWNER TO sf_migrator;
ALTER TABLE sf_audit.inbox_event_platform OWNER TO sf_migrator;
;
INSERT INTO "public"."sf_schema_migrations" (name, run_on) VALUES ('1759500301000_cmp-031-outbox-inbox', NOW());


### MIGRATION 1759500400000_cmp-038-event-bus (UP) ###

-- Up Migration

DO $$
BEGIN
  IF NOT EXISTS (SELECT 1 FROM pg_roles WHERE rolname = 'sf_migrator') THEN
    CREATE ROLE sf_migrator NOLOGIN NOSUPERUSER NOCREATEDB NOCREATEROLE NOBYPASSRLS;
  END IF;
END
$$;
COMMENT ON ROLE sf_migrator IS
  'ADR-0006: deployment/migration role. Owns component schemas/tables. Never used as an application runtime identity.';

DO $$
BEGIN
  IF NOT EXISTS (SELECT 1 FROM pg_roles WHERE rolname = 'sf_cmp038_rw') THEN
    CREATE ROLE sf_cmp038_rw NOLOGIN NOSUPERUSER NOCREATEDB NOCREATEROLE NOBYPASSRLS;
  END IF;
END
$$;
COMMENT ON ROLE sf_cmp038_rw IS
  'ADR-0006: CMP-038 NOLOGIN privilege role. Holds DML on sf_event_bus registry tables only.';

CREATE SCHEMA sf_event_bus;
COMMENT ON SCHEMA sf_event_bus IS
  'isolation_class=PLATFORM_OPERATIONAL; owner=CMP-038; topic registry, checkpoints, component outbox';

REVOKE ALL ON SCHEMA sf_event_bus FROM PUBLIC;
GRANT USAGE ON SCHEMA sf_event_bus TO sf_app;
GRANT USAGE ON SCHEMA sf_event_bus TO sf_cmp038_rw;

ALTER DEFAULT PRIVILEGES IN SCHEMA sf_event_bus REVOKE ALL ON TABLES FROM PUBLIC;
ALTER DEFAULT PRIVILEGES IN SCHEMA sf_event_bus REVOKE ALL ON SEQUENCES FROM PUBLIC;
ALTER DEFAULT PRIVILEGES IN SCHEMA sf_event_bus REVOKE ALL ON TABLES FROM sf_app;
ALTER DEFAULT PRIVILEGES IN SCHEMA sf_event_bus REVOKE ALL ON SEQUENCES FROM sf_app;
ALTER DEFAULT PRIVILEGES FOR ROLE sf_migrator IN SCHEMA sf_event_bus REVOKE ALL ON TABLES FROM PUBLIC;
ALTER DEFAULT PRIVILEGES FOR ROLE sf_migrator IN SCHEMA sf_event_bus REVOKE ALL ON SEQUENCES FROM PUBLIC;
ALTER DEFAULT PRIVILEGES FOR ROLE sf_migrator IN SCHEMA sf_event_bus REVOKE ALL ON TABLES FROM sf_app;
ALTER DEFAULT PRIVILEGES FOR ROLE sf_migrator IN SCHEMA sf_event_bus REVOKE ALL ON SEQUENCES FROM sf_app;

-- sf:isolation sf_event_bus.topic PLATFORM_OPERATIONAL owner=CMP-038
CREATE TABLE sf_event_bus.topic (
  topic_name text PRIMARY KEY CHECK (topic_name ~ '^[a-zA-Z0-9._-]{3,249}$'),
  owner_component text NOT NULL CHECK (owner_component ~ '^CMP-0[0-9]{2}$'),
  tenancy text NOT NULL CHECK (tenancy IN ('TENANT_SCOPED', 'PLATFORM_OPERATIONAL')),
  partition_key_strategy text NOT NULL CHECK (partition_key_strategy IN ('AGGREGATE_ID', 'DECLARED')),
  partitions integer NOT NULL CHECK (partitions >= 1 AND partitions <= 1000),
  replication_factor integer NOT NULL CHECK (replication_factor >= 1 AND replication_factor <= 12),
  broker_retention interval NOT NULL,
  outbox_retention interval NOT NULL,
  replay_class text NOT NULL CHECK (replay_class ~ '^[A-Z][A-Z0-9_]{0,31}$'),
  compatibility text NOT NULL CHECK (compatibility IN ('BACKWARD', 'FORWARD', 'FULL')),
  dlq_topic text NOT NULL CHECK (dlq_topic ~ '^[a-zA-Z0-9._-]{3,249}$'),
  status text NOT NULL CHECK (status IN ('ACTIVE', 'DEPRECATED')),
  created_at timestamptz NOT NULL DEFAULT now()
);

-- sf:isolation sf_event_bus.event_schema PLATFORM_OPERATIONAL owner=CMP-038
CREATE TABLE sf_event_bus.event_schema (
  topic_name text NOT NULL REFERENCES sf_event_bus.topic (topic_name),
  event_type text NOT NULL CHECK (event_type ~ '^[A-Z][A-Za-z0-9]{2,79}$'),
  schema_version integer NOT NULL CHECK (schema_version >= 1),
  data_schema jsonb NOT NULL,
  registered_at timestamptz NOT NULL DEFAULT now(),
  PRIMARY KEY (topic_name, event_type, schema_version)
);

-- sf:isolation sf_event_bus.consumer_checkpoint PLATFORM_OPERATIONAL owner=CMP-038
CREATE TABLE sf_event_bus.consumer_checkpoint (
  consumer_group text NOT NULL CHECK (consumer_group ~ '^[a-z0-9][a-z0-9._-]{0,99}$'),
  topic_name text NOT NULL,
  partition integer NOT NULL CHECK (partition >= 0),
  committed_offset bigint NOT NULL,
  log_end_offset bigint NOT NULL,
  lag bigint NOT NULL,
  observed_at timestamptz NOT NULL DEFAULT now(),
  PRIMARY KEY (consumer_group, topic_name, partition)
);

CREATE FUNCTION sf_event_bus.refuse_event_schema_mutation() RETURNS trigger
  LANGUAGE plpgsql
  AS $$
BEGIN
  RAISE EXCEPTION 'event_schema is insert-only'
    USING ERRCODE = '42501';
END;
$$;

CREATE TRIGGER event_schema_immutable
  BEFORE UPDATE OR DELETE ON sf_event_bus.event_schema
  FOR EACH ROW EXECUTE FUNCTION sf_event_bus.refuse_event_schema_mutation();

GRANT SELECT, INSERT ON sf_event_bus.topic TO sf_cmp038_rw;
GRANT UPDATE (partitions, replication_factor, broker_retention, outbox_retention, replay_class, status)
  ON sf_event_bus.topic TO sf_cmp038_rw;
GRANT SELECT, INSERT ON sf_event_bus.event_schema TO sf_cmp038_rw;
GRANT SELECT, INSERT, UPDATE ON sf_event_bus.consumer_checkpoint TO sf_cmp038_rw;

REVOKE ALL ON TABLE sf_event_bus.topic, sf_event_bus.event_schema, sf_event_bus.consumer_checkpoint FROM PUBLIC;
REVOKE ALL ON TABLE sf_event_bus.topic, sf_event_bus.event_schema, sf_event_bus.consumer_checkpoint FROM sf_app;

-- BEGIN SF-CON-OUTBOX (copied unchanged from contracts/shared/sql/outbox.template.sql)
-- SF-CON-OUTBOX v1: normative outbox and inbox layout for every component schema.
-- Copy into the component's own migration, replacing sf_event_bus with the component schema and
-- CMP-038 with its CMP id. Do not add columns or change grants without a Contract Change Request.
-- Requires db/migrations/1759490000000_shared-db-contracts.sql (sf_platform.current_tenant_id(),
-- role sf_outbox_publisher).
--
-- Rules (summary; the schema contracts/shared/schemas/outbox-record.schema.json is authoritative
-- for row content):
--  1. Producers INSERT exactly one row per event in the same transaction as the state change,
--     after validating the envelope against SF-CON-EVENT-ENVELOPE. Producers never SELECT,
--     UPDATE or DELETE outbox rows.
--  2. Envelopes with a tenant_id go to outbox_event; envelopes with tenant_id null go to
--     outbox_event_platform.
--  3. The publisher (packages/outbox, CMP-038) runs as a login role that is a member of
--     sf_outbox_publisher only. It claims PENDING rows by setting lease_owner/lease_expires_at
--     in one short transaction, publishes with no transaction open, then sets PUBLISHED (or
--     schedules a retry) in another. An expired lease makes a row claimable again, so delivery
--     is at-least-once.
--  4. For one partition_key, a row is claimable only when no row with a lower seq is PENDING or
--     DEAD_LETTERED. A DEAD_LETTERED row therefore holds its key until an operator replays or
--     discards it through an audited action.
--  5. Consumers record (consumer_group, event_id) in inbox_event or inbox_event_platform in the
--     same transaction as their own state change; a conflict means the event was already applied.
--  6. The publisher deletes PUBLISHED rows only after the topic's retention window in the CMP-038
--     topic registry.

-- sf:isolation sf_event_bus.outbox_event TENANT_SCOPED owner=CMP-038
CREATE TABLE sf_event_bus.outbox_event (
  seq bigint GENERATED ALWAYS AS IDENTITY PRIMARY KEY,
  event_id uuid NOT NULL UNIQUE,
  tenant_id uuid NOT NULL,
  topic text NOT NULL CHECK (topic ~ '^[a-zA-Z0-9._-]{3,249}$'),
  partition_key text NOT NULL CHECK (length(partition_key) BETWEEN 1 AND 200),
  event_type text NOT NULL,
  schema_version integer NOT NULL CHECK (schema_version >= 1),
  aggregate_type text NOT NULL,
  aggregate_id uuid NOT NULL,
  aggregate_version bigint NOT NULL CHECK (aggregate_version >= 0),
  envelope jsonb NOT NULL CHECK (octet_length(envelope::text) <= 262144),
  status text NOT NULL DEFAULT 'PENDING' CHECK (status IN ('PENDING', 'PUBLISHED', 'DEAD_LETTERED')),
  attempts integer NOT NULL DEFAULT 0 CHECK (attempts >= 0),
  next_attempt_at timestamptz NOT NULL DEFAULT now(),
  lease_owner text,
  lease_expires_at timestamptz,
  last_error_code text CHECK (last_error_code ~ '^[A-Z][A-Z0-9_]{1,63}$'),
  created_at timestamptz NOT NULL DEFAULT now(),
  published_at timestamptz,
  CHECK (envelope ->> 'event_id' = event_id::text),
  CHECK (envelope ->> 'tenant_id' = tenant_id::text),
  CHECK (envelope ->> 'aggregate_id' = aggregate_id::text),
  CHECK (envelope ->> 'event_type' = event_type)
);
CREATE INDEX outbox_event_claim_idx ON sf_event_bus.outbox_event (partition_key, seq) WHERE status <> 'PUBLISHED';
CREATE INDEX outbox_event_due_idx ON sf_event_bus.outbox_event (next_attempt_at) WHERE status = 'PENDING';
ALTER TABLE sf_event_bus.outbox_event ENABLE ROW LEVEL SECURITY;
ALTER TABLE sf_event_bus.outbox_event FORCE ROW LEVEL SECURITY;
CREATE POLICY outbox_event_tenant_insert ON sf_event_bus.outbox_event FOR INSERT TO sf_app
  WITH CHECK (tenant_id = sf_platform.current_tenant_id());
CREATE POLICY outbox_event_publisher ON sf_event_bus.outbox_event TO sf_outbox_publisher
  USING (true) WITH CHECK (true);
GRANT INSERT ON sf_event_bus.outbox_event TO sf_app;

-- sf:isolation sf_event_bus.outbox_event_platform PLATFORM_OPERATIONAL owner=CMP-038
CREATE TABLE sf_event_bus.outbox_event_platform (
  seq bigint GENERATED ALWAYS AS IDENTITY PRIMARY KEY,
  event_id uuid NOT NULL UNIQUE,
  topic text NOT NULL CHECK (topic ~ '^[a-zA-Z0-9._-]{3,249}$'),
  partition_key text NOT NULL CHECK (length(partition_key) BETWEEN 1 AND 200),
  event_type text NOT NULL,
  schema_version integer NOT NULL CHECK (schema_version >= 1),
  aggregate_type text NOT NULL,
  aggregate_id uuid NOT NULL,
  aggregate_version bigint NOT NULL CHECK (aggregate_version >= 0),
  envelope jsonb NOT NULL CHECK (octet_length(envelope::text) <= 262144),
  status text NOT NULL DEFAULT 'PENDING' CHECK (status IN ('PENDING', 'PUBLISHED', 'DEAD_LETTERED')),
  attempts integer NOT NULL DEFAULT 0 CHECK (attempts >= 0),
  next_attempt_at timestamptz NOT NULL DEFAULT now(),
  lease_owner text,
  lease_expires_at timestamptz,
  last_error_code text CHECK (last_error_code ~ '^[A-Z][A-Z0-9_]{1,63}$'),
  created_at timestamptz NOT NULL DEFAULT now(),
  published_at timestamptz,
  CHECK (envelope ->> 'event_id' = event_id::text),
  CHECK (jsonb_typeof(envelope -> 'tenant_id') = 'null'),
  CHECK (envelope ->> 'aggregate_id' = aggregate_id::text),
  CHECK (envelope ->> 'event_type' = event_type)
);
CREATE INDEX outbox_event_platform_claim_idx ON sf_event_bus.outbox_event_platform (partition_key, seq) WHERE status <> 'PUBLISHED';
CREATE INDEX outbox_event_platform_due_idx ON sf_event_bus.outbox_event_platform (next_attempt_at) WHERE status = 'PENDING';
GRANT INSERT ON sf_event_bus.outbox_event_platform TO sf_app;

GRANT USAGE ON SCHEMA sf_event_bus TO sf_outbox_publisher;
GRANT SELECT, DELETE ON sf_event_bus.outbox_event, sf_event_bus.outbox_event_platform TO sf_outbox_publisher;
GRANT UPDATE (status, attempts, next_attempt_at, lease_owner, lease_expires_at, last_error_code, published_at)
  ON sf_event_bus.outbox_event, sf_event_bus.outbox_event_platform TO sf_outbox_publisher;

-- sf:isolation sf_event_bus.inbox_event TENANT_SCOPED owner=CMP-038
CREATE TABLE sf_event_bus.inbox_event (
  consumer_group text NOT NULL CHECK (consumer_group ~ '^[a-z0-9][a-z0-9._-]{0,99}$'),
  event_id uuid NOT NULL,
  tenant_id uuid NOT NULL,
  processed_at timestamptz NOT NULL DEFAULT now(),
  PRIMARY KEY (consumer_group, event_id)
);
ALTER TABLE sf_event_bus.inbox_event ENABLE ROW LEVEL SECURITY;
ALTER TABLE sf_event_bus.inbox_event FORCE ROW LEVEL SECURITY;
CREATE POLICY inbox_event_tenant ON sf_event_bus.inbox_event TO sf_app
  USING (tenant_id = sf_platform.current_tenant_id())
  WITH CHECK (tenant_id = sf_platform.current_tenant_id());
GRANT SELECT, INSERT ON sf_event_bus.inbox_event TO sf_app;

-- sf:isolation sf_event_bus.inbox_event_platform PLATFORM_OPERATIONAL owner=CMP-038
CREATE TABLE sf_event_bus.inbox_event_platform (
  consumer_group text NOT NULL CHECK (consumer_group ~ '^[a-z0-9][a-z0-9._-]{0,99}$'),
  event_id uuid NOT NULL,
  processed_at timestamptz NOT NULL DEFAULT now(),
  PRIMARY KEY (consumer_group, event_id)
);
GRANT SELECT, INSERT ON sf_event_bus.inbox_event_platform TO sf_app;
-- END SF-CON-OUTBOX

-- Sequence USAGE is required for IDENTITY nextval() on INSERT. This is not a
-- table-grant change to the frozen template (ADR-0006 #9).
GRANT USAGE, SELECT ON ALL SEQUENCES IN SCHEMA sf_event_bus TO sf_app;

DO $$
DECLARE
  obj record;
BEGIN
  FOR obj IN
    SELECT c.relname, c.relkind
    FROM pg_class c
    JOIN pg_namespace n ON n.oid = c.relnamespace
    WHERE n.nspname = 'sf_event_bus' AND c.relkind IN ('r', 'p')
  LOOP
    EXECUTE format('ALTER TABLE sf_event_bus.%I OWNER TO sf_migrator', obj.relname);
  END LOOP;
  ALTER FUNCTION sf_event_bus.refuse_event_schema_mutation() OWNER TO sf_migrator;
  ALTER SCHEMA sf_event_bus OWNER TO sf_migrator;
END
$$;

REVOKE ALL ON ALL TABLES IN SCHEMA sf_event_bus FROM PUBLIC;
REVOKE ALL ON ALL SEQUENCES IN SCHEMA sf_event_bus FROM PUBLIC;
;
INSERT INTO "public"."sf_schema_migrations" (name, run_on) VALUES ('1759500400000_cmp-038-event-bus', NOW());


### MIGRATION 1759500500000_cmp-037-integration-hub-schema (UP) ###

-- Up Migration

CREATE SCHEMA IF NOT EXISTS sf_integration_hub;
COMMENT ON SCHEMA sf_integration_hub IS
  'isolation_class=mixed; owner=CMP-037; connector registry, bindings and invocation lifecycle';

-- Shared Wave 1 schema/table owner. Create once idempotently; other CMP migrations
-- use the same guarded DO block. Never DROP this role on down.
DO $$ BEGIN
  IF NOT EXISTS (SELECT 1 FROM pg_roles WHERE rolname = 'sf_migrator') THEN
    CREATE ROLE sf_migrator NOLOGIN NOSUPERUSER NOCREATEDB NOCREATEROLE NOBYPASSRLS;
  END IF;
END $$;

-- CMP-037 DML privilege role (ADR-0006 Option A). Role creation is guarded via pg_roles.
DO $$ BEGIN
  IF NOT EXISTS (SELECT 1 FROM pg_roles WHERE rolname = 'sf_cmp037_rw') THEN
    CREATE ROLE sf_cmp037_rw NOLOGIN NOSUPERUSER NOCREATEDB NOCREATEROLE NOBYPASSRLS;
  END IF;
END $$;
COMMENT ON ROLE sf_cmp037_rw IS
  'ADR-0006: CMP-037 DML privilege role. NOLOGIN. Runtime logins inherit sf_app + this role only.';

REVOKE ALL ON SCHEMA sf_integration_hub FROM PUBLIC;
ALTER DEFAULT PRIVILEGES IN SCHEMA sf_integration_hub REVOKE ALL ON TABLES FROM PUBLIC;
ALTER DEFAULT PRIVILEGES IN SCHEMA sf_integration_hub REVOKE ALL ON SEQUENCES FROM PUBLIC;
ALTER DEFAULT PRIVILEGES IN SCHEMA sf_integration_hub REVOKE ALL ON FUNCTIONS FROM PUBLIC;

GRANT USAGE ON SCHEMA sf_integration_hub TO sf_cmp037_rw;
GRANT USAGE ON SCHEMA sf_integration_hub TO sf_app;

-- sf:isolation sf_integration_hub.connector_definition GLOBAL owner=CMP-037
CREATE TABLE sf_integration_hub.connector_definition (
  connector_definition_id uuid PRIMARY KEY,
  connector_type text NOT NULL CHECK (connector_type IN (
    'PAYMENT', 'OTP', 'SMS', 'EMAIL', 'DIGILOCKER', 'ESIGN', 'DEPARTMENT_API'
  )),
  adapter_key text NOT NULL UNIQUE,
  display_name text NOT NULL,
  supported_modes text[] NOT NULL CHECK (
    supported_modes <@ ARRAY['REAL', 'SANDBOX', 'SIMULATED']::text[]
    AND cardinality(supported_modes) >= 1
  ),
  retry_policy jsonb,
  timeout_ms integer NOT NULL CHECK (timeout_ms > 0 AND timeout_ms <= 120000),
  webhook_signature_scheme text,
  egress_allowlist text[] NOT NULL DEFAULT ARRAY[]::text[],
  status text NOT NULL CHECK (status IN ('ACTIVE', 'DISABLED')),
  version integer NOT NULL DEFAULT 1 CHECK (version >= 1),
  created_at timestamptz NOT NULL DEFAULT now(),
  updated_at timestamptz NOT NULL DEFAULT now()
);

-- sf:isolation sf_integration_hub.connector_binding TENANT_SCOPED owner=CMP-037
CREATE TABLE sf_integration_hub.connector_binding (
  connector_binding_id uuid PRIMARY KEY,
  tenant_id uuid NOT NULL,
  service_id uuid,
  connector_definition_id uuid NOT NULL REFERENCES sf_integration_hub.connector_definition (connector_definition_id),
  connector_type text NOT NULL CHECK (connector_type IN (
    'PAYMENT', 'OTP', 'SMS', 'EMAIL', 'DIGILOCKER', 'ESIGN', 'DEPARTMENT_API'
  )),
  mode text NOT NULL CHECK (mode IN ('REAL', 'SANDBOX', 'SIMULATED')),
  environment text NOT NULL CHECK (environment IN (
    'LOCAL', 'CI', 'DEVELOPMENT', 'SIT', 'PERFORMANCE', 'UAT', 'PREPROD', 'PRODUCTION'
  )),
  critical boolean NOT NULL,
  secret_ref text CHECK (
    secret_ref IS NULL OR secret_ref ~ '^(aws-sm|aws-ssm|vault)://[A-Za-z0-9/_.+=@-]+$'
  ),
  simulator_version text CHECK (simulator_version IS NULL OR char_length(simulator_version) BETWEEN 1 AND 40),
  enabled boolean NOT NULL DEFAULT true,
  version integer NOT NULL DEFAULT 1 CHECK (version >= 1),
  created_at timestamptz NOT NULL DEFAULT now(),
  updated_at timestamptz NOT NULL DEFAULT now(),
  CHECK (environment <> 'PRODUCTION' OR mode = 'REAL'),
  CHECK (environment NOT IN ('LOCAL', 'CI') OR mode = 'SIMULATED'),
  CHECK (
    mode <> 'SIMULATED'
    OR (
      simulator_version IS NOT NULL
      AND environment IN ('LOCAL', 'CI', 'DEVELOPMENT', 'SIT', 'PERFORMANCE')
    )
  ),
  CHECK (mode NOT IN ('REAL', 'SANDBOX') OR secret_ref IS NOT NULL),
  CHECK (
    environment <> 'PRODUCTION'
    OR mode <> 'REAL'
    OR secret_ref IS NULL
    OR secret_ref NOT LIKE 'vault://sim/%'
  )
);
CREATE UNIQUE INDEX connector_binding_tenant_id_idx
  ON sf_integration_hub.connector_binding (tenant_id, connector_binding_id);
CREATE UNIQUE INDEX connector_binding_enabled_uniq
  ON sf_integration_hub.connector_binding (
    tenant_id,
    COALESCE(service_id, '00000000-0000-0000-0000-000000000000'::uuid),
    connector_type,
    environment
  )
  WHERE enabled;
ALTER TABLE sf_integration_hub.connector_binding ENABLE ROW LEVEL SECURITY;
ALTER TABLE sf_integration_hub.connector_binding FORCE ROW LEVEL SECURITY;
CREATE POLICY connector_binding_tenant ON sf_integration_hub.connector_binding TO sf_app
  USING (tenant_id = sf_platform.current_tenant_id())
  WITH CHECK (tenant_id = sf_platform.current_tenant_id());

-- sf:isolation sf_integration_hub.connector_transaction TENANT_SCOPED owner=CMP-037
CREATE TABLE sf_integration_hub.connector_transaction (
  connector_transaction_id uuid PRIMARY KEY,
  tenant_id uuid NOT NULL,
  connector_binding_id uuid NOT NULL,
  direction text NOT NULL CHECK (direction IN ('INVOKE', 'WEBHOOK')),
  operation text NOT NULL,
  idempotency_key text,
  request_fingerprint text NOT NULL,
  provider_reference text,
  status text NOT NULL CHECK (status IN (
    'PENDING', 'IN_PROGRESS', 'SUCCEEDED', 'FAILED', 'CIRCUIT_OPEN'
  )),
  attempts integer NOT NULL DEFAULT 0 CHECK (attempts >= 0),
  error_code text CHECK (error_code IS NULL OR error_code ~ '^[A-Z][A-Z0-9_]{1,63}$'),
  response_ref text,
  mode text NOT NULL CHECK (mode IN ('REAL', 'SANDBOX', 'SIMULATED')),
  environment text NOT NULL,
  simulation jsonb,
  correlation_id uuid NOT NULL,
  aggregate_version bigint NOT NULL DEFAULT 1 CHECK (aggregate_version >= 0),
  started_at timestamptz NOT NULL DEFAULT now(),
  completed_at timestamptz,
  FOREIGN KEY (tenant_id, connector_binding_id)
    REFERENCES sf_integration_hub.connector_binding (tenant_id, connector_binding_id),
  CHECK (mode <> 'SIMULATED' OR simulation IS NOT NULL)
);
CREATE UNIQUE INDEX connector_transaction_idempotency_uniq
  ON sf_integration_hub.connector_transaction (
    tenant_id, connector_binding_id, direction, idempotency_key
  )
  WHERE idempotency_key IS NOT NULL;
CREATE UNIQUE INDEX connector_transaction_webhook_ref_uniq
  ON sf_integration_hub.connector_transaction (
    tenant_id, connector_binding_id, provider_reference
  )
  WHERE direction = 'WEBHOOK' AND provider_reference IS NOT NULL;
ALTER TABLE sf_integration_hub.connector_transaction ENABLE ROW LEVEL SECURITY;
ALTER TABLE sf_integration_hub.connector_transaction FORCE ROW LEVEL SECURITY;
CREATE POLICY connector_transaction_tenant ON sf_integration_hub.connector_transaction TO sf_app
  USING (tenant_id = sf_platform.current_tenant_id())
  WITH CHECK (tenant_id = sf_platform.current_tenant_id());

-- sf:isolation sf_integration_hub.connector_binding_index PLATFORM_OPERATIONAL owner=CMP-037
CREATE TABLE sf_integration_hub.connector_binding_index (
  binding_id uuid PRIMARY KEY,
  tenant_id uuid NOT NULL,
  environment text NOT NULL,
  mode text NOT NULL,
  critical boolean NOT NULL,
  enabled boolean NOT NULL,
  connector_type text NOT NULL,
  secret_ref text,
  simulator_version text,
  service_id uuid,
  FOREIGN KEY (tenant_id, binding_id)
    REFERENCES sf_integration_hub.connector_binding (tenant_id, connector_binding_id)
);
ALTER TABLE sf_integration_hub.connector_binding_index ENABLE ROW LEVEL SECURITY;
ALTER TABLE sf_integration_hub.connector_binding_index FORCE ROW LEVEL SECURITY;
CREATE POLICY connector_binding_index_select ON sf_integration_hub.connector_binding_index
  FOR SELECT TO sf_app USING (true);
CREATE POLICY connector_binding_index_insert ON sf_integration_hub.connector_binding_index
  FOR INSERT TO sf_app WITH CHECK (tenant_id = sf_platform.current_tenant_id());
CREATE POLICY connector_binding_index_update ON sf_integration_hub.connector_binding_index
  FOR UPDATE TO sf_app
  USING (tenant_id = sf_platform.current_tenant_id())
  WITH CHECK (tenant_id = sf_platform.current_tenant_id());

GRANT SELECT, INSERT, UPDATE ON sf_integration_hub.connector_definition TO sf_cmp037_rw;
GRANT SELECT, INSERT, UPDATE ON sf_integration_hub.connector_binding TO sf_cmp037_rw;
GRANT SELECT, INSERT, UPDATE ON sf_integration_hub.connector_transaction TO sf_cmp037_rw;
GRANT SELECT, INSERT, UPDATE ON sf_integration_hub.connector_binding_index TO sf_cmp037_rw;
GRANT USAGE, SELECT ON ALL SEQUENCES IN SCHEMA sf_integration_hub TO sf_cmp037_rw;

REVOKE ALL ON sf_integration_hub.connector_definition FROM PUBLIC;
REVOKE ALL ON sf_integration_hub.connector_binding FROM PUBLIC;
REVOKE ALL ON sf_integration_hub.connector_transaction FROM PUBLIC;
REVOKE ALL ON sf_integration_hub.connector_binding_index FROM PUBLIC;

ALTER TABLE sf_integration_hub.connector_definition OWNER TO sf_migrator;
ALTER TABLE sf_integration_hub.connector_binding OWNER TO sf_migrator;
ALTER TABLE sf_integration_hub.connector_transaction OWNER TO sf_migrator;
ALTER TABLE sf_integration_hub.connector_binding_index OWNER TO sf_migrator;
ALTER SCHEMA sf_integration_hub OWNER TO sf_migrator;
;
INSERT INTO "public"."sf_schema_migrations" (name, run_on) VALUES ('1759500500000_cmp-037-integration-hub-schema', NOW());


### MIGRATION 1759500510000_cmp-037-integration-hub-outbox (UP) ###

-- Up Migration
-- SF-CON-OUTBOX v1: normative outbox and inbox layout for every component schema.
-- Copy into the component's own migration, replacing sf_integration_hub with the component schema and
-- CMP-037 with its CMP id. Do not add columns or change grants without a Contract Change Request.
-- Requires db/migrations/1759490000000_shared-db-contracts.sql (sf_platform.current_tenant_id(),
-- role sf_outbox_publisher).
--
-- Rules (summary; the schema contracts/shared/schemas/outbox-record.schema.json is authoritative
-- for row content):
--  1. Producers INSERT exactly one row per event in the same transaction as the state change,
--     after validating the envelope against SF-CON-EVENT-ENVELOPE. Producers never SELECT,
--     UPDATE or DELETE outbox rows.
--  2. Envelopes with a tenant_id go to outbox_event; envelopes with tenant_id null go to
--     outbox_event_platform.
--  3. The publisher (packages/outbox, CMP-038) runs as a login role that is a member of
--     sf_outbox_publisher only. It claims PENDING rows by setting lease_owner/lease_expires_at
--     in one short transaction, publishes with no transaction open, then sets PUBLISHED (or
--     schedules a retry) in another. An expired lease makes a row claimable again, so delivery
--     is at-least-once.
--  4. For one partition_key, a row is claimable only when no row with a lower seq is PENDING or
--     DEAD_LETTERED. A DEAD_LETTERED row therefore holds its key until an operator replays or
--     discards it through an audited action.
--  5. Consumers record (consumer_group, event_id) in inbox_event or inbox_event_platform in the
--     same transaction as their own state change; a conflict means the event was already applied.
--  6. The publisher deletes PUBLISHED rows only after the topic's retention window in the CMP-038
--     topic registry.

-- sf:isolation sf_integration_hub.outbox_event TENANT_SCOPED owner=CMP-037
CREATE TABLE sf_integration_hub.outbox_event (
  seq bigint GENERATED ALWAYS AS IDENTITY PRIMARY KEY,
  event_id uuid NOT NULL UNIQUE,
  tenant_id uuid NOT NULL,
  topic text NOT NULL CHECK (topic ~ '^[a-zA-Z0-9._-]{3,249}$'),
  partition_key text NOT NULL CHECK (length(partition_key) BETWEEN 1 AND 200),
  event_type text NOT NULL,
  schema_version integer NOT NULL CHECK (schema_version >= 1),
  aggregate_type text NOT NULL,
  aggregate_id uuid NOT NULL,
  aggregate_version bigint NOT NULL CHECK (aggregate_version >= 0),
  envelope jsonb NOT NULL CHECK (octet_length(envelope::text) <= 262144),
  status text NOT NULL DEFAULT 'PENDING' CHECK (status IN ('PENDING', 'PUBLISHED', 'DEAD_LETTERED')),
  attempts integer NOT NULL DEFAULT 0 CHECK (attempts >= 0),
  next_attempt_at timestamptz NOT NULL DEFAULT now(),
  lease_owner text,
  lease_expires_at timestamptz,
  last_error_code text CHECK (last_error_code ~ '^[A-Z][A-Z0-9_]{1,63}$'),
  created_at timestamptz NOT NULL DEFAULT now(),
  published_at timestamptz,
  CHECK (envelope ->> 'event_id' = event_id::text),
  CHECK (envelope ->> 'tenant_id' = tenant_id::text),
  CHECK (envelope ->> 'aggregate_id' = aggregate_id::text),
  CHECK (envelope ->> 'event_type' = event_type)
);
CREATE INDEX outbox_event_claim_idx ON sf_integration_hub.outbox_event (partition_key, seq) WHERE status <> 'PUBLISHED';
CREATE INDEX outbox_event_due_idx ON sf_integration_hub.outbox_event (next_attempt_at) WHERE status = 'PENDING';
ALTER TABLE sf_integration_hub.outbox_event ENABLE ROW LEVEL SECURITY;
ALTER TABLE sf_integration_hub.outbox_event FORCE ROW LEVEL SECURITY;
CREATE POLICY outbox_event_tenant_insert ON sf_integration_hub.outbox_event FOR INSERT TO sf_app
  WITH CHECK (tenant_id = sf_platform.current_tenant_id());
CREATE POLICY outbox_event_publisher ON sf_integration_hub.outbox_event TO sf_outbox_publisher
  USING (true) WITH CHECK (true);
GRANT INSERT ON sf_integration_hub.outbox_event TO sf_app;

-- sf:isolation sf_integration_hub.outbox_event_platform PLATFORM_OPERATIONAL owner=CMP-037
CREATE TABLE sf_integration_hub.outbox_event_platform (
  seq bigint GENERATED ALWAYS AS IDENTITY PRIMARY KEY,
  event_id uuid NOT NULL UNIQUE,
  topic text NOT NULL CHECK (topic ~ '^[a-zA-Z0-9._-]{3,249}$'),
  partition_key text NOT NULL CHECK (length(partition_key) BETWEEN 1 AND 200),
  event_type text NOT NULL,
  schema_version integer NOT NULL CHECK (schema_version >= 1),
  aggregate_type text NOT NULL,
  aggregate_id uuid NOT NULL,
  aggregate_version bigint NOT NULL CHECK (aggregate_version >= 0),
  envelope jsonb NOT NULL CHECK (octet_length(envelope::text) <= 262144),
  status text NOT NULL DEFAULT 'PENDING' CHECK (status IN ('PENDING', 'PUBLISHED', 'DEAD_LETTERED')),
  attempts integer NOT NULL DEFAULT 0 CHECK (attempts >= 0),
  next_attempt_at timestamptz NOT NULL DEFAULT now(),
  lease_owner text,
  lease_expires_at timestamptz,
  last_error_code text CHECK (last_error_code ~ '^[A-Z][A-Z0-9_]{1,63}$'),
  created_at timestamptz NOT NULL DEFAULT now(),
  published_at timestamptz,
  CHECK (envelope ->> 'event_id' = event_id::text),
  CHECK (jsonb_typeof(envelope -> 'tenant_id') = 'null'),
  CHECK (envelope ->> 'aggregate_id' = aggregate_id::text),
  CHECK (envelope ->> 'event_type' = event_type)
);
CREATE INDEX outbox_event_platform_claim_idx ON sf_integration_hub.outbox_event_platform (partition_key, seq) WHERE status <> 'PUBLISHED';
CREATE INDEX outbox_event_platform_due_idx ON sf_integration_hub.outbox_event_platform (next_attempt_at) WHERE status = 'PENDING';
GRANT INSERT ON sf_integration_hub.outbox_event_platform TO sf_app;

GRANT USAGE ON SCHEMA sf_integration_hub TO sf_outbox_publisher;
GRANT SELECT, DELETE ON sf_integration_hub.outbox_event, sf_integration_hub.outbox_event_platform TO sf_outbox_publisher;
GRANT UPDATE (status, attempts, next_attempt_at, lease_owner, lease_expires_at, last_error_code, published_at)
  ON sf_integration_hub.outbox_event, sf_integration_hub.outbox_event_platform TO sf_outbox_publisher;

-- sf:isolation sf_integration_hub.inbox_event TENANT_SCOPED owner=CMP-037
CREATE TABLE sf_integration_hub.inbox_event (
  consumer_group text NOT NULL CHECK (consumer_group ~ '^[a-z0-9][a-z0-9._-]{0,99}$'),
  event_id uuid NOT NULL,
  tenant_id uuid NOT NULL,
  processed_at timestamptz NOT NULL DEFAULT now(),
  PRIMARY KEY (consumer_group, event_id)
);
ALTER TABLE sf_integration_hub.inbox_event ENABLE ROW LEVEL SECURITY;
ALTER TABLE sf_integration_hub.inbox_event FORCE ROW LEVEL SECURITY;
CREATE POLICY inbox_event_tenant ON sf_integration_hub.inbox_event TO sf_app
  USING (tenant_id = sf_platform.current_tenant_id())
  WITH CHECK (tenant_id = sf_platform.current_tenant_id());
GRANT SELECT, INSERT ON sf_integration_hub.inbox_event TO sf_app;

-- sf:isolation sf_integration_hub.inbox_event_platform PLATFORM_OPERATIONAL owner=CMP-037
CREATE TABLE sf_integration_hub.inbox_event_platform (
  consumer_group text NOT NULL CHECK (consumer_group ~ '^[a-z0-9][a-z0-9._-]{0,99}$'),
  event_id uuid NOT NULL,
  processed_at timestamptz NOT NULL DEFAULT now(),
  PRIMARY KEY (consumer_group, event_id)
);
GRANT SELECT, INSERT ON sf_integration_hub.inbox_event_platform TO sf_app;

ALTER TABLE sf_integration_hub.outbox_event OWNER TO sf_migrator;
ALTER TABLE sf_integration_hub.outbox_event_platform OWNER TO sf_migrator;
ALTER TABLE sf_integration_hub.inbox_event OWNER TO sf_migrator;
ALTER TABLE sf_integration_hub.inbox_event_platform OWNER TO sf_migrator;
;
INSERT INTO "public"."sf_schema_migrations" (name, run_on) VALUES ('1759500510000_cmp-037-integration-hub-outbox', NOW());


### MIGRATION 1759500520000_cmp-037-integration-hub-webhook-route (UP) ###

-- Up Migration

-- sf:isolation sf_integration_hub.webhook_route PLATFORM_OPERATIONAL owner=CMP-037
CREATE TABLE sf_integration_hub.webhook_route (
  binding_id uuid PRIMARY KEY,
  tenant_id uuid NOT NULL,
  FOREIGN KEY (tenant_id, binding_id)
    REFERENCES sf_integration_hub.connector_binding (tenant_id, connector_binding_id)
);
ALTER TABLE sf_integration_hub.webhook_route ENABLE ROW LEVEL SECURITY;
ALTER TABLE sf_integration_hub.webhook_route FORCE ROW LEVEL SECURITY;
CREATE POLICY webhook_route_select ON sf_integration_hub.webhook_route
  FOR SELECT TO sf_app USING (true);
CREATE POLICY webhook_route_insert ON sf_integration_hub.webhook_route
  FOR INSERT TO sf_app WITH CHECK (tenant_id = sf_platform.current_tenant_id());

GRANT SELECT, INSERT ON sf_integration_hub.webhook_route TO sf_cmp037_rw;
REVOKE ALL ON sf_integration_hub.webhook_route FROM PUBLIC;
ALTER TABLE sf_integration_hub.webhook_route OWNER TO sf_migrator;
;
INSERT INTO "public"."sf_schema_migrations" (name, run_on) VALUES ('1759500520000_cmp-037-integration-hub-webhook-route', NOW());


### MIGRATION 1759500600000_cmp-003-jurisdiction (UP) ###

-- Up Migration

DO $$
BEGIN
  IF NOT EXISTS (SELECT 1 FROM pg_roles WHERE rolname = 'sf_migrator') THEN
    CREATE ROLE sf_migrator NOLOGIN NOSUPERUSER NOCREATEDB NOCREATEROLE NOINHERIT NOBYPASSRLS;
  END IF;
END
$$;
COMMENT ON ROLE sf_migrator IS 'Deployment/migration role. Owns authoritative schemas/tables. Never a runtime login.';

DO $$
BEGIN
  IF NOT EXISTS (SELECT 1 FROM pg_roles WHERE rolname = 'sf_cmp003_rw') THEN
    CREATE ROLE sf_cmp003_rw NOLOGIN NOSUPERUSER NOCREATEDB NOCREATEROLE NOINHERIT NOBYPASSRLS;
  END IF;
END
$$;
COMMENT ON ROLE sf_cmp003_rw IS 'CMP-003 privilege role (ADR-0006). NOLOGIN. Holds DML on sf_jurisdiction business tables.';

CREATE SCHEMA sf_jurisdiction AUTHORIZATION sf_migrator;
COMMENT ON SCHEMA sf_jurisdiction IS 'isolation_class=TENANT_SCOPED; owner=CMP-003; Versioned geographic/administrative jurisdiction';

REVOKE ALL ON SCHEMA sf_jurisdiction FROM PUBLIC;
GRANT USAGE ON SCHEMA sf_jurisdiction TO sf_cmp003_rw;

ALTER DEFAULT PRIVILEGES FOR ROLE sf_migrator IN SCHEMA sf_jurisdiction REVOKE ALL ON TABLES FROM PUBLIC;
ALTER DEFAULT PRIVILEGES FOR ROLE sf_migrator IN SCHEMA sf_jurisdiction REVOKE ALL ON SEQUENCES FROM PUBLIC;
ALTER DEFAULT PRIVILEGES FOR ROLE sf_migrator IN SCHEMA sf_jurisdiction REVOKE ALL ON FUNCTIONS FROM PUBLIC;

-- sf:isolation sf_jurisdiction.jurisdiction_type TENANT_SCOPED owner=CMP-003
CREATE TABLE sf_jurisdiction.jurisdiction_type (
  tenant_id uuid NOT NULL,
  jurisdiction_type_id uuid NOT NULL,
  type_code text NOT NULL CHECK (type_code ~ '^[A-Z][A-Z0-9_]{1,63}$'),
  display_label text NOT NULL CHECK (char_length(display_label) BETWEEN 1 AND 200),
  status text NOT NULL CHECK (status IN ('ACTIVE', 'RETIRED')),
  created_at timestamptz NOT NULL DEFAULT now(),
  created_by uuid NOT NULL,
  PRIMARY KEY (tenant_id, jurisdiction_type_id),
  UNIQUE (tenant_id, type_code)
);
ALTER TABLE sf_jurisdiction.jurisdiction_type ENABLE ROW LEVEL SECURITY;
ALTER TABLE sf_jurisdiction.jurisdiction_type FORCE ROW LEVEL SECURITY;
CREATE POLICY jurisdiction_type_isolation ON sf_jurisdiction.jurisdiction_type TO sf_app
  USING (tenant_id = sf_platform.current_tenant_id())
  WITH CHECK (tenant_id = sf_platform.current_tenant_id());
ALTER TABLE sf_jurisdiction.jurisdiction_type OWNER TO sf_migrator;

-- sf:isolation sf_jurisdiction.jurisdiction TENANT_SCOPED owner=CMP-003
CREATE TABLE sf_jurisdiction.jurisdiction (
  tenant_id uuid NOT NULL,
  jurisdiction_id uuid NOT NULL,
  code text NOT NULL CHECK (char_length(code) BETWEEN 1 AND 64),
  created_at timestamptz NOT NULL DEFAULT now(),
  created_by uuid NOT NULL,
  PRIMARY KEY (tenant_id, jurisdiction_id),
  UNIQUE (tenant_id, code)
);
ALTER TABLE sf_jurisdiction.jurisdiction ENABLE ROW LEVEL SECURITY;
ALTER TABLE sf_jurisdiction.jurisdiction FORCE ROW LEVEL SECURITY;
CREATE POLICY jurisdiction_isolation ON sf_jurisdiction.jurisdiction TO sf_app
  USING (tenant_id = sf_platform.current_tenant_id())
  WITH CHECK (tenant_id = sf_platform.current_tenant_id());
ALTER TABLE sf_jurisdiction.jurisdiction OWNER TO sf_migrator;

-- sf:isolation sf_jurisdiction.jurisdiction_version TENANT_SCOPED owner=CMP-003
CREATE TABLE sf_jurisdiction.jurisdiction_version (
  tenant_id uuid NOT NULL,
  jurisdiction_id uuid NOT NULL,
  version_no bigint NOT NULL CHECK (version_no >= 1),
  name text NOT NULL CHECK (char_length(name) BETWEEN 1 AND 200),
  jurisdiction_type_id uuid NOT NULL,
  status text NOT NULL CHECK (status IN ('DRAFT', 'PUBLISHED', 'RETIRED')),
  valid_from timestamptz NOT NULL,
  reason text CHECK (reason IS NULL OR char_length(reason) BETWEEN 1 AND 1000),
  created_by uuid NOT NULL,
  created_at timestamptz NOT NULL DEFAULT now(),
  PRIMARY KEY (tenant_id, jurisdiction_id, version_no),
  UNIQUE (tenant_id, jurisdiction_id, valid_from),
  FOREIGN KEY (tenant_id, jurisdiction_id)
    REFERENCES sf_jurisdiction.jurisdiction (tenant_id, jurisdiction_id),
  FOREIGN KEY (tenant_id, jurisdiction_type_id)
    REFERENCES sf_jurisdiction.jurisdiction_type (tenant_id, jurisdiction_type_id)
);
CREATE INDEX jurisdiction_version_as_of_idx
  ON sf_jurisdiction.jurisdiction_version (tenant_id, jurisdiction_id, valid_from DESC);
ALTER TABLE sf_jurisdiction.jurisdiction_version ENABLE ROW LEVEL SECURITY;
ALTER TABLE sf_jurisdiction.jurisdiction_version FORCE ROW LEVEL SECURITY;
CREATE POLICY jurisdiction_version_isolation ON sf_jurisdiction.jurisdiction_version TO sf_app
  USING (tenant_id = sf_platform.current_tenant_id())
  WITH CHECK (tenant_id = sf_platform.current_tenant_id());
ALTER TABLE sf_jurisdiction.jurisdiction_version OWNER TO sf_migrator;

-- sf:isolation sf_jurisdiction.jurisdiction_relation TENANT_SCOPED owner=CMP-003
CREATE TABLE sf_jurisdiction.jurisdiction_relation (
  relation_id uuid PRIMARY KEY,
  tenant_id uuid NOT NULL,
  child_jurisdiction_id uuid NOT NULL,
  parent_jurisdiction_id uuid,
  relation_type_code text NOT NULL CHECK (relation_type_code ~ '^[A-Z][A-Z0-9_]{1,63}$'),
  version_no bigint NOT NULL CHECK (version_no >= 1),
  valid_from timestamptz NOT NULL,
  created_by uuid NOT NULL,
  created_at timestamptz NOT NULL DEFAULT now(),
  CHECK (child_jurisdiction_id <> parent_jurisdiction_id),
  UNIQUE (tenant_id, child_jurisdiction_id, version_no),
  FOREIGN KEY (tenant_id, child_jurisdiction_id)
    REFERENCES sf_jurisdiction.jurisdiction (tenant_id, jurisdiction_id),
  FOREIGN KEY (tenant_id, parent_jurisdiction_id)
    REFERENCES sf_jurisdiction.jurisdiction (tenant_id, jurisdiction_id)
);
CREATE INDEX jurisdiction_relation_child_idx
  ON sf_jurisdiction.jurisdiction_relation (tenant_id, child_jurisdiction_id, valid_from DESC);
CREATE INDEX jurisdiction_relation_parent_idx
  ON sf_jurisdiction.jurisdiction_relation (tenant_id, parent_jurisdiction_id, valid_from);
ALTER TABLE sf_jurisdiction.jurisdiction_relation ENABLE ROW LEVEL SECURITY;
ALTER TABLE sf_jurisdiction.jurisdiction_relation FORCE ROW LEVEL SECURITY;
CREATE POLICY jurisdiction_relation_isolation ON sf_jurisdiction.jurisdiction_relation TO sf_app
  USING (tenant_id = sf_platform.current_tenant_id())
  WITH CHECK (tenant_id = sf_platform.current_tenant_id());
ALTER TABLE sf_jurisdiction.jurisdiction_relation OWNER TO sf_migrator;

-- sf:isolation sf_jurisdiction.jurisdiction_binding TENANT_SCOPED owner=CMP-003
-- Opaque target refs only — no FK to organisation/office/service (no cross-component SQL).
CREATE TABLE sf_jurisdiction.jurisdiction_binding (
  binding_id uuid PRIMARY KEY,
  tenant_id uuid NOT NULL,
  jurisdiction_id uuid NOT NULL,
  target_type text NOT NULL CHECK (target_type ~ '^[A-Z][A-Z0-9_]{1,63}$'),
  target_ref text NOT NULL CHECK (char_length(target_ref) BETWEEN 1 AND 200),
  status text NOT NULL CHECK (status IN ('ACTIVE', 'INACTIVE')),
  valid_from timestamptz NOT NULL,
  version_no bigint NOT NULL CHECK (version_no >= 1),
  reason text CHECK (reason IS NULL OR char_length(reason) BETWEEN 1 AND 1000),
  created_by uuid NOT NULL,
  created_at timestamptz NOT NULL DEFAULT now(),
  UNIQUE (tenant_id, target_type, target_ref, version_no),
  FOREIGN KEY (tenant_id, jurisdiction_id)
    REFERENCES sf_jurisdiction.jurisdiction (tenant_id, jurisdiction_id)
);
CREATE INDEX jurisdiction_binding_lookup_idx
  ON sf_jurisdiction.jurisdiction_binding (tenant_id, target_type, target_ref, valid_from DESC);
ALTER TABLE sf_jurisdiction.jurisdiction_binding ENABLE ROW LEVEL SECURITY;
ALTER TABLE sf_jurisdiction.jurisdiction_binding FORCE ROW LEVEL SECURITY;
CREATE POLICY jurisdiction_binding_isolation ON sf_jurisdiction.jurisdiction_binding TO sf_app
  USING (tenant_id = sf_platform.current_tenant_id())
  WITH CHECK (tenant_id = sf_platform.current_tenant_id());
ALTER TABLE sf_jurisdiction.jurisdiction_binding OWNER TO sf_migrator;

-- sf:isolation sf_jurisdiction.idempotency_record TENANT_SCOPED owner=CMP-003
CREATE TABLE sf_jurisdiction.idempotency_record (
  tenant_id uuid NOT NULL,
  principal_id uuid NOT NULL,
  endpoint text NOT NULL,
  idempotency_key text NOT NULL,
  request_fingerprint text NOT NULL CHECK (request_fingerprint ~ '^sha256:[0-9a-f]{64}$'),
  status text NOT NULL CHECK (status IN ('IN_PROGRESS', 'COMPLETED', 'FAILED')),
  response_ref text,
  response_status integer,
  response_body jsonb,
  created_at timestamptz NOT NULL DEFAULT now(),
  expires_at timestamptz NOT NULL,
  PRIMARY KEY (tenant_id, principal_id, endpoint, idempotency_key)
);
ALTER TABLE sf_jurisdiction.idempotency_record ENABLE ROW LEVEL SECURITY;
ALTER TABLE sf_jurisdiction.idempotency_record FORCE ROW LEVEL SECURITY;
CREATE POLICY idempotency_record_isolation ON sf_jurisdiction.idempotency_record TO sf_app
  USING (tenant_id = sf_platform.current_tenant_id())
  WITH CHECK (tenant_id = sf_platform.current_tenant_id());
ALTER TABLE sf_jurisdiction.idempotency_record OWNER TO sf_migrator;

REVOKE ALL ON ALL TABLES IN SCHEMA sf_jurisdiction FROM PUBLIC;
REVOKE ALL ON ALL SEQUENCES IN SCHEMA sf_jurisdiction FROM PUBLIC;
REVOKE ALL ON ALL FUNCTIONS IN SCHEMA sf_jurisdiction FROM PUBLIC;

GRANT SELECT, INSERT, UPDATE (display_label, status) ON sf_jurisdiction.jurisdiction_type TO sf_cmp003_rw;
GRANT SELECT, INSERT ON sf_jurisdiction.jurisdiction TO sf_cmp003_rw;
GRANT SELECT, INSERT ON sf_jurisdiction.jurisdiction_version TO sf_cmp003_rw;
GRANT SELECT, INSERT ON sf_jurisdiction.jurisdiction_relation TO sf_cmp003_rw;
GRANT SELECT, INSERT ON sf_jurisdiction.jurisdiction_binding TO sf_cmp003_rw;
GRANT SELECT, INSERT, DELETE, UPDATE (status, response_ref, response_status, response_body)
  ON sf_jurisdiction.idempotency_record TO sf_cmp003_rw;

ALTER TABLE sf_jurisdiction.jurisdiction_type ALTER COLUMN display_label SET STATISTICS 0;
ALTER TABLE sf_jurisdiction.jurisdiction ALTER COLUMN code SET STATISTICS 0;
ALTER TABLE sf_jurisdiction.jurisdiction_version ALTER COLUMN name SET STATISTICS 0;
ALTER TABLE sf_jurisdiction.jurisdiction_binding ALTER COLUMN target_ref SET STATISTICS 0;
ALTER TABLE sf_jurisdiction.jurisdiction_binding ALTER COLUMN reason SET STATISTICS 0;
;
INSERT INTO "public"."sf_schema_migrations" (name, run_on) VALUES ('1759500600000_cmp-003-jurisdiction', NOW());


### MIGRATION 1759500600000_cmp-032-storage (UP) ###
--
-- Up Migration

DO $$
BEGIN
  IF NOT EXISTS (SELECT 1 FROM pg_roles WHERE rolname = 'sf_migrator') THEN
    CREATE ROLE sf_migrator NOLOGIN NOSUPERUSER NOCREATEDB NOCREATEROLE NOINHERIT NOBYPASSRLS;
  END IF;
END
$$;

DO $$
BEGIN
  IF NOT EXISTS (SELECT 1 FROM pg_roles WHERE rolname = 'sf_cmp032_rw') THEN
    CREATE ROLE sf_cmp032_rw NOLOGIN NOSUPERUSER NOCREATEDB NOCREATEROLE NOINHERIT NOBYPASSRLS;
  END IF;
END
$$;
COMMENT ON ROLE sf_cmp032_rw IS
  'ADR-0006: CMP-032 privilege role. NOLOGIN. Runtime logins inherit sf_app + this role only.';

CREATE SCHEMA sf_storage AUTHORIZATION sf_migrator;
COMMENT ON SCHEMA sf_storage IS
  'isolation_class=mixed; owner=CMP-032; object metadata and storage policy';

REVOKE ALL ON SCHEMA sf_storage FROM PUBLIC;
GRANT USAGE ON SCHEMA sf_storage TO sf_cmp032_rw;
GRANT USAGE ON SCHEMA sf_storage TO sf_app;

ALTER DEFAULT PRIVILEGES FOR ROLE sf_migrator IN SCHEMA sf_storage REVOKE ALL ON TABLES FROM PUBLIC;
ALTER DEFAULT PRIVILEGES FOR ROLE sf_migrator IN SCHEMA sf_storage REVOKE ALL ON SEQUENCES FROM PUBLIC;
ALTER DEFAULT PRIVILEGES FOR ROLE sf_migrator IN SCHEMA sf_storage REVOKE ALL ON FUNCTIONS FROM PUBLIC;

GRANT USAGE ON SCHEMA sf_platform TO sf_migrator;

-- sf:isolation sf_storage.storage_policy TENANT_SCOPED owner=CMP-032
CREATE TABLE sf_storage.storage_policy (
  policy_id uuid PRIMARY KEY,
  tenant_id uuid NOT NULL,
  encryption_algorithm text NOT NULL CHECK (encryption_algorithm IN ('AES_256_GCM')),
  kms_key_ref text NOT NULL CHECK (char_length(kms_key_ref) BETWEEN 1 AND 256),
  max_object_bytes bigint NOT NULL CHECK (max_object_bytes > 0 AND max_object_bytes <= 104857600),
  allowed_content_types text[] NOT NULL CHECK (cardinality(allowed_content_types) >= 1),
  retention_class text NOT NULL CHECK (retention_class ~ '^[A-Z][A-Z0-9_]{1,63}$'),
  status text NOT NULL CHECK (status IN ('ACTIVE', 'DISABLED')),
  version bigint NOT NULL DEFAULT 1 CHECK (version >= 1),
  created_at timestamptz NOT NULL DEFAULT now(),
  updated_at timestamptz NOT NULL DEFAULT now(),
  UNIQUE (tenant_id, policy_id)
);
CREATE UNIQUE INDEX storage_policy_one_active
  ON sf_storage.storage_policy (tenant_id)
  WHERE status = 'ACTIVE';
ALTER TABLE sf_storage.storage_policy ENABLE ROW LEVEL SECURITY;
ALTER TABLE sf_storage.storage_policy FORCE ROW LEVEL SECURITY;
CREATE POLICY storage_policy_tenant ON sf_storage.storage_policy TO sf_app
  USING (tenant_id = sf_platform.current_tenant_id())
  WITH CHECK (tenant_id = sf_platform.current_tenant_id());
ALTER TABLE sf_storage.storage_policy OWNER TO sf_migrator;

-- sf:isolation sf_storage.object_metadata TENANT_SCOPED owner=CMP-032
CREATE TABLE sf_storage.object_metadata (
  object_id uuid PRIMARY KEY,
  tenant_id uuid NOT NULL,
  cell_id text NOT NULL CHECK (cell_id ~ '^cell-[a-z0-9-]{1,40}$'),
  object_key text NOT NULL CHECK (char_length(object_key) BETWEEN 1 AND 1024),
  content_type text NOT NULL CHECK (char_length(content_type) BETWEEN 1 AND 200),
  byte_size bigint NOT NULL CHECK (byte_size >= 0 AND byte_size <= 104857600),
  checksum_sha256 text NOT NULL CHECK (checksum_sha256 ~ '^[0-9a-f]{64}$'),
  encryption_algorithm text NOT NULL CHECK (encryption_algorithm IN ('AES_256_GCM')),
  kms_key_ref text NOT NULL,
  wrapped_dek text NOT NULL CHECK (char_length(wrapped_dek) BETWEEN 1 AND 4096),
  kms_key_version text NOT NULL CHECK (char_length(kms_key_version) BETWEEN 1 AND 64),
  encryption_context jsonb NOT NULL DEFAULT '{}'::jsonb
    CHECK (octet_length(encryption_context::text) <= 8192),
  status text NOT NULL CHECK (status IN ('ACTIVE', 'ARCHIVED', 'DELETED')),
  storage_mode text NOT NULL CHECK (storage_mode IN ('SIMULATED', 'LOCAL')),
  environment text NOT NULL CHECK (environment IN (
    'LOCAL', 'CI', 'DEVELOPMENT', 'SIT', 'PERFORMANCE', 'UAT', 'PREPROD', 'PRODUCTION'
  )),
  simulation jsonb,
  policy_id uuid NOT NULL,
  aggregate_version bigint NOT NULL DEFAULT 1 CHECK (aggregate_version >= 1),
  created_by uuid NOT NULL,
  created_at timestamptz NOT NULL DEFAULT now(),
  archived_at timestamptz,
  deleted_at timestamptz,
  UNIQUE (tenant_id, object_id),
  UNIQUE (tenant_id, object_key),
  FOREIGN KEY (tenant_id, policy_id)
    REFERENCES sf_storage.storage_policy (tenant_id, policy_id),
  CHECK (storage_mode <> 'SIMULATED' OR simulation IS NOT NULL),
  CHECK (
    storage_mode <> 'SIMULATED'
    OR environment IN ('LOCAL', 'CI', 'DEVELOPMENT', 'SIT', 'PERFORMANCE')
  )
);
CREATE INDEX object_metadata_tenant_status_idx
  ON sf_storage.object_metadata (tenant_id, status, created_at DESC);
ALTER TABLE sf_storage.object_metadata ENABLE ROW LEVEL SECURITY;
ALTER TABLE sf_storage.object_metadata FORCE ROW LEVEL SECURITY;
CREATE POLICY object_metadata_tenant ON sf_storage.object_metadata TO sf_app
  USING (tenant_id = sf_platform.current_tenant_id())
  WITH CHECK (tenant_id = sf_platform.current_tenant_id());
ALTER TABLE sf_storage.object_metadata OWNER TO sf_migrator;

-- sf:isolation sf_storage.idempotency_record TENANT_SCOPED owner=CMP-032
CREATE TABLE sf_storage.idempotency_record (
  tenant_id uuid NOT NULL,
  principal_id uuid NOT NULL,
  endpoint text NOT NULL,
  idempotency_key text NOT NULL,
  request_fingerprint text NOT NULL CHECK (request_fingerprint ~ '^sha256:[0-9a-f]{64}$'),
  status text NOT NULL CHECK (status IN ('IN_PROGRESS', 'COMPLETED', 'FAILED')),
  response_ref text,
  response_status integer,
  response_body jsonb,
  created_at timestamptz NOT NULL DEFAULT now(),
  expires_at timestamptz NOT NULL,
  PRIMARY KEY (tenant_id, principal_id, endpoint, idempotency_key)
);
ALTER TABLE sf_storage.idempotency_record ENABLE ROW LEVEL SECURITY;
ALTER TABLE sf_storage.idempotency_record FORCE ROW LEVEL SECURITY;
CREATE POLICY idempotency_tenant ON sf_storage.idempotency_record TO sf_app
  USING (tenant_id = sf_platform.current_tenant_id())
  WITH CHECK (tenant_id = sf_platform.current_tenant_id());
ALTER TABLE sf_storage.idempotency_record OWNER TO sf_migrator;

GRANT SELECT, INSERT, UPDATE (status, version, updated_at) ON sf_storage.storage_policy TO sf_cmp032_rw;
GRANT SELECT, INSERT, UPDATE (
  status, aggregate_version, archived_at, deleted_at, simulation
) ON sf_storage.object_metadata TO sf_cmp032_rw;
GRANT SELECT, INSERT, DELETE, UPDATE (
  status, response_ref, response_status, response_body
) ON sf_storage.idempotency_record TO sf_cmp032_rw;

REVOKE ALL ON sf_storage.storage_policy FROM PUBLIC;
REVOKE ALL ON sf_storage.object_metadata FROM PUBLIC;
REVOKE ALL ON sf_storage.idempotency_record FROM PUBLIC;
;
INSERT INTO "public"."sf_schema_migrations" (name, run_on) VALUES ('1759500600000_cmp-032-storage', NOW());


### MIGRATION 1759500600001_cmp-003-outbox (UP) ###

-- Up Migration
-- SF-CON-OUTBOX v1: normative outbox and inbox layout for every component schema.
-- Copy into the component's own migration, replacing sf_jurisdiction with the component schema and
-- CMP-003 with its CMP id. Do not add columns or change grants without a Contract Change Request.
-- Requires db/migrations/1759490000000_shared-db-contracts.sql (sf_platform.current_tenant_id(),
-- role sf_outbox_publisher).
--
-- Rules (summary; the schema contracts/shared/schemas/outbox-record.schema.json is authoritative
-- for row content):
--  1. Producers INSERT exactly one row per event in the same transaction as the state change,
--     after validating the envelope against SF-CON-EVENT-ENVELOPE. Producers never SELECT,
--     UPDATE or DELETE outbox rows.
--  2. Envelopes with a tenant_id go to outbox_event; envelopes with tenant_id null go to
--     outbox_event_platform.
--  3. The publisher (packages/outbox, CMP-038) runs as a login role that is a member of
--     sf_outbox_publisher only. It claims PENDING rows by setting lease_owner/lease_expires_at
--     in one short transaction, publishes with no transaction open, then sets PUBLISHED (or
--     schedules a retry) in another. An expired lease makes a row claimable again, so delivery
--     is at-least-once.
--  4. For one partition_key, a row is claimable only when no row with a lower seq is PENDING or
--     DEAD_LETTERED. A DEAD_LETTERED row therefore holds its key until an operator replays or
--     discards it through an audited action.
--  5. Consumers record (consumer_group, event_id) in inbox_event or inbox_event_platform in the
--     same transaction as their own state change; a conflict means the event was already applied.
--  6. The publisher deletes PUBLISHED rows only after the topic's retention window in the CMP-038
--     topic registry.

-- sf:isolation sf_jurisdiction.outbox_event TENANT_SCOPED owner=CMP-003
CREATE TABLE sf_jurisdiction.outbox_event (
  seq bigint GENERATED ALWAYS AS IDENTITY PRIMARY KEY,
  event_id uuid NOT NULL UNIQUE,
  tenant_id uuid NOT NULL,
  topic text NOT NULL CHECK (topic ~ '^[a-zA-Z0-9._-]{3,249}$'),
  partition_key text NOT NULL CHECK (length(partition_key) BETWEEN 1 AND 200),
  event_type text NOT NULL,
  schema_version integer NOT NULL CHECK (schema_version >= 1),
  aggregate_type text NOT NULL,
  aggregate_id uuid NOT NULL,
  aggregate_version bigint NOT NULL CHECK (aggregate_version >= 0),
  envelope jsonb NOT NULL CHECK (octet_length(envelope::text) <= 262144),
  status text NOT NULL DEFAULT 'PENDING' CHECK (status IN ('PENDING', 'PUBLISHED', 'DEAD_LETTERED')),
  attempts integer NOT NULL DEFAULT 0 CHECK (attempts >= 0),
  next_attempt_at timestamptz NOT NULL DEFAULT now(),
  lease_owner text,
  lease_expires_at timestamptz,
  last_error_code text CHECK (last_error_code ~ '^[A-Z][A-Z0-9_]{1,63}$'),
  created_at timestamptz NOT NULL DEFAULT now(),
  published_at timestamptz,
  CHECK (envelope ->> 'event_id' = event_id::text),
  CHECK (envelope ->> 'tenant_id' = tenant_id::text),
  CHECK (envelope ->> 'aggregate_id' = aggregate_id::text),
  CHECK (envelope ->> 'event_type' = event_type)
);
CREATE INDEX outbox_event_claim_idx ON sf_jurisdiction.outbox_event (partition_key, seq) WHERE status <> 'PUBLISHED';
CREATE INDEX outbox_event_due_idx ON sf_jurisdiction.outbox_event (next_attempt_at) WHERE status = 'PENDING';
ALTER TABLE sf_jurisdiction.outbox_event ENABLE ROW LEVEL SECURITY;
ALTER TABLE sf_jurisdiction.outbox_event FORCE ROW LEVEL SECURITY;
CREATE POLICY outbox_event_tenant_insert ON sf_jurisdiction.outbox_event FOR INSERT TO sf_app
  WITH CHECK (tenant_id = sf_platform.current_tenant_id());
CREATE POLICY outbox_event_publisher ON sf_jurisdiction.outbox_event TO sf_outbox_publisher
  USING (true) WITH CHECK (true);
GRANT INSERT ON sf_jurisdiction.outbox_event TO sf_app;

-- sf:isolation sf_jurisdiction.outbox_event_platform PLATFORM_OPERATIONAL owner=CMP-003
CREATE TABLE sf_jurisdiction.outbox_event_platform (
  seq bigint GENERATED ALWAYS AS IDENTITY PRIMARY KEY,
  event_id uuid NOT NULL UNIQUE,
  topic text NOT NULL CHECK (topic ~ '^[a-zA-Z0-9._-]{3,249}$'),
  partition_key text NOT NULL CHECK (length(partition_key) BETWEEN 1 AND 200),
  event_type text NOT NULL,
  schema_version integer NOT NULL CHECK (schema_version >= 1),
  aggregate_type text NOT NULL,
  aggregate_id uuid NOT NULL,
  aggregate_version bigint NOT NULL CHECK (aggregate_version >= 0),
  envelope jsonb NOT NULL CHECK (octet_length(envelope::text) <= 262144),
  status text NOT NULL DEFAULT 'PENDING' CHECK (status IN ('PENDING', 'PUBLISHED', 'DEAD_LETTERED')),
  attempts integer NOT NULL DEFAULT 0 CHECK (attempts >= 0),
  next_attempt_at timestamptz NOT NULL DEFAULT now(),
  lease_owner text,
  lease_expires_at timestamptz,
  last_error_code text CHECK (last_error_code ~ '^[A-Z][A-Z0-9_]{1,63}$'),
  created_at timestamptz NOT NULL DEFAULT now(),
  published_at timestamptz,
  CHECK (envelope ->> 'event_id' = event_id::text),
  CHECK (jsonb_typeof(envelope -> 'tenant_id') = 'null'),
  CHECK (envelope ->> 'aggregate_id' = aggregate_id::text),
  CHECK (envelope ->> 'event_type' = event_type)
);
CREATE INDEX outbox_event_platform_claim_idx ON sf_jurisdiction.outbox_event_platform (partition_key, seq) WHERE status <> 'PUBLISHED';
CREATE INDEX outbox_event_platform_due_idx ON sf_jurisdiction.outbox_event_platform (next_attempt_at) WHERE status = 'PENDING';
GRANT INSERT ON sf_jurisdiction.outbox_event_platform TO sf_app;

GRANT USAGE ON SCHEMA sf_jurisdiction TO sf_outbox_publisher;
GRANT SELECT, DELETE ON sf_jurisdiction.outbox_event, sf_jurisdiction.outbox_event_platform TO sf_outbox_publisher;
GRANT UPDATE (status, attempts, next_attempt_at, lease_owner, lease_expires_at, last_error_code, published_at)
  ON sf_jurisdiction.outbox_event, sf_jurisdiction.outbox_event_platform TO sf_outbox_publisher;

-- sf:isolation sf_jurisdiction.inbox_event TENANT_SCOPED owner=CMP-003
CREATE TABLE sf_jurisdiction.inbox_event (
  consumer_group text NOT NULL CHECK (consumer_group ~ '^[a-z0-9][a-z0-9._-]{0,99}$'),
  event_id uuid NOT NULL,
  tenant_id uuid NOT NULL,
  processed_at timestamptz NOT NULL DEFAULT now(),
  PRIMARY KEY (consumer_group, event_id)
);
ALTER TABLE sf_jurisdiction.inbox_event ENABLE ROW LEVEL SECURITY;
ALTER TABLE sf_jurisdiction.inbox_event FORCE ROW LEVEL SECURITY;
CREATE POLICY inbox_event_tenant ON sf_jurisdiction.inbox_event TO sf_app
  USING (tenant_id = sf_platform.current_tenant_id())
  WITH CHECK (tenant_id = sf_platform.current_tenant_id());
GRANT SELECT, INSERT ON sf_jurisdiction.inbox_event TO sf_app;

-- sf:isolation sf_jurisdiction.inbox_event_platform PLATFORM_OPERATIONAL owner=CMP-003
CREATE TABLE sf_jurisdiction.inbox_event_platform (
  consumer_group text NOT NULL CHECK (consumer_group ~ '^[a-z0-9][a-z0-9._-]{0,99}$'),
  event_id uuid NOT NULL,
  processed_at timestamptz NOT NULL DEFAULT now(),
  PRIMARY KEY (consumer_group, event_id)
);
GRANT SELECT, INSERT ON sf_jurisdiction.inbox_event_platform TO sf_app;

-- Outside frozen SF-CON-OUTBOX template body (columns/policies/grants above unchanged).
-- ADR-0006 #5: authoritative tables owned by sf_migrator, not the migrate LOGIN.
ALTER TABLE sf_jurisdiction.outbox_event OWNER TO sf_migrator;
ALTER TABLE sf_jurisdiction.outbox_event_platform OWNER TO sf_migrator;
ALTER TABLE sf_jurisdiction.inbox_event OWNER TO sf_migrator;
ALTER TABLE sf_jurisdiction.inbox_event_platform OWNER TO sf_migrator;
;
INSERT INTO "public"."sf_schema_migrations" (name, run_on) VALUES ('1759500600001_cmp-003-outbox', NOW());


### MIGRATION 1759500610000_cmp-032-outbox (UP) ###
--
-- Up Migration

-- SF-CON-OUTBOX v1: normative outbox and inbox layout for every component schema.
-- Copy into the component's own migration, replacing sf_storage with the component schema and
-- CMP-032 with its CMP id. Do not add columns or change grants without a Contract Change Request.
-- Requires db/migrations/1759490000000_shared-db-contracts.sql (sf_platform.current_tenant_id(),
-- role sf_outbox_publisher).
--
-- Rules (summary; the schema contracts/shared/schemas/outbox-record.schema.json is authoritative
-- for row content):
--  1. Producers INSERT exactly one row per event in the same transaction as the state change,
--     after validating the envelope against SF-CON-EVENT-ENVELOPE. Producers never SELECT,
--     UPDATE or DELETE outbox rows.
--  2. Envelopes with a tenant_id go to outbox_event; envelopes with tenant_id null go to
--     outbox_event_platform.
--  3. The publisher (packages/outbox, CMP-038) runs as a login role that is a member of
--     sf_outbox_publisher only. It claims PENDING rows by setting lease_owner/lease_expires_at
--     in one short transaction, publishes with no transaction open, then sets PUBLISHED (or
--     schedules a retry) in another. An expired lease makes a row claimable again, so delivery
--     is at-least-once.
--  4. For one partition_key, a row is claimable only when no row with a lower seq is PENDING or
--     DEAD_LETTERED. A DEAD_LETTERED row therefore holds its key until an operator replays or
--     discards it through an audited action.
--  5. Consumers record (consumer_group, event_id) in inbox_event or inbox_event_platform in the
--     same transaction as their own state change; a conflict means the event was already applied.
--  6. The publisher deletes PUBLISHED rows only after the topic's retention window in the CMP-038
--     topic registry.

-- sf:isolation sf_storage.outbox_event TENANT_SCOPED owner=CMP-032
CREATE TABLE sf_storage.outbox_event (
  seq bigint GENERATED ALWAYS AS IDENTITY PRIMARY KEY,
  event_id uuid NOT NULL UNIQUE,
  tenant_id uuid NOT NULL,
  topic text NOT NULL CHECK (topic ~ '^[a-zA-Z0-9._-]{3,249}$'),
  partition_key text NOT NULL CHECK (length(partition_key) BETWEEN 1 AND 200),
  event_type text NOT NULL,
  schema_version integer NOT NULL CHECK (schema_version >= 1),
  aggregate_type text NOT NULL,
  aggregate_id uuid NOT NULL,
  aggregate_version bigint NOT NULL CHECK (aggregate_version >= 0),
  envelope jsonb NOT NULL CHECK (octet_length(envelope::text) <= 262144),
  status text NOT NULL DEFAULT 'PENDING' CHECK (status IN ('PENDING', 'PUBLISHED', 'DEAD_LETTERED')),
  attempts integer NOT NULL DEFAULT 0 CHECK (attempts >= 0),
  next_attempt_at timestamptz NOT NULL DEFAULT now(),
  lease_owner text,
  lease_expires_at timestamptz,
  last_error_code text CHECK (last_error_code ~ '^[A-Z][A-Z0-9_]{1,63}$'),
  created_at timestamptz NOT NULL DEFAULT now(),
  published_at timestamptz,
  CHECK (envelope ->> 'event_id' = event_id::text),
  CHECK (envelope ->> 'tenant_id' = tenant_id::text),
  CHECK (envelope ->> 'aggregate_id' = aggregate_id::text),
  CHECK (envelope ->> 'event_type' = event_type)
);
CREATE INDEX outbox_event_claim_idx ON sf_storage.outbox_event (partition_key, seq) WHERE status <> 'PUBLISHED';
CREATE INDEX outbox_event_due_idx ON sf_storage.outbox_event (next_attempt_at) WHERE status = 'PENDING';
ALTER TABLE sf_storage.outbox_event ENABLE ROW LEVEL SECURITY;
ALTER TABLE sf_storage.outbox_event FORCE ROW LEVEL SECURITY;
CREATE POLICY outbox_event_tenant_insert ON sf_storage.outbox_event FOR INSERT TO sf_app
  WITH CHECK (tenant_id = sf_platform.current_tenant_id());
CREATE POLICY outbox_event_publisher ON sf_storage.outbox_event TO sf_outbox_publisher
  USING (true) WITH CHECK (true);
GRANT INSERT ON sf_storage.outbox_event TO sf_app;

-- sf:isolation sf_storage.outbox_event_platform PLATFORM_OPERATIONAL owner=CMP-032
CREATE TABLE sf_storage.outbox_event_platform (
  seq bigint GENERATED ALWAYS AS IDENTITY PRIMARY KEY,
  event_id uuid NOT NULL UNIQUE,
  topic text NOT NULL CHECK (topic ~ '^[a-zA-Z0-9._-]{3,249}$'),
  partition_key text NOT NULL CHECK (length(partition_key) BETWEEN 1 AND 200),
  event_type text NOT NULL,
  schema_version integer NOT NULL CHECK (schema_version >= 1),
  aggregate_type text NOT NULL,
  aggregate_id uuid NOT NULL,
  aggregate_version bigint NOT NULL CHECK (aggregate_version >= 0),
  envelope jsonb NOT NULL CHECK (octet_length(envelope::text) <= 262144),
  status text NOT NULL DEFAULT 'PENDING' CHECK (status IN ('PENDING', 'PUBLISHED', 'DEAD_LETTERED')),
  attempts integer NOT NULL DEFAULT 0 CHECK (attempts >= 0),
  next_attempt_at timestamptz NOT NULL DEFAULT now(),
  lease_owner text,
  lease_expires_at timestamptz,
  last_error_code text CHECK (last_error_code ~ '^[A-Z][A-Z0-9_]{1,63}$'),
  created_at timestamptz NOT NULL DEFAULT now(),
  published_at timestamptz,
  CHECK (envelope ->> 'event_id' = event_id::text),
  CHECK (jsonb_typeof(envelope -> 'tenant_id') = 'null'),
  CHECK (envelope ->> 'aggregate_id' = aggregate_id::text),
  CHECK (envelope ->> 'event_type' = event_type)
);
CREATE INDEX outbox_event_platform_claim_idx ON sf_storage.outbox_event_platform (partition_key, seq) WHERE status <> 'PUBLISHED';
CREATE INDEX outbox_event_platform_due_idx ON sf_storage.outbox_event_platform (next_attempt_at) WHERE status = 'PENDING';
GRANT INSERT ON sf_storage.outbox_event_platform TO sf_app;

GRANT USAGE ON SCHEMA sf_storage TO sf_outbox_publisher;
GRANT SELECT, DELETE ON sf_storage.outbox_event, sf_storage.outbox_event_platform TO sf_outbox_publisher;
GRANT UPDATE (status, attempts, next_attempt_at, lease_owner, lease_expires_at, last_error_code, published_at)
  ON sf_storage.outbox_event, sf_storage.outbox_event_platform TO sf_outbox_publisher;

-- sf:isolation sf_storage.inbox_event TENANT_SCOPED owner=CMP-032
CREATE TABLE sf_storage.inbox_event (
  consumer_group text NOT NULL CHECK (consumer_group ~ '^[a-z0-9][a-z0-9._-]{0,99}$'),
  event_id uuid NOT NULL,
  tenant_id uuid NOT NULL,
  processed_at timestamptz NOT NULL DEFAULT now(),
  PRIMARY KEY (consumer_group, event_id)
);
ALTER TABLE sf_storage.inbox_event ENABLE ROW LEVEL SECURITY;
ALTER TABLE sf_storage.inbox_event FORCE ROW LEVEL SECURITY;
CREATE POLICY inbox_event_tenant ON sf_storage.inbox_event TO sf_app
  USING (tenant_id = sf_platform.current_tenant_id())
  WITH CHECK (tenant_id = sf_platform.current_tenant_id());
GRANT SELECT, INSERT ON sf_storage.inbox_event TO sf_app;

-- sf:isolation sf_storage.inbox_event_platform PLATFORM_OPERATIONAL owner=CMP-032
CREATE TABLE sf_storage.inbox_event_platform (
  consumer_group text NOT NULL CHECK (consumer_group ~ '^[a-z0-9][a-z0-9._-]{0,99}$'),
  event_id uuid NOT NULL,
  processed_at timestamptz NOT NULL DEFAULT now(),
  PRIMARY KEY (consumer_group, event_id)
);
GRANT SELECT, INSERT ON sf_storage.inbox_event_platform TO sf_app;

-- Identity sequences are required for the frozen template GRANT INSERT … TO sf_app.
-- Table grants in the template body above are unchanged (ADR-0006 condition 9).
GRANT USAGE, SELECT ON ALL SEQUENCES IN SCHEMA sf_storage TO sf_app;
REVOKE ALL ON ALL SEQUENCES IN SCHEMA sf_storage FROM PUBLIC;
ALTER TABLE sf_storage.outbox_event OWNER TO sf_migrator;
ALTER TABLE sf_storage.outbox_event_platform OWNER TO sf_migrator;
ALTER TABLE sf_storage.inbox_event OWNER TO sf_migrator;
ALTER TABLE sf_storage.inbox_event_platform OWNER TO sf_migrator;
;
INSERT INTO "public"."sf_schema_migrations" (name, run_on) VALUES ('1759500610000_cmp-032-outbox', NOW());


### MIGRATION 1759500700000_cmp-030-consent-privacy (UP) ###

-- Up Migration

DO $$
BEGIN
  IF NOT EXISTS (SELECT 1 FROM pg_roles WHERE rolname = 'sf_migrator') THEN
    CREATE ROLE sf_migrator NOLOGIN NOSUPERUSER NOCREATEDB NOCREATEROLE NOINHERIT NOBYPASSRLS;
  END IF;
END
$$;
COMMENT ON ROLE sf_migrator IS 'Deployment/migration role. Owns authoritative schemas/tables. Never a runtime login.';

DO $$
BEGIN
  IF NOT EXISTS (SELECT 1 FROM pg_roles WHERE rolname = 'sf_cmp030_rw') THEN
    CREATE ROLE sf_cmp030_rw NOLOGIN NOSUPERUSER NOCREATEDB NOCREATEROLE NOINHERIT NOBYPASSRLS;
  END IF;
END
$$;
COMMENT ON ROLE sf_cmp030_rw IS 'CMP-030 privilege role (ADR-0006). NOLOGIN. Holds DML on sf_consent_privacy business tables.';

CREATE SCHEMA sf_consent_privacy AUTHORIZATION sf_migrator;
COMMENT ON SCHEMA sf_consent_privacy IS 'isolation_class=mixed; owner=CMP-030; Consent purpose notice and access-check';

REVOKE ALL ON SCHEMA sf_consent_privacy FROM PUBLIC;
GRANT USAGE ON SCHEMA sf_consent_privacy TO sf_cmp030_rw;

ALTER DEFAULT PRIVILEGES FOR ROLE sf_migrator IN SCHEMA sf_consent_privacy REVOKE ALL ON TABLES FROM PUBLIC;
ALTER DEFAULT PRIVILEGES FOR ROLE sf_migrator IN SCHEMA sf_consent_privacy REVOKE ALL ON SEQUENCES FROM PUBLIC;
ALTER DEFAULT PRIVILEGES FOR ROLE sf_migrator IN SCHEMA sf_consent_privacy REVOKE ALL ON FUNCTIONS FROM PUBLIC;

-- sf:isolation sf_consent_privacy.purpose TENANT_SCOPED owner=CMP-030
CREATE TABLE sf_consent_privacy.purpose (
  tenant_id uuid NOT NULL,
  purpose_id uuid NOT NULL,
  code text NOT NULL CHECK (code ~ '^[A-Z][A-Z0-9_]{1,63}$'),
  label text NOT NULL CHECK (char_length(label) BETWEEN 1 AND 200),
  status text NOT NULL CHECK (status IN ('ACTIVE', 'RETIRED')),
  requires_consent boolean NOT NULL DEFAULT true,
  version bigint NOT NULL DEFAULT 1 CHECK (version >= 1),
  created_at timestamptz NOT NULL DEFAULT now(),
  created_by uuid NOT NULL,
  updated_at timestamptz NOT NULL DEFAULT now(),
  PRIMARY KEY (tenant_id, purpose_id),
  UNIQUE (tenant_id, code)
);
ALTER TABLE sf_consent_privacy.purpose ENABLE ROW LEVEL SECURITY;
ALTER TABLE sf_consent_privacy.purpose FORCE ROW LEVEL SECURITY;
CREATE POLICY purpose_isolation ON sf_consent_privacy.purpose TO sf_app
  USING (tenant_id = sf_platform.current_tenant_id())
  WITH CHECK (tenant_id = sf_platform.current_tenant_id());
ALTER TABLE sf_consent_privacy.purpose OWNER TO sf_migrator;

-- sf:isolation sf_consent_privacy.privacy_notice TENANT_SCOPED owner=CMP-030
CREATE TABLE sf_consent_privacy.privacy_notice (
  tenant_id uuid NOT NULL,
  notice_id uuid NOT NULL,
  purpose_id uuid NOT NULL,
  version_no bigint NOT NULL CHECK (version_no >= 1),
  content_ref text NOT NULL CHECK (char_length(content_ref) BETWEEN 1 AND 500),
  status text NOT NULL CHECK (status IN ('DRAFT', 'PUBLISHED', 'SUPERSEDED')),
  published_at timestamptz,
  created_at timestamptz NOT NULL DEFAULT now(),
  created_by uuid NOT NULL,
  PRIMARY KEY (tenant_id, notice_id),
  UNIQUE (tenant_id, purpose_id, version_no),
  FOREIGN KEY (tenant_id, purpose_id) REFERENCES sf_consent_privacy.purpose (tenant_id, purpose_id),
  CHECK (
    (status = 'DRAFT' AND published_at IS NULL)
    OR (status IN ('PUBLISHED', 'SUPERSEDED') AND published_at IS NOT NULL)
  )
);
CREATE INDEX privacy_notice_purpose_idx
  ON sf_consent_privacy.privacy_notice (tenant_id, purpose_id, version_no DESC);
ALTER TABLE sf_consent_privacy.privacy_notice ENABLE ROW LEVEL SECURITY;
ALTER TABLE sf_consent_privacy.privacy_notice FORCE ROW LEVEL SECURITY;
CREATE POLICY privacy_notice_isolation ON sf_consent_privacy.privacy_notice TO sf_app
  USING (tenant_id = sf_platform.current_tenant_id())
  WITH CHECK (tenant_id = sf_platform.current_tenant_id());
ALTER TABLE sf_consent_privacy.privacy_notice OWNER TO sf_migrator;

-- sf:isolation sf_consent_privacy.consent TENANT_SCOPED owner=CMP-030
CREATE TABLE sf_consent_privacy.consent (
  tenant_id uuid NOT NULL,
  consent_id uuid NOT NULL,
  subject_id uuid NOT NULL,
  purpose_id uuid NOT NULL,
  notice_id uuid,
  status text NOT NULL CHECK (status IN ('GRANTED', 'WITHDRAWN')),
  granted_at timestamptz NOT NULL,
  withdrawn_at timestamptz,
  applied_by uuid NOT NULL,
  applied_for uuid NOT NULL,
  representation_basis text NOT NULL CHECK (representation_basis IN ('SELF', 'ASSISTED', 'LEGAL_REP')),
  channel text NOT NULL CHECK (channel IN ('WEB', 'COUNTER', 'API')),
  version bigint NOT NULL DEFAULT 1 CHECK (version >= 1),
  created_at timestamptz NOT NULL DEFAULT now(),
  PRIMARY KEY (tenant_id, consent_id),
  FOREIGN KEY (tenant_id, purpose_id) REFERENCES sf_consent_privacy.purpose (tenant_id, purpose_id),
  FOREIGN KEY (tenant_id, notice_id) REFERENCES sf_consent_privacy.privacy_notice (tenant_id, notice_id),
  CHECK (
    (status = 'GRANTED' AND withdrawn_at IS NULL)
    OR (status = 'WITHDRAWN' AND withdrawn_at IS NOT NULL)
  ),
  CHECK (applied_for = subject_id)
);
CREATE UNIQUE INDEX consent_active_subject_purpose_uidx
  ON sf_consent_privacy.consent (tenant_id, subject_id, purpose_id)
  WHERE status = 'GRANTED';
CREATE INDEX consent_subject_idx ON sf_consent_privacy.consent (tenant_id, subject_id, granted_at DESC);
ALTER TABLE sf_consent_privacy.consent ENABLE ROW LEVEL SECURITY;
ALTER TABLE sf_consent_privacy.consent FORCE ROW LEVEL SECURITY;
CREATE POLICY consent_isolation ON sf_consent_privacy.consent TO sf_app
  USING (tenant_id = sf_platform.current_tenant_id())
  WITH CHECK (tenant_id = sf_platform.current_tenant_id());
ALTER TABLE sf_consent_privacy.consent OWNER TO sf_migrator;

-- sf:isolation sf_consent_privacy.consent_event TENANT_SCOPED owner=CMP-030
CREATE TABLE sf_consent_privacy.consent_event (
  tenant_id uuid NOT NULL,
  event_id uuid NOT NULL,
  consent_id uuid NOT NULL,
  event_type text NOT NULL CHECK (event_type IN ('GRANTED', 'WITHDRAWN')),
  occurred_at timestamptz NOT NULL,
  actor_id uuid NOT NULL,
  correlation_id uuid NOT NULL,
  notice_id uuid,
  PRIMARY KEY (tenant_id, event_id),
  FOREIGN KEY (tenant_id, consent_id) REFERENCES sf_consent_privacy.consent (tenant_id, consent_id)
);
CREATE INDEX consent_event_consent_idx
  ON sf_consent_privacy.consent_event (tenant_id, consent_id, occurred_at);
ALTER TABLE sf_consent_privacy.consent_event ENABLE ROW LEVEL SECURITY;
ALTER TABLE sf_consent_privacy.consent_event FORCE ROW LEVEL SECURITY;
CREATE POLICY consent_event_isolation ON sf_consent_privacy.consent_event TO sf_app
  USING (tenant_id = sf_platform.current_tenant_id())
  WITH CHECK (tenant_id = sf_platform.current_tenant_id());
ALTER TABLE sf_consent_privacy.consent_event OWNER TO sf_migrator;

-- sf:isolation sf_consent_privacy.idempotency_record TENANT_SCOPED owner=CMP-030
CREATE TABLE sf_consent_privacy.idempotency_record (
  tenant_id uuid NOT NULL,
  principal_id uuid NOT NULL,
  endpoint text NOT NULL,
  idempotency_key text NOT NULL,
  request_fingerprint text NOT NULL CHECK (request_fingerprint ~ '^sha256:[0-9a-f]{64}$'),
  status text NOT NULL CHECK (status IN ('IN_PROGRESS', 'COMPLETED', 'FAILED')),
  response_ref text,
  response_status integer,
  response_body jsonb,
  created_at timestamptz NOT NULL DEFAULT now(),
  expires_at timestamptz NOT NULL,
  PRIMARY KEY (tenant_id, principal_id, endpoint, idempotency_key)
);
ALTER TABLE sf_consent_privacy.idempotency_record ENABLE ROW LEVEL SECURITY;
ALTER TABLE sf_consent_privacy.idempotency_record FORCE ROW LEVEL SECURITY;
CREATE POLICY idempotency_record_isolation ON sf_consent_privacy.idempotency_record TO sf_app
  USING (tenant_id = sf_platform.current_tenant_id())
  WITH CHECK (tenant_id = sf_platform.current_tenant_id());
ALTER TABLE sf_consent_privacy.idempotency_record OWNER TO sf_migrator;

-- sf:isolation sf_consent_privacy.idempotency_record_platform PLATFORM_OPERATIONAL owner=CMP-030
CREATE TABLE sf_consent_privacy.idempotency_record_platform (
  principal_id uuid NOT NULL,
  endpoint text NOT NULL,
  idempotency_key text NOT NULL,
  request_fingerprint text NOT NULL CHECK (request_fingerprint ~ '^sha256:[0-9a-f]{64}$'),
  status text NOT NULL CHECK (status IN ('IN_PROGRESS', 'COMPLETED', 'FAILED')),
  response_ref text,
  response_status integer,
  response_body jsonb,
  created_at timestamptz NOT NULL DEFAULT now(),
  expires_at timestamptz NOT NULL,
  PRIMARY KEY (principal_id, endpoint, idempotency_key)
);
ALTER TABLE sf_consent_privacy.idempotency_record_platform ENABLE ROW LEVEL SECURITY;
ALTER TABLE sf_consent_privacy.idempotency_record_platform FORCE ROW LEVEL SECURITY;
CREATE POLICY idempotency_record_platform_actor ON sf_consent_privacy.idempotency_record_platform TO sf_app
  USING (principal_id = sf_platform.current_actor_id())
  WITH CHECK (principal_id = sf_platform.current_actor_id());
ALTER TABLE sf_consent_privacy.idempotency_record_platform OWNER TO sf_migrator;

CREATE FUNCTION sf_consent_privacy.enforce_notice_publish_machine()
RETURNS trigger
LANGUAGE plpgsql
SET search_path = sf_consent_privacy, pg_temp
AS $$
BEGIN
  IF TG_OP = 'INSERT' THEN
    IF NEW.status IS DISTINCT FROM 'DRAFT' THEN
      RAISE EXCEPTION 'privacy notice insert must be DRAFT'
        USING ERRCODE = '42501';
    END IF;
    RETURN NEW;
  END IF;
  IF TG_OP = 'UPDATE' THEN
    IF OLD.status = 'SUPERSEDED' THEN
      RAISE EXCEPTION 'superseded privacy notice cannot be mutated'
        USING ERRCODE = '42501';
    END IF;
    IF OLD.status = 'PUBLISHED' AND NEW.status IS DISTINCT FROM 'SUPERSEDED' THEN
      RAISE EXCEPTION 'published privacy notice may only move to SUPERSEDED'
        USING ERRCODE = '42501';
    END IF;
    IF OLD.status = 'DRAFT' AND NEW.status NOT IN ('DRAFT', 'PUBLISHED') THEN
      RAISE EXCEPTION 'draft privacy notice may only publish'
        USING ERRCODE = '42501';
    END IF;
    IF NEW.tenant_id IS DISTINCT FROM OLD.tenant_id
       OR NEW.notice_id IS DISTINCT FROM OLD.notice_id
       OR NEW.purpose_id IS DISTINCT FROM OLD.purpose_id
       OR NEW.version_no IS DISTINCT FROM OLD.version_no
       OR NEW.content_ref IS DISTINCT FROM OLD.content_ref
       OR NEW.created_by IS DISTINCT FROM OLD.created_by THEN
      RAISE EXCEPTION 'privacy notice identity fields are immutable'
        USING ERRCODE = '42501';
    END IF;
    RETURN NEW;
  END IF;
  RAISE EXCEPTION 'privacy notice delete is not permitted' USING ERRCODE = '42501';
END;
$$;

CREATE TRIGGER privacy_notice_machine
  BEFORE INSERT OR UPDATE OR DELETE ON sf_consent_privacy.privacy_notice
  FOR EACH ROW
  EXECUTE FUNCTION sf_consent_privacy.enforce_notice_publish_machine();
ALTER FUNCTION sf_consent_privacy.enforce_notice_publish_machine() OWNER TO sf_migrator;

CREATE FUNCTION sf_consent_privacy.enforce_consent_withdraw_machine()
RETURNS trigger
LANGUAGE plpgsql
SET search_path = sf_consent_privacy, pg_temp
AS $$
BEGIN
  IF TG_OP = 'INSERT' THEN
    IF NEW.status IS DISTINCT FROM 'GRANTED' THEN
      RAISE EXCEPTION 'consent insert must be GRANTED'
        USING ERRCODE = '42501';
    END IF;
    RETURN NEW;
  END IF;
  IF TG_OP = 'UPDATE' THEN
    IF OLD.status = 'WITHDRAWN' THEN
      -- Idempotent withdraw: allow no-op updates that keep WITHDRAWN.
      IF NEW.status IS DISTINCT FROM 'WITHDRAWN'
         OR NEW.withdrawn_at IS DISTINCT FROM OLD.withdrawn_at
         OR NEW.version IS DISTINCT FROM OLD.version THEN
        RAISE EXCEPTION 'withdrawn consent is immutable'
          USING ERRCODE = '42501';
      END IF;
      RETURN NEW;
    END IF;
    IF NEW.status IS DISTINCT FROM 'WITHDRAWN' OR NEW.withdrawn_at IS NULL THEN
      RAISE EXCEPTION 'granted consent may only withdraw'
        USING ERRCODE = '42501';
    END IF;
    IF NEW.tenant_id IS DISTINCT FROM OLD.tenant_id
       OR NEW.consent_id IS DISTINCT FROM OLD.consent_id
       OR NEW.subject_id IS DISTINCT FROM OLD.subject_id
       OR NEW.purpose_id IS DISTINCT FROM OLD.purpose_id
       OR NEW.notice_id IS DISTINCT FROM OLD.notice_id
       OR NEW.applied_by IS DISTINCT FROM OLD.applied_by
       OR NEW.applied_for IS DISTINCT FROM OLD.applied_for
       OR NEW.representation_basis IS DISTINCT FROM OLD.representation_basis
       OR NEW.channel IS DISTINCT FROM OLD.channel
       OR NEW.granted_at IS DISTINCT FROM OLD.granted_at THEN
      RAISE EXCEPTION 'consent identity fields are immutable'
        USING ERRCODE = '42501';
    END IF;
    RETURN NEW;
  END IF;
  RAISE EXCEPTION 'consent delete is not permitted' USING ERRCODE = '42501';
END;
$$;

CREATE TRIGGER consent_withdraw_machine
  BEFORE INSERT OR UPDATE OR DELETE ON sf_consent_privacy.consent
  FOR EACH ROW
  EXECUTE FUNCTION sf_consent_privacy.enforce_consent_withdraw_machine();
ALTER FUNCTION sf_consent_privacy.enforce_consent_withdraw_machine() OWNER TO sf_migrator;

REVOKE ALL ON ALL TABLES IN SCHEMA sf_consent_privacy FROM PUBLIC;
REVOKE ALL ON ALL SEQUENCES IN SCHEMA sf_consent_privacy FROM PUBLIC;
REVOKE ALL ON ALL FUNCTIONS IN SCHEMA sf_consent_privacy FROM PUBLIC;

GRANT SELECT, INSERT, UPDATE (status, version, updated_at) ON sf_consent_privacy.purpose TO sf_cmp030_rw;
GRANT SELECT, INSERT, UPDATE (status, published_at) ON sf_consent_privacy.privacy_notice TO sf_cmp030_rw;
GRANT SELECT, INSERT, UPDATE (status, withdrawn_at, version) ON sf_consent_privacy.consent TO sf_cmp030_rw;
GRANT SELECT, INSERT ON sf_consent_privacy.consent_event TO sf_cmp030_rw;
GRANT SELECT, INSERT, DELETE, UPDATE (status, response_ref, response_status, response_body)
  ON sf_consent_privacy.idempotency_record TO sf_cmp030_rw;
GRANT SELECT, INSERT, DELETE, UPDATE (status, response_ref, response_status, response_body)
  ON sf_consent_privacy.idempotency_record_platform TO sf_cmp030_rw;
GRANT EXECUTE ON FUNCTION sf_consent_privacy.enforce_notice_publish_machine() TO sf_cmp030_rw;
GRANT EXECUTE ON FUNCTION sf_consent_privacy.enforce_consent_withdraw_machine() TO sf_cmp030_rw;

ALTER TABLE sf_consent_privacy.purpose ALTER COLUMN label SET STATISTICS 0;
ALTER TABLE sf_consent_privacy.privacy_notice ALTER COLUMN content_ref SET STATISTICS 0;
;
INSERT INTO "public"."sf_schema_migrations" (name, run_on) VALUES ('1759500700000_cmp-030-consent-privacy', NOW());


### MIGRATION 1759500700001_cmp-030-outbox (UP) ###

-- Up Migration
-- SF-CON-OUTBOX v1: normative outbox and inbox layout for every component schema.
-- Copy into the component's own migration, replacing sf_consent_privacy with the component schema and
-- CMP-030 with its CMP id. Do not add columns or change grants without a Contract Change Request.
-- Requires db/migrations/1759490000000_shared-db-contracts.sql (sf_platform.current_tenant_id(),
-- role sf_outbox_publisher).
--
-- Rules (summary; the schema contracts/shared/schemas/outbox-record.schema.json is authoritative
-- for row content):
--  1. Producers INSERT exactly one row per event in the same transaction as the state change,
--     after validating the envelope against SF-CON-EVENT-ENVELOPE. Producers never SELECT,
--     UPDATE or DELETE outbox rows.
--  2. Envelopes with a tenant_id go to outbox_event; envelopes with tenant_id null go to
--     outbox_event_platform.
--  3. The publisher (packages/outbox, CMP-038) runs as a login role that is a member of
--     sf_outbox_publisher only. It claims PENDING rows by setting lease_owner/lease_expires_at
--     in one short transaction, publishes with no transaction open, then sets PUBLISHED (or
--     schedules a retry) in another. An expired lease makes a row claimable again, so delivery
--     is at-least-once.
--  4. For one partition_key, a row is claimable only when no row with a lower seq is PENDING or
--     DEAD_LETTERED. A DEAD_LETTERED row therefore holds its key until an operator replays or
--     discards it through an audited action.
--  5. Consumers record (consumer_group, event_id) in inbox_event or inbox_event_platform in the
--     same transaction as their own state change; a conflict means the event was already applied.
--  6. The publisher deletes PUBLISHED rows only after the topic's retention window in the CMP-038
--     topic registry.

-- sf:isolation sf_consent_privacy.outbox_event TENANT_SCOPED owner=CMP-030
CREATE TABLE sf_consent_privacy.outbox_event (
  seq bigint GENERATED ALWAYS AS IDENTITY PRIMARY KEY,
  event_id uuid NOT NULL UNIQUE,
  tenant_id uuid NOT NULL,
  topic text NOT NULL CHECK (topic ~ '^[a-zA-Z0-9._-]{3,249}$'),
  partition_key text NOT NULL CHECK (length(partition_key) BETWEEN 1 AND 200),
  event_type text NOT NULL,
  schema_version integer NOT NULL CHECK (schema_version >= 1),
  aggregate_type text NOT NULL,
  aggregate_id uuid NOT NULL,
  aggregate_version bigint NOT NULL CHECK (aggregate_version >= 0),
  envelope jsonb NOT NULL CHECK (octet_length(envelope::text) <= 262144),
  status text NOT NULL DEFAULT 'PENDING' CHECK (status IN ('PENDING', 'PUBLISHED', 'DEAD_LETTERED')),
  attempts integer NOT NULL DEFAULT 0 CHECK (attempts >= 0),
  next_attempt_at timestamptz NOT NULL DEFAULT now(),
  lease_owner text,
  lease_expires_at timestamptz,
  last_error_code text CHECK (last_error_code ~ '^[A-Z][A-Z0-9_]{1,63}$'),
  created_at timestamptz NOT NULL DEFAULT now(),
  published_at timestamptz,
  CHECK (envelope ->> 'event_id' = event_id::text),
  CHECK (envelope ->> 'tenant_id' = tenant_id::text),
  CHECK (envelope ->> 'aggregate_id' = aggregate_id::text),
  CHECK (envelope ->> 'event_type' = event_type)
);
CREATE INDEX outbox_event_claim_idx ON sf_consent_privacy.outbox_event (partition_key, seq) WHERE status <> 'PUBLISHED';
CREATE INDEX outbox_event_due_idx ON sf_consent_privacy.outbox_event (next_attempt_at) WHERE status = 'PENDING';
ALTER TABLE sf_consent_privacy.outbox_event ENABLE ROW LEVEL SECURITY;
ALTER TABLE sf_consent_privacy.outbox_event FORCE ROW LEVEL SECURITY;
CREATE POLICY outbox_event_tenant_insert ON sf_consent_privacy.outbox_event FOR INSERT TO sf_app
  WITH CHECK (tenant_id = sf_platform.current_tenant_id());
CREATE POLICY outbox_event_publisher ON sf_consent_privacy.outbox_event TO sf_outbox_publisher
  USING (true) WITH CHECK (true);
GRANT INSERT ON sf_consent_privacy.outbox_event TO sf_app;

-- sf:isolation sf_consent_privacy.outbox_event_platform PLATFORM_OPERATIONAL owner=CMP-030
CREATE TABLE sf_consent_privacy.outbox_event_platform (
  seq bigint GENERATED ALWAYS AS IDENTITY PRIMARY KEY,
  event_id uuid NOT NULL UNIQUE,
  topic text NOT NULL CHECK (topic ~ '^[a-zA-Z0-9._-]{3,249}$'),
  partition_key text NOT NULL CHECK (length(partition_key) BETWEEN 1 AND 200),
  event_type text NOT NULL,
  schema_version integer NOT NULL CHECK (schema_version >= 1),
  aggregate_type text NOT NULL,
  aggregate_id uuid NOT NULL,
  aggregate_version bigint NOT NULL CHECK (aggregate_version >= 0),
  envelope jsonb NOT NULL CHECK (octet_length(envelope::text) <= 262144),
  status text NOT NULL DEFAULT 'PENDING' CHECK (status IN ('PENDING', 'PUBLISHED', 'DEAD_LETTERED')),
  attempts integer NOT NULL DEFAULT 0 CHECK (attempts >= 0),
  next_attempt_at timestamptz NOT NULL DEFAULT now(),
  lease_owner text,
  lease_expires_at timestamptz,
  last_error_code text CHECK (last_error_code ~ '^[A-Z][A-Z0-9_]{1,63}$'),
  created_at timestamptz NOT NULL DEFAULT now(),
  published_at timestamptz,
  CHECK (envelope ->> 'event_id' = event_id::text),
  CHECK (jsonb_typeof(envelope -> 'tenant_id') = 'null'),
  CHECK (envelope ->> 'aggregate_id' = aggregate_id::text),
  CHECK (envelope ->> 'event_type' = event_type)
);
CREATE INDEX outbox_event_platform_claim_idx ON sf_consent_privacy.outbox_event_platform (partition_key, seq) WHERE status <> 'PUBLISHED';
CREATE INDEX outbox_event_platform_due_idx ON sf_consent_privacy.outbox_event_platform (next_attempt_at) WHERE status = 'PENDING';
GRANT INSERT ON sf_consent_privacy.outbox_event_platform TO sf_app;

GRANT USAGE ON SCHEMA sf_consent_privacy TO sf_outbox_publisher;
GRANT SELECT, DELETE ON sf_consent_privacy.outbox_event, sf_consent_privacy.outbox_event_platform TO sf_outbox_publisher;
GRANT UPDATE (status, attempts, next_attempt_at, lease_owner, lease_expires_at, last_error_code, published_at)
  ON sf_consent_privacy.outbox_event, sf_consent_privacy.outbox_event_platform TO sf_outbox_publisher;

-- sf:isolation sf_consent_privacy.inbox_event TENANT_SCOPED owner=CMP-030
CREATE TABLE sf_consent_privacy.inbox_event (
  consumer_group text NOT NULL CHECK (consumer_group ~ '^[a-z0-9][a-z0-9._-]{0,99}$'),
  event_id uuid NOT NULL,
  tenant_id uuid NOT NULL,
  processed_at timestamptz NOT NULL DEFAULT now(),
  PRIMARY KEY (consumer_group, event_id)
);
ALTER TABLE sf_consent_privacy.inbox_event ENABLE ROW LEVEL SECURITY;
ALTER TABLE sf_consent_privacy.inbox_event FORCE ROW LEVEL SECURITY;
CREATE POLICY inbox_event_tenant ON sf_consent_privacy.inbox_event TO sf_app
  USING (tenant_id = sf_platform.current_tenant_id())
  WITH CHECK (tenant_id = sf_platform.current_tenant_id());
GRANT SELECT, INSERT ON sf_consent_privacy.inbox_event TO sf_app;

-- sf:isolation sf_consent_privacy.inbox_event_platform PLATFORM_OPERATIONAL owner=CMP-030
CREATE TABLE sf_consent_privacy.inbox_event_platform (
  consumer_group text NOT NULL CHECK (consumer_group ~ '^[a-z0-9][a-z0-9._-]{0,99}$'),
  event_id uuid NOT NULL,
  processed_at timestamptz NOT NULL DEFAULT now(),
  PRIMARY KEY (consumer_group, event_id)
);
GRANT SELECT, INSERT ON sf_consent_privacy.inbox_event_platform TO sf_app;

-- Outside frozen SF-CON-OUTBOX template body (columns/policies/grants above unchanged).
-- ADR-0006 #5: authoritative tables owned by sf_migrator, not the migrate LOGIN.
ALTER TABLE sf_consent_privacy.outbox_event OWNER TO sf_migrator;
ALTER TABLE sf_consent_privacy.outbox_event_platform OWNER TO sf_migrator;
ALTER TABLE sf_consent_privacy.inbox_event OWNER TO sf_migrator;
ALTER TABLE sf_consent_privacy.inbox_event_platform OWNER TO sf_migrator;
;
INSERT INTO "public"."sf_schema_migrations" (name, run_on) VALUES ('1759500700001_cmp-030-outbox', NOW());


### MIGRATION 1759500800000_cmp-004-identity-access (UP) ###

-- Up Migration

DO $$
BEGIN
  IF NOT EXISTS (SELECT 1 FROM pg_roles WHERE rolname = 'sf_migrator') THEN
    CREATE ROLE sf_migrator NOLOGIN NOSUPERUSER NOCREATEDB NOCREATEROLE NOINHERIT NOBYPASSRLS;
  END IF;
END
$$;
COMMENT ON ROLE sf_migrator IS 'Deployment/migration role. Owns authoritative schemas/tables. Never a runtime login.';

DO $$
BEGIN
  IF NOT EXISTS (SELECT 1 FROM pg_roles WHERE rolname = 'sf_cmp004_rw') THEN
    CREATE ROLE sf_cmp004_rw NOLOGIN NOSUPERUSER NOCREATEDB NOCREATEROLE NOINHERIT NOBYPASSRLS;
  END IF;
END
$$;
COMMENT ON ROLE sf_cmp004_rw IS 'CMP-004 privilege role (ADR-0006). NOLOGIN. Holds DML on sf_identity business tables.';

CREATE SCHEMA sf_identity AUTHORIZATION sf_migrator;
COMMENT ON SCHEMA sf_identity IS 'isolation_class=mixed; owner=CMP-004; Identity and access';

REVOKE ALL ON SCHEMA sf_identity FROM PUBLIC;
GRANT USAGE ON SCHEMA sf_identity TO sf_cmp004_rw;

ALTER DEFAULT PRIVILEGES FOR ROLE sf_migrator IN SCHEMA sf_identity REVOKE ALL ON TABLES FROM PUBLIC;
ALTER DEFAULT PRIVILEGES FOR ROLE sf_migrator IN SCHEMA sf_identity REVOKE ALL ON SEQUENCES FROM PUBLIC;
ALTER DEFAULT PRIVILEGES FOR ROLE sf_migrator IN SCHEMA sf_identity REVOKE ALL ON FUNCTIONS FROM PUBLIC;

-- sf:isolation sf_identity.citizen_principal CITIZEN_PRIVATE owner=CMP-004
CREATE TABLE sf_identity.citizen_principal (
  citizen_id uuid NOT NULL PRIMARY KEY,
  channel_hash text NOT NULL UNIQUE CHECK (channel_hash ~ '^[0-9a-f]{64}$'),
  status text NOT NULL CHECK (status IN ('ACTIVE', 'LOCKED')),
  created_at timestamptz NOT NULL DEFAULT now(),
  updated_at timestamptz NOT NULL DEFAULT now()
);
ALTER TABLE sf_identity.citizen_principal OWNER TO sf_migrator;

-- sf:isolation sf_identity.citizen_otp_challenge CITIZEN_PRIVATE owner=CMP-004
CREATE TABLE sf_identity.citizen_otp_challenge (
  challenge_id uuid NOT NULL PRIMARY KEY,
  citizen_id uuid NOT NULL REFERENCES sf_identity.citizen_principal (citizen_id),
  channel_hash text NOT NULL CHECK (channel_hash ~ '^[0-9a-f]{64}$'),
  purpose text NOT NULL CHECK (purpose IN ('AUTH', 'RECOVERY')),
  code_hash text NOT NULL CHECK (code_hash ~ '^[0-9a-f]{64}$'),
  status text NOT NULL CHECK (status IN ('PENDING', 'VERIFIED', 'EXPIRED', 'LOCKED')),
  attempts integer NOT NULL DEFAULT 0 CHECK (attempts >= 0),
  max_attempts integer NOT NULL DEFAULT 5 CHECK (max_attempts BETWEEN 1 AND 10),
  expires_at timestamptz NOT NULL,
  simulation jsonb NOT NULL,
  created_at timestamptz NOT NULL DEFAULT now()
);
CREATE INDEX citizen_otp_challenge_citizen_idx ON sf_identity.citizen_otp_challenge (citizen_id, created_at DESC);
ALTER TABLE sf_identity.citizen_otp_challenge OWNER TO sf_migrator;

-- sf:isolation sf_identity.citizen_session CITIZEN_PRIVATE owner=CMP-004
CREATE TABLE sf_identity.citizen_session (
  session_id uuid NOT NULL PRIMARY KEY,
  citizen_id uuid NOT NULL REFERENCES sf_identity.citizen_principal (citizen_id),
  token_hash text NOT NULL UNIQUE CHECK (token_hash ~ '^[0-9a-f]{64}$'),
  status text NOT NULL CHECK (status IN ('ACTIVE', 'REVOKED', 'EXPIRED')),
  assurance text NOT NULL CHECK (assurance IN ('OTP', 'MFA')),
  expires_at timestamptz NOT NULL,
  created_at timestamptz NOT NULL DEFAULT now(),
  revoked_at timestamptz
);
CREATE INDEX citizen_session_citizen_idx ON sf_identity.citizen_session (citizen_id, created_at DESC);
ALTER TABLE sf_identity.citizen_session OWNER TO sf_migrator;

-- sf:isolation sf_identity.identity_link CITIZEN_PRIVATE owner=CMP-004
CREATE TABLE sf_identity.identity_link (
  link_id uuid NOT NULL PRIMARY KEY,
  citizen_id uuid NOT NULL REFERENCES sf_identity.citizen_principal (citizen_id),
  method text NOT NULL CHECK (method IN ('OTP', 'DIGILOCKER', 'IDP')),
  subject_hash text NOT NULL CHECK (subject_hash ~ '^[0-9a-f]{64}$'),
  status text NOT NULL CHECK (status IN ('ACTIVE', 'REVOKED')),
  simulation jsonb,
  created_at timestamptz NOT NULL DEFAULT now(),
  UNIQUE (citizen_id, method, subject_hash)
);
ALTER TABLE sf_identity.identity_link OWNER TO sf_migrator;

-- sf:isolation sf_identity.account_recovery CITIZEN_PRIVATE owner=CMP-004
CREATE TABLE sf_identity.account_recovery (
  recovery_id uuid NOT NULL PRIMARY KEY,
  citizen_id uuid NOT NULL REFERENCES sf_identity.citizen_principal (citizen_id),
  challenge_id uuid NOT NULL REFERENCES sf_identity.citizen_otp_challenge (challenge_id),
  status text NOT NULL CHECK (status IN ('PENDING', 'COMPLETED', 'EXPIRED', 'CANCELLED')),
  expires_at timestamptz NOT NULL,
  created_at timestamptz NOT NULL DEFAULT now(),
  completed_at timestamptz
);
ALTER TABLE sf_identity.account_recovery OWNER TO sf_migrator;

-- sf:isolation sf_identity.session_lookup PLATFORM_OPERATIONAL owner=CMP-004
CREATE TABLE sf_identity.session_lookup (
  token_hash text NOT NULL PRIMARY KEY CHECK (token_hash ~ '^[0-9a-f]{64}$'),
  session_id uuid NOT NULL,
  actor_type text NOT NULL CHECK (actor_type IN ('CITIZEN', 'OFFICER')),
  subject_id uuid NOT NULL,
  tenant_id uuid,
  assurance text NOT NULL CHECK (assurance IN ('OTP', 'PASSWORD', 'MFA', 'WORKLOAD_IDENTITY')),
  status text NOT NULL CHECK (status IN ('ACTIVE', 'REVOKED', 'EXPIRED')),
  expires_at timestamptz NOT NULL,
  CHECK (
    (actor_type = 'CITIZEN' AND tenant_id IS NULL)
    OR (actor_type = 'OFFICER' AND tenant_id IS NOT NULL)
  )
);
ALTER TABLE sf_identity.session_lookup OWNER TO sf_migrator;

-- sf:isolation sf_identity.officer_principal TENANT_SCOPED owner=CMP-004
CREATE TABLE sf_identity.officer_principal (
  tenant_id uuid NOT NULL,
  officer_id uuid NOT NULL,
  idp_subject_hash text NOT NULL CHECK (idp_subject_hash ~ '^[0-9a-f]{64}$'),
  status text NOT NULL CHECK (status IN ('ACTIVE', 'DISABLED')),
  organisation_id uuid,
  office_id uuid,
  created_at timestamptz NOT NULL DEFAULT now(),
  updated_at timestamptz NOT NULL DEFAULT now(),
  PRIMARY KEY (tenant_id, officer_id),
  UNIQUE (tenant_id, idp_subject_hash)
);
ALTER TABLE sf_identity.officer_principal ENABLE ROW LEVEL SECURITY;
ALTER TABLE sf_identity.officer_principal FORCE ROW LEVEL SECURITY;
CREATE POLICY officer_principal_isolation ON sf_identity.officer_principal TO sf_app
  USING (tenant_id = sf_platform.current_tenant_id())
  WITH CHECK (tenant_id = sf_platform.current_tenant_id());
ALTER TABLE sf_identity.officer_principal OWNER TO sf_migrator;

-- sf:isolation sf_identity.officer_session TENANT_SCOPED owner=CMP-004
CREATE TABLE sf_identity.officer_session (
  tenant_id uuid NOT NULL,
  session_id uuid NOT NULL,
  officer_id uuid NOT NULL,
  token_hash text NOT NULL CHECK (token_hash ~ '^[0-9a-f]{64}$'),
  status text NOT NULL CHECK (status IN ('ACTIVE', 'REVOKED', 'EXPIRED')),
  assurance text NOT NULL CHECK (assurance IN ('PASSWORD', 'MFA', 'WORKLOAD_IDENTITY')),
  role_codes text[] NOT NULL DEFAULT '{}',
  expires_at timestamptz NOT NULL,
  created_at timestamptz NOT NULL DEFAULT now(),
  revoked_at timestamptz,
  PRIMARY KEY (tenant_id, session_id),
  UNIQUE (tenant_id, token_hash),
  FOREIGN KEY (tenant_id, officer_id) REFERENCES sf_identity.officer_principal (tenant_id, officer_id)
);
CREATE INDEX officer_session_officer_idx ON sf_identity.officer_session (tenant_id, officer_id, created_at DESC);
ALTER TABLE sf_identity.officer_session ENABLE ROW LEVEL SECURITY;
ALTER TABLE sf_identity.officer_session FORCE ROW LEVEL SECURITY;
CREATE POLICY officer_session_isolation ON sf_identity.officer_session TO sf_app
  USING (tenant_id = sf_platform.current_tenant_id())
  WITH CHECK (tenant_id = sf_platform.current_tenant_id());
ALTER TABLE sf_identity.officer_session OWNER TO sf_migrator;

-- sf:isolation sf_identity.idempotency_record TENANT_SCOPED owner=CMP-004
CREATE TABLE sf_identity.idempotency_record (
  tenant_id uuid NOT NULL,
  principal_id uuid NOT NULL,
  endpoint text NOT NULL,
  idempotency_key text NOT NULL,
  request_fingerprint text NOT NULL CHECK (request_fingerprint ~ '^sha256:[0-9a-f]{64}$'),
  status text NOT NULL CHECK (status IN ('IN_PROGRESS', 'COMPLETED', 'FAILED')),
  response_ref text,
  response_status integer,
  response_body jsonb,
  created_at timestamptz NOT NULL DEFAULT now(),
  expires_at timestamptz NOT NULL,
  PRIMARY KEY (tenant_id, principal_id, endpoint, idempotency_key)
);
ALTER TABLE sf_identity.idempotency_record ENABLE ROW LEVEL SECURITY;
ALTER TABLE sf_identity.idempotency_record FORCE ROW LEVEL SECURITY;
CREATE POLICY idempotency_record_isolation ON sf_identity.idempotency_record TO sf_app
  USING (tenant_id = sf_platform.current_tenant_id())
  WITH CHECK (tenant_id = sf_platform.current_tenant_id());
ALTER TABLE sf_identity.idempotency_record OWNER TO sf_migrator;

-- sf:isolation sf_identity.idempotency_record_platform PLATFORM_OPERATIONAL owner=CMP-004
CREATE TABLE sf_identity.idempotency_record_platform (
  principal_id uuid NOT NULL,
  endpoint text NOT NULL,
  idempotency_key text NOT NULL,
  request_fingerprint text NOT NULL CHECK (request_fingerprint ~ '^sha256:[0-9a-f]{64}$'),
  status text NOT NULL CHECK (status IN ('IN_PROGRESS', 'COMPLETED', 'FAILED')),
  response_ref text,
  response_status integer,
  response_body jsonb,
  created_at timestamptz NOT NULL DEFAULT now(),
  expires_at timestamptz NOT NULL,
  PRIMARY KEY (principal_id, endpoint, idempotency_key)
);
ALTER TABLE sf_identity.idempotency_record_platform OWNER TO sf_migrator;

REVOKE ALL ON ALL TABLES IN SCHEMA sf_identity FROM PUBLIC;
REVOKE ALL ON ALL SEQUENCES IN SCHEMA sf_identity FROM PUBLIC;
REVOKE ALL ON ALL FUNCTIONS IN SCHEMA sf_identity FROM PUBLIC;

GRANT SELECT, INSERT, UPDATE (status, updated_at) ON sf_identity.citizen_principal TO sf_cmp004_rw;
GRANT SELECT, INSERT, UPDATE (status, attempts) ON sf_identity.citizen_otp_challenge TO sf_cmp004_rw;
GRANT SELECT, INSERT, UPDATE (status, revoked_at) ON sf_identity.citizen_session TO sf_cmp004_rw;
GRANT SELECT, INSERT, UPDATE (status) ON sf_identity.identity_link TO sf_cmp004_rw;
GRANT SELECT, INSERT, UPDATE (status, completed_at) ON sf_identity.account_recovery TO sf_cmp004_rw;
GRANT SELECT, INSERT, UPDATE (status) ON sf_identity.session_lookup TO sf_cmp004_rw;
GRANT SELECT, INSERT, UPDATE (status, organisation_id, office_id, updated_at) ON sf_identity.officer_principal TO sf_cmp004_rw;
GRANT SELECT, INSERT, UPDATE (status, revoked_at) ON sf_identity.officer_session TO sf_cmp004_rw;
GRANT SELECT, INSERT, DELETE, UPDATE (status, response_ref, response_status, response_body) ON sf_identity.idempotency_record TO sf_cmp004_rw;
GRANT SELECT, INSERT, DELETE, UPDATE (status, response_ref, response_status, response_body) ON sf_identity.idempotency_record_platform TO sf_cmp004_rw;

ALTER TABLE sf_identity.officer_principal ALTER COLUMN idp_subject_hash SET STATISTICS 0;
ALTER TABLE sf_identity.officer_session ALTER COLUMN token_hash SET STATISTICS 0;
;
INSERT INTO "public"."sf_schema_migrations" (name, run_on) VALUES ('1759500800000_cmp-004-identity-access', NOW());


### MIGRATION 1759500800000_cmp-005-citizen-profile (UP) ###

-- Up Migration

DO $$
BEGIN
  IF NOT EXISTS (SELECT 1 FROM pg_roles WHERE rolname = 'sf_migrator') THEN
    CREATE ROLE sf_migrator NOLOGIN NOSUPERUSER NOCREATEDB NOCREATEROLE NOINHERIT NOBYPASSRLS;
  END IF;
END
$$;
COMMENT ON ROLE sf_migrator IS 'Deployment/migration role. Owns authoritative schemas/tables. Never a runtime login.';

DO $$
BEGIN
  IF NOT EXISTS (SELECT 1 FROM pg_roles WHERE rolname = 'sf_cmp005_rw') THEN
    CREATE ROLE sf_cmp005_rw NOLOGIN NOSUPERUSER NOCREATEDB NOCREATEROLE NOINHERIT NOBYPASSRLS;
  END IF;
END
$$;
COMMENT ON ROLE sf_cmp005_rw IS 'CMP-005 privilege role (ADR-0006). NOLOGIN. Holds DML on sf_citizen_profile business tables.';

CREATE SCHEMA sf_citizen_profile AUTHORIZATION sf_migrator;
COMMENT ON SCHEMA sf_citizen_profile IS 'isolation_class=mixed; owner=CMP-005; Citizen profile and verified-claim provenance';

REVOKE ALL ON SCHEMA sf_citizen_profile FROM PUBLIC;
GRANT USAGE ON SCHEMA sf_citizen_profile TO sf_cmp005_rw;

ALTER DEFAULT PRIVILEGES FOR ROLE sf_migrator IN SCHEMA sf_citizen_profile REVOKE ALL ON TABLES FROM PUBLIC;
ALTER DEFAULT PRIVILEGES FOR ROLE sf_migrator IN SCHEMA sf_citizen_profile REVOKE ALL ON SEQUENCES FROM PUBLIC;
ALTER DEFAULT PRIVILEGES FOR ROLE sf_migrator IN SCHEMA sf_citizen_profile REVOKE ALL ON FUNCTIONS FROM PUBLIC;

-- sf:isolation sf_citizen_profile.claim_definition GLOBAL owner=CMP-005
CREATE TABLE sf_citizen_profile.claim_definition (
  section_code text NOT NULL CHECK (section_code IN ('IDENTITY', 'ADDRESS', 'FAMILY', 'OCCUPATION')),
  claim_code text NOT NULL CHECK (claim_code ~ '^[A-Z][A-Z0-9_]{1,63}$'),
  value_kind text NOT NULL CHECK (value_kind IN ('STRING')),
  PRIMARY KEY (section_code, claim_code)
);
ALTER TABLE sf_citizen_profile.claim_definition OWNER TO sf_migrator;
INSERT INTO sf_citizen_profile.claim_definition (section_code, claim_code, value_kind) VALUES
  ('IDENTITY', 'DISPLAY_NAME', 'STRING'),
  ('IDENTITY', 'GIVEN_NAME', 'STRING'),
  ('IDENTITY', 'FAMILY_NAME', 'STRING'),
  ('IDENTITY', 'CONTACT_EMAIL', 'STRING'),
  ('IDENTITY', 'CONTACT_PHONE', 'STRING'),
  ('ADDRESS', 'ADDRESS_LINE', 'STRING'),
  ('ADDRESS', 'LOCALITY', 'STRING'),
  ('ADDRESS', 'ADMIN_AREA', 'STRING'),
  ('ADDRESS', 'POSTAL_CODE', 'STRING'),
  ('ADDRESS', 'COUNTRY_CODE', 'STRING'),
  ('FAMILY', 'MEMBER_DISPLAY_NAME', 'STRING'),
  ('OCCUPATION', 'OCCUPATION_TITLE', 'STRING'),
  ('OCCUPATION', 'EMPLOYER_NAME', 'STRING');

-- sf:isolation sf_citizen_profile.citizen_profile CITIZEN_PRIVATE owner=CMP-005
CREATE TABLE sf_citizen_profile.citizen_profile (
  tenant_id uuid NOT NULL,
  profile_id uuid NOT NULL,
  subject_id uuid NOT NULL,
  status text NOT NULL CHECK (status IN ('ACTIVE')),
  version bigint NOT NULL DEFAULT 1 CHECK (version >= 1),
  created_at timestamptz NOT NULL DEFAULT now(),
  created_by uuid NOT NULL,
  updated_at timestamptz NOT NULL DEFAULT now(),
  PRIMARY KEY (tenant_id, profile_id),
  UNIQUE (tenant_id, subject_id)
);
ALTER TABLE sf_citizen_profile.citizen_profile ENABLE ROW LEVEL SECURITY;
ALTER TABLE sf_citizen_profile.citizen_profile FORCE ROW LEVEL SECURITY;
CREATE POLICY citizen_profile_isolation ON sf_citizen_profile.citizen_profile TO sf_app
  USING (tenant_id = sf_platform.current_tenant_id())
  WITH CHECK (tenant_id = sf_platform.current_tenant_id());
ALTER TABLE sf_citizen_profile.citizen_profile OWNER TO sf_migrator;

-- sf:isolation sf_citizen_profile.profile_claim CITIZEN_PRIVATE owner=CMP-005
CREATE TABLE sf_citizen_profile.profile_claim (
  tenant_id uuid NOT NULL,
  claim_id uuid NOT NULL,
  profile_id uuid NOT NULL,
  subject_id uuid NOT NULL,
  section_code text NOT NULL CHECK (section_code IN ('IDENTITY', 'ADDRESS', 'FAMILY', 'OCCUPATION')),
  claim_code text NOT NULL CHECK (claim_code ~ '^[A-Z][A-Z0-9_]{1,63}$'),
  value_sha256 text NOT NULL CHECK (value_sha256 ~ '^sha256:[0-9a-f]{64}$'),
  value_text text NOT NULL CHECK (char_length(value_text) BETWEEN 1 AND 500),
  source_kind text NOT NULL CHECK (source_kind IN ('SELF', 'OFFICER', 'CONNECTOR')),
  connector_type text CHECK (connector_type IS NULL OR connector_type = 'DIGILOCKER'),
  verification_status text NOT NULL CHECK (verification_status IN ('UNVERIFIED', 'VERIFIED', 'STALE', 'REVOKED')),
  purpose_code text NOT NULL CHECK (purpose_code ~ '^[A-Z][A-Z0-9_]{1,63}$'),
  source_ref text CHECK (source_ref IS NULL OR char_length(source_ref) BETWEEN 1 AND 200),
  verified_at timestamptz,
  expires_at timestamptz,
  simulation jsonb,
  version bigint NOT NULL DEFAULT 1 CHECK (version >= 1),
  created_at timestamptz NOT NULL DEFAULT now(),
  updated_at timestamptz NOT NULL DEFAULT now(),
  PRIMARY KEY (tenant_id, claim_id),
  UNIQUE (tenant_id, profile_id, section_code, claim_code),
  FOREIGN KEY (tenant_id, profile_id) REFERENCES sf_citizen_profile.citizen_profile (tenant_id, profile_id),
  FOREIGN KEY (section_code, claim_code) REFERENCES sf_citizen_profile.claim_definition (section_code, claim_code),
  CHECK (
    (source_kind = 'CONNECTOR' AND connector_type IS NOT NULL)
    OR (source_kind <> 'CONNECTOR' AND connector_type IS NULL)
  ),
  CHECK (
    (verification_status = 'VERIFIED' AND verified_at IS NOT NULL)
    OR (verification_status <> 'VERIFIED' AND verified_at IS NULL)
  ),
  CHECK (simulation IS NULL OR (simulation ->> 'simulation') = 'true')
);
CREATE INDEX profile_claim_subject_idx
  ON sf_citizen_profile.profile_claim (tenant_id, subject_id, section_code);
ALTER TABLE sf_citizen_profile.profile_claim ENABLE ROW LEVEL SECURITY;
ALTER TABLE sf_citizen_profile.profile_claim FORCE ROW LEVEL SECURITY;
CREATE POLICY profile_claim_isolation ON sf_citizen_profile.profile_claim TO sf_app
  USING (tenant_id = sf_platform.current_tenant_id())
  WITH CHECK (tenant_id = sf_platform.current_tenant_id());
ALTER TABLE sf_citizen_profile.profile_claim OWNER TO sf_migrator;

-- sf:isolation sf_citizen_profile.idempotency_record TENANT_SCOPED owner=CMP-005
CREATE TABLE sf_citizen_profile.idempotency_record (
  tenant_id uuid NOT NULL,
  principal_id uuid NOT NULL,
  endpoint text NOT NULL,
  idempotency_key text NOT NULL,
  request_fingerprint text NOT NULL CHECK (request_fingerprint ~ '^sha256:[0-9a-f]{64}$'),
  status text NOT NULL CHECK (status IN ('IN_PROGRESS', 'COMPLETED', 'FAILED')),
  response_ref text,
  response_status integer,
  response_body jsonb,
  created_at timestamptz NOT NULL DEFAULT now(),
  expires_at timestamptz NOT NULL,
  PRIMARY KEY (tenant_id, principal_id, endpoint, idempotency_key)
);
ALTER TABLE sf_citizen_profile.idempotency_record ENABLE ROW LEVEL SECURITY;
ALTER TABLE sf_citizen_profile.idempotency_record FORCE ROW LEVEL SECURITY;
CREATE POLICY idempotency_record_isolation ON sf_citizen_profile.idempotency_record TO sf_app
  USING (tenant_id = sf_platform.current_tenant_id())
  WITH CHECK (tenant_id = sf_platform.current_tenant_id());
ALTER TABLE sf_citizen_profile.idempotency_record OWNER TO sf_migrator;

-- sf:isolation sf_citizen_profile.idempotency_record_platform PLATFORM_OPERATIONAL owner=CMP-005
CREATE TABLE sf_citizen_profile.idempotency_record_platform (
  principal_id uuid NOT NULL,
  endpoint text NOT NULL,
  idempotency_key text NOT NULL,
  request_fingerprint text NOT NULL CHECK (request_fingerprint ~ '^sha256:[0-9a-f]{64}$'),
  status text NOT NULL CHECK (status IN ('IN_PROGRESS', 'COMPLETED', 'FAILED')),
  response_ref text,
  response_status integer,
  response_body jsonb,
  created_at timestamptz NOT NULL DEFAULT now(),
  expires_at timestamptz NOT NULL,
  PRIMARY KEY (principal_id, endpoint, idempotency_key)
);
ALTER TABLE sf_citizen_profile.idempotency_record_platform ENABLE ROW LEVEL SECURITY;
ALTER TABLE sf_citizen_profile.idempotency_record_platform FORCE ROW LEVEL SECURITY;
CREATE POLICY idempotency_record_platform_actor ON sf_citizen_profile.idempotency_record_platform TO sf_app
  USING (principal_id = sf_platform.current_actor_id())
  WITH CHECK (principal_id = sf_platform.current_actor_id());
ALTER TABLE sf_citizen_profile.idempotency_record_platform OWNER TO sf_migrator;

CREATE FUNCTION sf_citizen_profile.enforce_verified_claim_machine()
RETURNS trigger
LANGUAGE plpgsql
SET search_path = sf_citizen_profile, pg_temp
AS $$
BEGIN
  IF TG_OP = 'DELETE' THEN
    RAISE EXCEPTION 'profile claim delete is not permitted' USING ERRCODE = '42501';
  END IF;
  IF TG_OP = 'UPDATE' THEN
    IF OLD.tenant_id IS DISTINCT FROM NEW.tenant_id
       OR OLD.claim_id IS DISTINCT FROM NEW.claim_id
       OR OLD.profile_id IS DISTINCT FROM NEW.profile_id
       OR OLD.subject_id IS DISTINCT FROM NEW.subject_id
       OR OLD.section_code IS DISTINCT FROM NEW.section_code
       OR OLD.claim_code IS DISTINCT FROM NEW.claim_code THEN
      RAISE EXCEPTION 'profile claim identity fields are immutable' USING ERRCODE = '42501';
    END IF;
    IF OLD.verification_status = 'VERIFIED'
       AND NEW.verification_status = 'UNVERIFIED' THEN
      RAISE EXCEPTION 'verified claim cannot be downgraded to UNVERIFIED' USING ERRCODE = '42501';
    END IF;
  END IF;
  RETURN NEW;
END;
$$;

CREATE TRIGGER profile_claim_machine
  BEFORE INSERT OR UPDATE OR DELETE ON sf_citizen_profile.profile_claim
  FOR EACH ROW
  EXECUTE FUNCTION sf_citizen_profile.enforce_verified_claim_machine();
ALTER FUNCTION sf_citizen_profile.enforce_verified_claim_machine() OWNER TO sf_migrator;

REVOKE ALL ON ALL TABLES IN SCHEMA sf_citizen_profile FROM PUBLIC;
REVOKE ALL ON ALL SEQUENCES IN SCHEMA sf_citizen_profile FROM PUBLIC;
REVOKE ALL ON ALL FUNCTIONS IN SCHEMA sf_citizen_profile FROM PUBLIC;

GRANT SELECT ON sf_citizen_profile.claim_definition TO sf_cmp005_rw;
GRANT SELECT, INSERT, UPDATE (status, version, updated_at) ON sf_citizen_profile.citizen_profile TO sf_cmp005_rw;
GRANT SELECT, INSERT, UPDATE (
  value_sha256, value_text, source_kind, connector_type, verification_status,
  purpose_code, source_ref, verified_at, expires_at, simulation, version, updated_at
) ON sf_citizen_profile.profile_claim TO sf_cmp005_rw;
GRANT SELECT, INSERT, DELETE, UPDATE (status, response_ref, response_status, response_body)
  ON sf_citizen_profile.idempotency_record TO sf_cmp005_rw;
GRANT SELECT, INSERT, DELETE, UPDATE (status, response_ref, response_status, response_body)
  ON sf_citizen_profile.idempotency_record_platform TO sf_cmp005_rw;
GRANT EXECUTE ON FUNCTION sf_citizen_profile.enforce_verified_claim_machine() TO sf_cmp005_rw;

ALTER TABLE sf_citizen_profile.profile_claim ALTER COLUMN value_text SET STATISTICS 0;
;
INSERT INTO "public"."sf_schema_migrations" (name, run_on) VALUES ('1759500800000_cmp-005-citizen-profile', NOW());


### MIGRATION 1759500800000_cmp-053-localization (UP) ###

-- Up Migration

DO $$
BEGIN
  IF NOT EXISTS (SELECT 1 FROM pg_roles WHERE rolname = 'sf_migrator') THEN
    CREATE ROLE sf_migrator NOLOGIN NOSUPERUSER NOCREATEDB NOCREATEROLE NOINHERIT NOBYPASSRLS;
  END IF;
END
$$;
COMMENT ON ROLE sf_migrator IS 'Deployment/migration role. Owns authoritative schemas/tables. Never a runtime login.';

DO $$
BEGIN
  IF NOT EXISTS (SELECT 1 FROM pg_roles WHERE rolname = 'sf_cmp053_rw') THEN
    CREATE ROLE sf_cmp053_rw NOLOGIN NOSUPERUSER NOCREATEDB NOCREATEROLE NOINHERIT NOBYPASSRLS;
  END IF;
END
$$;
COMMENT ON ROLE sf_cmp053_rw IS 'CMP-053 privilege role (ADR-0006). NOLOGIN. Holds DML on sf_localization business tables.';

CREATE SCHEMA sf_localization AUTHORIZATION sf_migrator;
COMMENT ON SCHEMA sf_localization IS 'isolation_class=TENANT_SCOPED; owner=CMP-053; Locale catalogs fallback and format profiles';

REVOKE ALL ON SCHEMA sf_localization FROM PUBLIC;
GRANT USAGE ON SCHEMA sf_localization TO sf_cmp053_rw;

ALTER DEFAULT PRIVILEGES FOR ROLE sf_migrator IN SCHEMA sf_localization REVOKE ALL ON TABLES FROM PUBLIC;
ALTER DEFAULT PRIVILEGES FOR ROLE sf_migrator IN SCHEMA sf_localization REVOKE ALL ON SEQUENCES FROM PUBLIC;
ALTER DEFAULT PRIVILEGES FOR ROLE sf_migrator IN SCHEMA sf_localization REVOKE ALL ON FUNCTIONS FROM PUBLIC;

-- sf:isolation sf_localization.locale TENANT_SCOPED owner=CMP-053
CREATE TABLE sf_localization.locale (
  tenant_id uuid NOT NULL,
  locale_id uuid NOT NULL,
  locale_tag text NOT NULL CHECK (locale_tag ~ '^[a-z]{2,3}(-[A-Za-z0-9]{2,8}){0,4}$'),
  fallback_tag text CHECK (fallback_tag IS NULL OR fallback_tag ~ '^[a-z]{2,3}(-[A-Za-z0-9]{2,8}){0,4}$'),
  is_default boolean NOT NULL DEFAULT false,
  status text NOT NULL CHECK (status IN ('ACTIVE', 'RETIRED')),
  created_at timestamptz NOT NULL DEFAULT now(),
  created_by uuid NOT NULL,
  PRIMARY KEY (tenant_id, locale_id),
  UNIQUE (tenant_id, locale_tag),
  CHECK (fallback_tag IS NULL OR fallback_tag <> locale_tag)
);
CREATE UNIQUE INDEX locale_default_idx
  ON sf_localization.locale (tenant_id) WHERE is_default;
ALTER TABLE sf_localization.locale ENABLE ROW LEVEL SECURITY;
ALTER TABLE sf_localization.locale FORCE ROW LEVEL SECURITY;
CREATE POLICY locale_isolation ON sf_localization.locale TO sf_app
  USING (tenant_id = sf_platform.current_tenant_id())
  WITH CHECK (tenant_id = sf_platform.current_tenant_id());
ALTER TABLE sf_localization.locale OWNER TO sf_migrator;

-- sf:isolation sf_localization.format_profile TENANT_SCOPED owner=CMP-053
CREATE TABLE sf_localization.format_profile (
  tenant_id uuid NOT NULL,
  locale_id uuid NOT NULL,
  date_skeleton text NOT NULL CHECK (char_length(date_skeleton) BETWEEN 1 AND 32),
  time_skeleton text NOT NULL CHECK (char_length(time_skeleton) BETWEEN 1 AND 32),
  decimal_separator text NOT NULL CHECK (char_length(decimal_separator) = 1),
  group_separator text NOT NULL CHECK (char_length(group_separator) BETWEEN 1 AND 2),
  created_at timestamptz NOT NULL DEFAULT now(),
  created_by uuid NOT NULL,
  updated_at timestamptz NOT NULL DEFAULT now(),
  PRIMARY KEY (tenant_id, locale_id),
  FOREIGN KEY (tenant_id, locale_id)
    REFERENCES sf_localization.locale (tenant_id, locale_id)
);
ALTER TABLE sf_localization.format_profile ENABLE ROW LEVEL SECURITY;
ALTER TABLE sf_localization.format_profile FORCE ROW LEVEL SECURITY;
CREATE POLICY format_profile_isolation ON sf_localization.format_profile TO sf_app
  USING (tenant_id = sf_platform.current_tenant_id())
  WITH CHECK (tenant_id = sf_platform.current_tenant_id());
ALTER TABLE sf_localization.format_profile OWNER TO sf_migrator;

-- sf:isolation sf_localization.catalog TENANT_SCOPED owner=CMP-053
CREATE TABLE sf_localization.catalog (
  tenant_id uuid NOT NULL,
  catalog_id uuid NOT NULL,
  catalog_code text NOT NULL CHECK (catalog_code ~ '^[A-Z][A-Z0-9_]{1,63}$'),
  created_at timestamptz NOT NULL DEFAULT now(),
  created_by uuid NOT NULL,
  PRIMARY KEY (tenant_id, catalog_id),
  UNIQUE (tenant_id, catalog_code)
);
ALTER TABLE sf_localization.catalog ENABLE ROW LEVEL SECURITY;
ALTER TABLE sf_localization.catalog FORCE ROW LEVEL SECURITY;
CREATE POLICY catalog_isolation ON sf_localization.catalog TO sf_app
  USING (tenant_id = sf_platform.current_tenant_id())
  WITH CHECK (tenant_id = sf_platform.current_tenant_id());
ALTER TABLE sf_localization.catalog OWNER TO sf_migrator;

-- sf:isolation sf_localization.catalog_version TENANT_SCOPED owner=CMP-053
CREATE TABLE sf_localization.catalog_version (
  tenant_id uuid NOT NULL,
  catalog_id uuid NOT NULL,
  version_no bigint NOT NULL CHECK (version_no >= 1),
  status text NOT NULL CHECK (status IN ('DRAFT', 'PUBLISHED', 'RETIRED')),
  content_hash text CHECK (content_hash IS NULL OR content_hash ~ '^sha256:[0-9a-f]{64}$'),
  published_at timestamptz,
  created_by uuid NOT NULL,
  created_at timestamptz NOT NULL DEFAULT now(),
  PRIMARY KEY (tenant_id, catalog_id, version_no),
  FOREIGN KEY (tenant_id, catalog_id)
    REFERENCES sf_localization.catalog (tenant_id, catalog_id),
  CHECK (
    (status = 'DRAFT' AND published_at IS NULL AND content_hash IS NULL)
    OR (status IN ('PUBLISHED', 'RETIRED') AND published_at IS NOT NULL AND content_hash IS NOT NULL)
  )
);
CREATE INDEX catalog_version_status_idx
  ON sf_localization.catalog_version (tenant_id, catalog_id, status, version_no DESC);
ALTER TABLE sf_localization.catalog_version ENABLE ROW LEVEL SECURITY;
ALTER TABLE sf_localization.catalog_version FORCE ROW LEVEL SECURITY;
CREATE POLICY catalog_version_isolation ON sf_localization.catalog_version TO sf_app
  USING (tenant_id = sf_platform.current_tenant_id())
  WITH CHECK (tenant_id = sf_platform.current_tenant_id());
ALTER TABLE sf_localization.catalog_version OWNER TO sf_migrator;

-- sf:isolation sf_localization.message TENANT_SCOPED owner=CMP-053
CREATE TABLE sf_localization.message (
  tenant_id uuid NOT NULL,
  catalog_id uuid NOT NULL,
  version_no bigint NOT NULL,
  locale_id uuid NOT NULL,
  message_key text NOT NULL CHECK (message_key ~ '^[a-z][a-z0-9._-]{0,198}$'),
  message_text text NOT NULL CHECK (char_length(message_text) BETWEEN 1 AND 4000),
  created_at timestamptz NOT NULL DEFAULT now(),
  created_by uuid NOT NULL,
  updated_at timestamptz NOT NULL DEFAULT now(),
  PRIMARY KEY (tenant_id, catalog_id, version_no, locale_id, message_key),
  FOREIGN KEY (tenant_id, catalog_id, version_no)
    REFERENCES sf_localization.catalog_version (tenant_id, catalog_id, version_no),
  FOREIGN KEY (tenant_id, locale_id)
    REFERENCES sf_localization.locale (tenant_id, locale_id)
);
CREATE INDEX message_lookup_idx
  ON sf_localization.message (tenant_id, catalog_id, version_no, locale_id, message_key);
ALTER TABLE sf_localization.message ENABLE ROW LEVEL SECURITY;
ALTER TABLE sf_localization.message FORCE ROW LEVEL SECURITY;
CREATE POLICY message_isolation ON sf_localization.message TO sf_app
  USING (tenant_id = sf_platform.current_tenant_id())
  WITH CHECK (tenant_id = sf_platform.current_tenant_id());
ALTER TABLE sf_localization.message OWNER TO sf_migrator;

-- sf:isolation sf_localization.idempotency_record TENANT_SCOPED owner=CMP-053
CREATE TABLE sf_localization.idempotency_record (
  tenant_id uuid NOT NULL,
  principal_id uuid NOT NULL,
  endpoint text NOT NULL,
  idempotency_key text NOT NULL,
  request_fingerprint text NOT NULL CHECK (request_fingerprint ~ '^sha256:[0-9a-f]{64}$'),
  status text NOT NULL CHECK (status IN ('IN_PROGRESS', 'COMPLETED', 'FAILED')),
  response_ref text,
  response_status integer,
  response_body jsonb,
  created_at timestamptz NOT NULL DEFAULT now(),
  expires_at timestamptz NOT NULL,
  PRIMARY KEY (tenant_id, principal_id, endpoint, idempotency_key)
);
ALTER TABLE sf_localization.idempotency_record ENABLE ROW LEVEL SECURITY;
ALTER TABLE sf_localization.idempotency_record FORCE ROW LEVEL SECURITY;
CREATE POLICY idempotency_record_isolation ON sf_localization.idempotency_record TO sf_app
  USING (tenant_id = sf_platform.current_tenant_id())
  WITH CHECK (tenant_id = sf_platform.current_tenant_id());
ALTER TABLE sf_localization.idempotency_record OWNER TO sf_migrator;

CREATE FUNCTION sf_localization.enforce_catalog_version_machine()
RETURNS trigger
LANGUAGE plpgsql
SET search_path = sf_localization, pg_temp
AS $$
BEGIN
  IF TG_OP = 'INSERT' THEN
    IF NEW.status IS DISTINCT FROM 'DRAFT' THEN
      RAISE EXCEPTION 'catalog version insert must be DRAFT' USING ERRCODE = '23514';
    END IF;
    RETURN NEW;
  END IF;
  IF TG_OP = 'UPDATE' THEN
    IF OLD.tenant_id IS DISTINCT FROM NEW.tenant_id
       OR OLD.catalog_id IS DISTINCT FROM NEW.catalog_id
       OR OLD.version_no IS DISTINCT FROM NEW.version_no
       OR OLD.created_by IS DISTINCT FROM NEW.created_by THEN
      RAISE EXCEPTION 'catalog version identity is immutable' USING ERRCODE = '23514';
    END IF;
    IF OLD.status = 'RETIRED' THEN
      RAISE EXCEPTION 'retired catalog versions are immutable' USING ERRCODE = '23514';
    END IF;
    IF OLD.status = 'PUBLISHED' THEN
      IF NEW.status IS DISTINCT FROM 'RETIRED'
         OR NEW.content_hash IS DISTINCT FROM OLD.content_hash
         OR NEW.published_at IS DISTINCT FROM OLD.published_at THEN
        RAISE EXCEPTION 'published catalog versions are immutable' USING ERRCODE = '23514';
      END IF;
      RETURN NEW;
    END IF;
    IF OLD.status = 'DRAFT' AND NEW.status NOT IN ('DRAFT', 'PUBLISHED') THEN
      RAISE EXCEPTION 'draft catalog version may only publish' USING ERRCODE = '23514';
    END IF;
    RETURN NEW;
  END IF;
  RAISE EXCEPTION 'catalog version delete is not permitted' USING ERRCODE = '23514';
END;
$$;
CREATE TRIGGER catalog_version_machine
  BEFORE INSERT OR UPDATE OR DELETE ON sf_localization.catalog_version
  FOR EACH ROW
  EXECUTE FUNCTION sf_localization.enforce_catalog_version_machine();
ALTER FUNCTION sf_localization.enforce_catalog_version_machine() OWNER TO sf_migrator;

CREATE FUNCTION sf_localization.enforce_published_message_immutability()
RETURNS trigger
LANGUAGE plpgsql
SET search_path = sf_localization, pg_temp
AS $$
DECLARE
  v_status text;
BEGIN
  SELECT status INTO v_status
    FROM sf_localization.catalog_version
   WHERE tenant_id = COALESCE(NEW.tenant_id, OLD.tenant_id)
     AND catalog_id = COALESCE(NEW.catalog_id, OLD.catalog_id)
     AND version_no = COALESCE(NEW.version_no, OLD.version_no);
  IF v_status IN ('PUBLISHED', 'RETIRED') THEN
    RAISE EXCEPTION 'published catalog versions are immutable' USING ERRCODE = '23514';
  END IF;
  RETURN COALESCE(NEW, OLD);
END;
$$;
CREATE TRIGGER message_published_guard
  BEFORE INSERT OR UPDATE OR DELETE ON sf_localization.message
  FOR EACH ROW
  EXECUTE FUNCTION sf_localization.enforce_published_message_immutability();
ALTER FUNCTION sf_localization.enforce_published_message_immutability() OWNER TO sf_migrator;

REVOKE ALL ON ALL TABLES IN SCHEMA sf_localization FROM PUBLIC;
REVOKE ALL ON ALL SEQUENCES IN SCHEMA sf_localization FROM PUBLIC;
REVOKE ALL ON ALL FUNCTIONS IN SCHEMA sf_localization FROM PUBLIC;

GRANT SELECT, INSERT, UPDATE (fallback_tag, is_default, status) ON sf_localization.locale TO sf_cmp053_rw;
GRANT SELECT, INSERT, UPDATE (date_skeleton, time_skeleton, decimal_separator, group_separator, updated_at)
  ON sf_localization.format_profile TO sf_cmp053_rw;
GRANT SELECT, INSERT ON sf_localization.catalog TO sf_cmp053_rw;
GRANT SELECT, INSERT, UPDATE (status, content_hash, published_at) ON sf_localization.catalog_version TO sf_cmp053_rw;
GRANT SELECT, INSERT, UPDATE (message_text, updated_at), DELETE ON sf_localization.message TO sf_cmp053_rw;
GRANT SELECT, INSERT, DELETE, UPDATE (status, response_ref, response_status, response_body)
  ON sf_localization.idempotency_record TO sf_cmp053_rw;
GRANT EXECUTE ON FUNCTION sf_localization.enforce_catalog_version_machine() TO sf_cmp053_rw;
GRANT EXECUTE ON FUNCTION sf_localization.enforce_published_message_immutability() TO sf_cmp053_rw;

ALTER TABLE sf_localization.locale ALTER COLUMN locale_tag SET STATISTICS 0;
ALTER TABLE sf_localization.message ALTER COLUMN message_text SET STATISTICS 0;
ALTER TABLE sf_localization.message ALTER COLUMN message_key SET STATISTICS 0;
;
INSERT INTO "public"."sf_schema_migrations" (name, run_on) VALUES ('1759500800000_cmp-053-localization', NOW());


### MIGRATION 1759500800001_cmp-004-outbox (UP) ###

-- Up Migration
-- SF-CON-OUTBOX v1: normative outbox and inbox layout for every component schema.
-- Copy into the component's own migration, replacing sf_identity with the component schema and
-- CMP-004 with its CMP id. Do not add columns or change grants without a Contract Change Request.
-- Requires db/migrations/1759490000000_shared-db-contracts.sql (sf_platform.current_tenant_id(),
-- role sf_outbox_publisher).
--
-- Rules (summary; the schema contracts/shared/schemas/outbox-record.schema.json is authoritative
-- for row content):
--  1. Producers INSERT exactly one row per event in the same transaction as the state change,
--     after validating the envelope against SF-CON-EVENT-ENVELOPE. Producers never SELECT,
--     UPDATE or DELETE outbox rows.
--  2. Envelopes with a tenant_id go to outbox_event; envelopes with tenant_id null go to
--     outbox_event_platform.
--  3. The publisher (packages/outbox, CMP-038) runs as a login role that is a member of
--     sf_outbox_publisher only. It claims PENDING rows by setting lease_owner/lease_expires_at
--     in one short transaction, publishes with no transaction open, then sets PUBLISHED (or
--     schedules a retry) in another. An expired lease makes a row claimable again, so delivery
--     is at-least-once.
--  4. For one partition_key, a row is claimable only when no row with a lower seq is PENDING or
--     DEAD_LETTERED. A DEAD_LETTERED row therefore holds its key until an operator replays or
--     discards it through an audited action.
--  5. Consumers record (consumer_group, event_id) in inbox_event or inbox_event_platform in the
--     same transaction as their own state change; a conflict means the event was already applied.
--  6. The publisher deletes PUBLISHED rows only after the topic's retention window in the CMP-038
--     topic registry.

-- sf:isolation sf_identity.outbox_event TENANT_SCOPED owner=CMP-004
CREATE TABLE sf_identity.outbox_event (
  seq bigint GENERATED ALWAYS AS IDENTITY PRIMARY KEY,
  event_id uuid NOT NULL UNIQUE,
  tenant_id uuid NOT NULL,
  topic text NOT NULL CHECK (topic ~ '^[a-zA-Z0-9._-]{3,249}$'),
  partition_key text NOT NULL CHECK (length(partition_key) BETWEEN 1 AND 200),
  event_type text NOT NULL,
  schema_version integer NOT NULL CHECK (schema_version >= 1),
  aggregate_type text NOT NULL,
  aggregate_id uuid NOT NULL,
  aggregate_version bigint NOT NULL CHECK (aggregate_version >= 0),
  envelope jsonb NOT NULL CHECK (octet_length(envelope::text) <= 262144),
  status text NOT NULL DEFAULT 'PENDING' CHECK (status IN ('PENDING', 'PUBLISHED', 'DEAD_LETTERED')),
  attempts integer NOT NULL DEFAULT 0 CHECK (attempts >= 0),
  next_attempt_at timestamptz NOT NULL DEFAULT now(),
  lease_owner text,
  lease_expires_at timestamptz,
  last_error_code text CHECK (last_error_code ~ '^[A-Z][A-Z0-9_]{1,63}$'),
  created_at timestamptz NOT NULL DEFAULT now(),
  published_at timestamptz,
  CHECK (envelope ->> 'event_id' = event_id::text),
  CHECK (envelope ->> 'tenant_id' = tenant_id::text),
  CHECK (envelope ->> 'aggregate_id' = aggregate_id::text),
  CHECK (envelope ->> 'event_type' = event_type)
);
CREATE INDEX outbox_event_claim_idx ON sf_identity.outbox_event (partition_key, seq) WHERE status <> 'PUBLISHED';
CREATE INDEX outbox_event_due_idx ON sf_identity.outbox_event (next_attempt_at) WHERE status = 'PENDING';
ALTER TABLE sf_identity.outbox_event ENABLE ROW LEVEL SECURITY;
ALTER TABLE sf_identity.outbox_event FORCE ROW LEVEL SECURITY;
CREATE POLICY outbox_event_tenant_insert ON sf_identity.outbox_event FOR INSERT TO sf_app
  WITH CHECK (tenant_id = sf_platform.current_tenant_id());
CREATE POLICY outbox_event_publisher ON sf_identity.outbox_event TO sf_outbox_publisher
  USING (true) WITH CHECK (true);
GRANT INSERT ON sf_identity.outbox_event TO sf_app;

-- sf:isolation sf_identity.outbox_event_platform PLATFORM_OPERATIONAL owner=CMP-004
CREATE TABLE sf_identity.outbox_event_platform (
  seq bigint GENERATED ALWAYS AS IDENTITY PRIMARY KEY,
  event_id uuid NOT NULL UNIQUE,
  topic text NOT NULL CHECK (topic ~ '^[a-zA-Z0-9._-]{3,249}$'),
  partition_key text NOT NULL CHECK (length(partition_key) BETWEEN 1 AND 200),
  event_type text NOT NULL,
  schema_version integer NOT NULL CHECK (schema_version >= 1),
  aggregate_type text NOT NULL,
  aggregate_id uuid NOT NULL,
  aggregate_version bigint NOT NULL CHECK (aggregate_version >= 0),
  envelope jsonb NOT NULL CHECK (octet_length(envelope::text) <= 262144),
  status text NOT NULL DEFAULT 'PENDING' CHECK (status IN ('PENDING', 'PUBLISHED', 'DEAD_LETTERED')),
  attempts integer NOT NULL DEFAULT 0 CHECK (attempts >= 0),
  next_attempt_at timestamptz NOT NULL DEFAULT now(),
  lease_owner text,
  lease_expires_at timestamptz,
  last_error_code text CHECK (last_error_code ~ '^[A-Z][A-Z0-9_]{1,63}$'),
  created_at timestamptz NOT NULL DEFAULT now(),
  published_at timestamptz,
  CHECK (envelope ->> 'event_id' = event_id::text),
  CHECK (jsonb_typeof(envelope -> 'tenant_id') = 'null'),
  CHECK (envelope ->> 'aggregate_id' = aggregate_id::text),
  CHECK (envelope ->> 'event_type' = event_type)
);
CREATE INDEX outbox_event_platform_claim_idx ON sf_identity.outbox_event_platform (partition_key, seq) WHERE status <> 'PUBLISHED';
CREATE INDEX outbox_event_platform_due_idx ON sf_identity.outbox_event_platform (next_attempt_at) WHERE status = 'PENDING';
GRANT INSERT ON sf_identity.outbox_event_platform TO sf_app;

GRANT USAGE ON SCHEMA sf_identity TO sf_outbox_publisher;
GRANT SELECT, DELETE ON sf_identity.outbox_event, sf_identity.outbox_event_platform TO sf_outbox_publisher;
GRANT UPDATE (status, attempts, next_attempt_at, lease_owner, lease_expires_at, last_error_code, published_at)
  ON sf_identity.outbox_event, sf_identity.outbox_event_platform TO sf_outbox_publisher;

-- sf:isolation sf_identity.inbox_event TENANT_SCOPED owner=CMP-004
CREATE TABLE sf_identity.inbox_event (
  consumer_group text NOT NULL CHECK (consumer_group ~ '^[a-z0-9][a-z0-9._-]{0,99}$'),
  event_id uuid NOT NULL,
  tenant_id uuid NOT NULL,
  processed_at timestamptz NOT NULL DEFAULT now(),
  PRIMARY KEY (consumer_group, event_id)
);
ALTER TABLE sf_identity.inbox_event ENABLE ROW LEVEL SECURITY;
ALTER TABLE sf_identity.inbox_event FORCE ROW LEVEL SECURITY;
CREATE POLICY inbox_event_tenant ON sf_identity.inbox_event TO sf_app
  USING (tenant_id = sf_platform.current_tenant_id())
  WITH CHECK (tenant_id = sf_platform.current_tenant_id());
GRANT SELECT, INSERT ON sf_identity.inbox_event TO sf_app;

-- sf:isolation sf_identity.inbox_event_platform PLATFORM_OPERATIONAL owner=CMP-004
CREATE TABLE sf_identity.inbox_event_platform (
  consumer_group text NOT NULL CHECK (consumer_group ~ '^[a-z0-9][a-z0-9._-]{0,99}$'),
  event_id uuid NOT NULL,
  processed_at timestamptz NOT NULL DEFAULT now(),
  PRIMARY KEY (consumer_group, event_id)
);
GRANT SELECT, INSERT ON sf_identity.inbox_event_platform TO sf_app;

-- Outside frozen SF-CON-OUTBOX template body (columns/policies/grants above unchanged).
-- ADR-0006 #5: authoritative tables owned by sf_migrator, not the migrate LOGIN.
ALTER TABLE sf_identity.outbox_event OWNER TO sf_migrator;
ALTER TABLE sf_identity.outbox_event_platform OWNER TO sf_migrator;
ALTER TABLE sf_identity.inbox_event OWNER TO sf_migrator;
ALTER TABLE sf_identity.inbox_event_platform OWNER TO sf_migrator;
;
INSERT INTO "public"."sf_schema_migrations" (name, run_on) VALUES ('1759500800001_cmp-004-outbox', NOW());


### MIGRATION 1759500800001_cmp-005-outbox (UP) ###

-- Up Migration
-- SF-CON-OUTBOX v1: normative outbox and inbox layout for every component schema.
-- Copy into the component's own migration, replacing sf_citizen_profile with the component schema and
-- CMP-005 with its CMP id. Do not add columns or change grants without a Contract Change Request.
-- Requires db/migrations/1759490000000_shared-db-contracts.sql (sf_platform.current_tenant_id(),
-- role sf_outbox_publisher).
--
-- Rules (summary; the schema contracts/shared/schemas/outbox-record.schema.json is authoritative
-- for row content):
--  1. Producers INSERT exactly one row per event in the same transaction as the state change,
--     after validating the envelope against SF-CON-EVENT-ENVELOPE. Producers never SELECT,
--     UPDATE or DELETE outbox rows.
--  2. Envelopes with a tenant_id go to outbox_event; envelopes with tenant_id null go to
--     outbox_event_platform.
--  3. The publisher (packages/outbox, CMP-038) runs as a login role that is a member of
--     sf_outbox_publisher only. It claims PENDING rows by setting lease_owner/lease_expires_at
--     in one short transaction, publishes with no transaction open, then sets PUBLISHED (or
--     schedules a retry) in another. An expired lease makes a row claimable again, so delivery
--     is at-least-once.
--  4. For one partition_key, a row is claimable only when no row with a lower seq is PENDING or
--     DEAD_LETTERED. A DEAD_LETTERED row therefore holds its key until an operator replays or
--     discards it through an audited action.
--  5. Consumers record (consumer_group, event_id) in inbox_event or inbox_event_platform in the
--     same transaction as their own state change; a conflict means the event was already applied.
--  6. The publisher deletes PUBLISHED rows only after the topic's retention window in the CMP-038
--     topic registry.

-- sf:isolation sf_citizen_profile.outbox_event TENANT_SCOPED owner=CMP-005
CREATE TABLE sf_citizen_profile.outbox_event (
  seq bigint GENERATED ALWAYS AS IDENTITY PRIMARY KEY,
  event_id uuid NOT NULL UNIQUE,
  tenant_id uuid NOT NULL,
  topic text NOT NULL CHECK (topic ~ '^[a-zA-Z0-9._-]{3,249}$'),
  partition_key text NOT NULL CHECK (length(partition_key) BETWEEN 1 AND 200),
  event_type text NOT NULL,
  schema_version integer NOT NULL CHECK (schema_version >= 1),
  aggregate_type text NOT NULL,
  aggregate_id uuid NOT NULL,
  aggregate_version bigint NOT NULL CHECK (aggregate_version >= 0),
  envelope jsonb NOT NULL CHECK (octet_length(envelope::text) <= 262144),
  status text NOT NULL DEFAULT 'PENDING' CHECK (status IN ('PENDING', 'PUBLISHED', 'DEAD_LETTERED')),
  attempts integer NOT NULL DEFAULT 0 CHECK (attempts >= 0),
  next_attempt_at timestamptz NOT NULL DEFAULT now(),
  lease_owner text,
  lease_expires_at timestamptz,
  last_error_code text CHECK (last_error_code ~ '^[A-Z][A-Z0-9_]{1,63}$'),
  created_at timestamptz NOT NULL DEFAULT now(),
  published_at timestamptz,
  CHECK (envelope ->> 'event_id' = event_id::text),
  CHECK (envelope ->> 'tenant_id' = tenant_id::text),
  CHECK (envelope ->> 'aggregate_id' = aggregate_id::text),
  CHECK (envelope ->> 'event_type' = event_type)
);
CREATE INDEX outbox_event_claim_idx ON sf_citizen_profile.outbox_event (partition_key, seq) WHERE status <> 'PUBLISHED';
CREATE INDEX outbox_event_due_idx ON sf_citizen_profile.outbox_event (next_attempt_at) WHERE status = 'PENDING';
ALTER TABLE sf_citizen_profile.outbox_event ENABLE ROW LEVEL SECURITY;
ALTER TABLE sf_citizen_profile.outbox_event FORCE ROW LEVEL SECURITY;
CREATE POLICY outbox_event_tenant_insert ON sf_citizen_profile.outbox_event FOR INSERT TO sf_app
  WITH CHECK (tenant_id = sf_platform.current_tenant_id());
CREATE POLICY outbox_event_publisher ON sf_citizen_profile.outbox_event TO sf_outbox_publisher
  USING (true) WITH CHECK (true);
GRANT INSERT ON sf_citizen_profile.outbox_event TO sf_app;

-- sf:isolation sf_citizen_profile.outbox_event_platform PLATFORM_OPERATIONAL owner=CMP-005
CREATE TABLE sf_citizen_profile.outbox_event_platform (
  seq bigint GENERATED ALWAYS AS IDENTITY PRIMARY KEY,
  event_id uuid NOT NULL UNIQUE,
  topic text NOT NULL CHECK (topic ~ '^[a-zA-Z0-9._-]{3,249}$'),
  partition_key text NOT NULL CHECK (length(partition_key) BETWEEN 1 AND 200),
  event_type text NOT NULL,
  schema_version integer NOT NULL CHECK (schema_version >= 1),
  aggregate_type text NOT NULL,
  aggregate_id uuid NOT NULL,
  aggregate_version bigint NOT NULL CHECK (aggregate_version >= 0),
  envelope jsonb NOT NULL CHECK (octet_length(envelope::text) <= 262144),
  status text NOT NULL DEFAULT 'PENDING' CHECK (status IN ('PENDING', 'PUBLISHED', 'DEAD_LETTERED')),
  attempts integer NOT NULL DEFAULT 0 CHECK (attempts >= 0),
  next_attempt_at timestamptz NOT NULL DEFAULT now(),
  lease_owner text,
  lease_expires_at timestamptz,
  last_error_code text CHECK (last_error_code ~ '^[A-Z][A-Z0-9_]{1,63}$'),
  created_at timestamptz NOT NULL DEFAULT now(),
  published_at timestamptz,
  CHECK (envelope ->> 'event_id' = event_id::text),
  CHECK (jsonb_typeof(envelope -> 'tenant_id') = 'null'),
  CHECK (envelope ->> 'aggregate_id' = aggregate_id::text),
  CHECK (envelope ->> 'event_type' = event_type)
);
CREATE INDEX outbox_event_platform_claim_idx ON sf_citizen_profile.outbox_event_platform (partition_key, seq) WHERE status <> 'PUBLISHED';
CREATE INDEX outbox_event_platform_due_idx ON sf_citizen_profile.outbox_event_platform (next_attempt_at) WHERE status = 'PENDING';
GRANT INSERT ON sf_citizen_profile.outbox_event_platform TO sf_app;

GRANT USAGE ON SCHEMA sf_citizen_profile TO sf_outbox_publisher;
GRANT SELECT, DELETE ON sf_citizen_profile.outbox_event, sf_citizen_profile.outbox_event_platform TO sf_outbox_publisher;
GRANT UPDATE (status, attempts, next_attempt_at, lease_owner, lease_expires_at, last_error_code, published_at)
  ON sf_citizen_profile.outbox_event, sf_citizen_profile.outbox_event_platform TO sf_outbox_publisher;

-- sf:isolation sf_citizen_profile.inbox_event TENANT_SCOPED owner=CMP-005
CREATE TABLE sf_citizen_profile.inbox_event (
  consumer_group text NOT NULL CHECK (consumer_group ~ '^[a-z0-9][a-z0-9._-]{0,99}$'),
  event_id uuid NOT NULL,
  tenant_id uuid NOT NULL,
  processed_at timestamptz NOT NULL DEFAULT now(),
  PRIMARY KEY (consumer_group, event_id)
);
ALTER TABLE sf_citizen_profile.inbox_event ENABLE ROW LEVEL SECURITY;
ALTER TABLE sf_citizen_profile.inbox_event FORCE ROW LEVEL SECURITY;
CREATE POLICY inbox_event_tenant ON sf_citizen_profile.inbox_event TO sf_app
  USING (tenant_id = sf_platform.current_tenant_id())
  WITH CHECK (tenant_id = sf_platform.current_tenant_id());
GRANT SELECT, INSERT ON sf_citizen_profile.inbox_event TO sf_app;

-- sf:isolation sf_citizen_profile.inbox_event_platform PLATFORM_OPERATIONAL owner=CMP-005
CREATE TABLE sf_citizen_profile.inbox_event_platform (
  consumer_group text NOT NULL CHECK (consumer_group ~ '^[a-z0-9][a-z0-9._-]{0,99}$'),
  event_id uuid NOT NULL,
  processed_at timestamptz NOT NULL DEFAULT now(),
  PRIMARY KEY (consumer_group, event_id)
);
GRANT SELECT, INSERT ON sf_citizen_profile.inbox_event_platform TO sf_app;


-- Outside frozen SF-CON-OUTBOX template body (columns/policies/grants above unchanged).
-- ADR-0006 #5: authoritative tables owned by sf_migrator, not the migrate LOGIN.
ALTER TABLE sf_citizen_profile.outbox_event OWNER TO sf_migrator;
ALTER TABLE sf_citizen_profile.outbox_event_platform OWNER TO sf_migrator;
ALTER TABLE sf_citizen_profile.inbox_event OWNER TO sf_migrator;
ALTER TABLE sf_citizen_profile.inbox_event_platform OWNER TO sf_migrator;
;
INSERT INTO "public"."sf_schema_migrations" (name, run_on) VALUES ('1759500800001_cmp-005-outbox', NOW());


### MIGRATION 1759500800001_cmp-053-outbox (UP) ###

-- Up Migration
-- SF-CON-OUTBOX v1: normative outbox and inbox layout for every component schema.
-- Copy into the component's own migration, replacing sf_localization with the component schema and
-- CMP-053 with its CMP id. Do not add columns or change grants without a Contract Change Request.
-- Requires db/migrations/1759490000000_shared-db-contracts.sql (sf_platform.current_tenant_id(),
-- role sf_outbox_publisher).
--
-- Rules (summary; the schema contracts/shared/schemas/outbox-record.schema.json is authoritative
-- for row content):
--  1. Producers INSERT exactly one row per event in the same transaction as the state change,
--     after validating the envelope against SF-CON-EVENT-ENVELOPE. Producers never SELECT,
--     UPDATE or DELETE outbox rows.
--  2. Envelopes with a tenant_id go to outbox_event; envelopes with tenant_id null go to
--     outbox_event_platform.
--  3. The publisher (packages/outbox, CMP-038) runs as a login role that is a member of
--     sf_outbox_publisher only. It claims PENDING rows by setting lease_owner/lease_expires_at
--     in one short transaction, publishes with no transaction open, then sets PUBLISHED (or
--     schedules a retry) in another. An expired lease makes a row claimable again, so delivery
--     is at-least-once.
--  4. For one partition_key, a row is claimable only when no row with a lower seq is PENDING or
--     DEAD_LETTERED. A DEAD_LETTERED row therefore holds its key until an operator replays or
--     discards it through an audited action.
--  5. Consumers record (consumer_group, event_id) in inbox_event or inbox_event_platform in the
--     same transaction as their own state change; a conflict means the event was already applied.
--  6. The publisher deletes PUBLISHED rows only after the topic's retention window in the CMP-038
--     topic registry.

-- sf:isolation sf_localization.outbox_event TENANT_SCOPED owner=CMP-053
CREATE TABLE sf_localization.outbox_event (
  seq bigint GENERATED ALWAYS AS IDENTITY PRIMARY KEY,
  event_id uuid NOT NULL UNIQUE,
  tenant_id uuid NOT NULL,
  topic text NOT NULL CHECK (topic ~ '^[a-zA-Z0-9._-]{3,249}$'),
  partition_key text NOT NULL CHECK (length(partition_key) BETWEEN 1 AND 200),
  event_type text NOT NULL,
  schema_version integer NOT NULL CHECK (schema_version >= 1),
  aggregate_type text NOT NULL,
  aggregate_id uuid NOT NULL,
  aggregate_version bigint NOT NULL CHECK (aggregate_version >= 0),
  envelope jsonb NOT NULL CHECK (octet_length(envelope::text) <= 262144),
  status text NOT NULL DEFAULT 'PENDING' CHECK (status IN ('PENDING', 'PUBLISHED', 'DEAD_LETTERED')),
  attempts integer NOT NULL DEFAULT 0 CHECK (attempts >= 0),
  next_attempt_at timestamptz NOT NULL DEFAULT now(),
  lease_owner text,
  lease_expires_at timestamptz,
  last_error_code text CHECK (last_error_code ~ '^[A-Z][A-Z0-9_]{1,63}$'),
  created_at timestamptz NOT NULL DEFAULT now(),
  published_at timestamptz,
  CHECK (envelope ->> 'event_id' = event_id::text),
  CHECK (envelope ->> 'tenant_id' = tenant_id::text),
  CHECK (envelope ->> 'aggregate_id' = aggregate_id::text),
  CHECK (envelope ->> 'event_type' = event_type)
);
CREATE INDEX outbox_event_claim_idx ON sf_localization.outbox_event (partition_key, seq) WHERE status <> 'PUBLISHED';
CREATE INDEX outbox_event_due_idx ON sf_localization.outbox_event (next_attempt_at) WHERE status = 'PENDING';
ALTER TABLE sf_localization.outbox_event ENABLE ROW LEVEL SECURITY;
ALTER TABLE sf_localization.outbox_event FORCE ROW LEVEL SECURITY;
CREATE POLICY outbox_event_tenant_insert ON sf_localization.outbox_event FOR INSERT TO sf_app
  WITH CHECK (tenant_id = sf_platform.current_tenant_id());
CREATE POLICY outbox_event_publisher ON sf_localization.outbox_event TO sf_outbox_publisher
  USING (true) WITH CHECK (true);
GRANT INSERT ON sf_localization.outbox_event TO sf_app;

-- sf:isolation sf_localization.outbox_event_platform PLATFORM_OPERATIONAL owner=CMP-053
CREATE TABLE sf_localization.outbox_event_platform (
  seq bigint GENERATED ALWAYS AS IDENTITY PRIMARY KEY,
  event_id uuid NOT NULL UNIQUE,
  topic text NOT NULL CHECK (topic ~ '^[a-zA-Z0-9._-]{3,249}$'),
  partition_key text NOT NULL CHECK (length(partition_key) BETWEEN 1 AND 200),
  event_type text NOT NULL,
  schema_version integer NOT NULL CHECK (schema_version >= 1),
  aggregate_type text NOT NULL,
  aggregate_id uuid NOT NULL,
  aggregate_version bigint NOT NULL CHECK (aggregate_version >= 0),
  envelope jsonb NOT NULL CHECK (octet_length(envelope::text) <= 262144),
  status text NOT NULL DEFAULT 'PENDING' CHECK (status IN ('PENDING', 'PUBLISHED', 'DEAD_LETTERED')),
  attempts integer NOT NULL DEFAULT 0 CHECK (attempts >= 0),
  next_attempt_at timestamptz NOT NULL DEFAULT now(),
  lease_owner text,
  lease_expires_at timestamptz,
  last_error_code text CHECK (last_error_code ~ '^[A-Z][A-Z0-9_]{1,63}$'),
  created_at timestamptz NOT NULL DEFAULT now(),
  published_at timestamptz,
  CHECK (envelope ->> 'event_id' = event_id::text),
  CHECK (jsonb_typeof(envelope -> 'tenant_id') = 'null'),
  CHECK (envelope ->> 'aggregate_id' = aggregate_id::text),
  CHECK (envelope ->> 'event_type' = event_type)
);
CREATE INDEX outbox_event_platform_claim_idx ON sf_localization.outbox_event_platform (partition_key, seq) WHERE status <> 'PUBLISHED';
CREATE INDEX outbox_event_platform_due_idx ON sf_localization.outbox_event_platform (next_attempt_at) WHERE status = 'PENDING';
GRANT INSERT ON sf_localization.outbox_event_platform TO sf_app;

GRANT USAGE ON SCHEMA sf_localization TO sf_outbox_publisher;
GRANT SELECT, DELETE ON sf_localization.outbox_event, sf_localization.outbox_event_platform TO sf_outbox_publisher;
GRANT UPDATE (status, attempts, next_attempt_at, lease_owner, lease_expires_at, last_error_code, published_at)
  ON sf_localization.outbox_event, sf_localization.outbox_event_platform TO sf_outbox_publisher;

-- sf:isolation sf_localization.inbox_event TENANT_SCOPED owner=CMP-053
CREATE TABLE sf_localization.inbox_event (
  consumer_group text NOT NULL CHECK (consumer_group ~ '^[a-z0-9][a-z0-9._-]{0,99}$'),
  event_id uuid NOT NULL,
  tenant_id uuid NOT NULL,
  processed_at timestamptz NOT NULL DEFAULT now(),
  PRIMARY KEY (consumer_group, event_id)
);
ALTER TABLE sf_localization.inbox_event ENABLE ROW LEVEL SECURITY;
ALTER TABLE sf_localization.inbox_event FORCE ROW LEVEL SECURITY;
CREATE POLICY inbox_event_tenant ON sf_localization.inbox_event TO sf_app
  USING (tenant_id = sf_platform.current_tenant_id())
  WITH CHECK (tenant_id = sf_platform.current_tenant_id());
GRANT SELECT, INSERT ON sf_localization.inbox_event TO sf_app;

-- sf:isolation sf_localization.inbox_event_platform PLATFORM_OPERATIONAL owner=CMP-053
CREATE TABLE sf_localization.inbox_event_platform (
  consumer_group text NOT NULL CHECK (consumer_group ~ '^[a-z0-9][a-z0-9._-]{0,99}$'),
  event_id uuid NOT NULL,
  processed_at timestamptz NOT NULL DEFAULT now(),
  PRIMARY KEY (consumer_group, event_id)
);
GRANT SELECT, INSERT ON sf_localization.inbox_event_platform TO sf_app;

-- Outside frozen SF-CON-OUTBOX template body (columns/policies/grants above unchanged).
-- ADR-0006 #5: authoritative tables owned by sf_migrator, not the migrate LOGIN.
ALTER TABLE sf_localization.outbox_event OWNER TO sf_migrator;
ALTER TABLE sf_localization.outbox_event_platform OWNER TO sf_migrator;
ALTER TABLE sf_localization.inbox_event OWNER TO sf_migrator;
ALTER TABLE sf_localization.inbox_event_platform OWNER TO sf_migrator;
;
INSERT INTO "public"."sf_schema_migrations" (name, run_on) VALUES ('1759500800001_cmp-053-outbox', NOW());


### MIGRATION 1759500933000_cmp-033-metadata (UP) ###
--
-- Up Migration

DO $$
BEGIN
  IF NOT EXISTS (SELECT 1 FROM pg_roles WHERE rolname = 'sf_migrator') THEN
    CREATE ROLE sf_migrator NOLOGIN NOSUPERUSER NOCREATEDB NOCREATEROLE NOINHERIT NOBYPASSRLS;
  END IF;
END
$$;

DO $$
BEGIN
  IF NOT EXISTS (SELECT 1 FROM pg_roles WHERE rolname = 'sf_cmp033_rw') THEN
    CREATE ROLE sf_cmp033_rw NOLOGIN NOSUPERUSER NOCREATEDB NOCREATEROLE NOINHERIT NOBYPASSRLS;
  END IF;
END
$$;
COMMENT ON ROLE sf_cmp033_rw IS
  'ADR-0006: CMP-033 privilege role. NOLOGIN. Runtime logins inherit sf_app + this role only.';

CREATE SCHEMA sf_metadata AUTHORIZATION sf_migrator;
COMMENT ON SCHEMA sf_metadata IS
  'isolation_class=mixed; owner=CMP-033; draft metadata, validation, composition';

REVOKE ALL ON SCHEMA sf_metadata FROM PUBLIC;
GRANT USAGE ON SCHEMA sf_metadata TO sf_cmp033_rw;
GRANT USAGE ON SCHEMA sf_metadata TO sf_app;

ALTER DEFAULT PRIVILEGES FOR ROLE sf_migrator IN SCHEMA sf_metadata REVOKE ALL ON TABLES FROM PUBLIC;
ALTER DEFAULT PRIVILEGES FOR ROLE sf_migrator IN SCHEMA sf_metadata REVOKE ALL ON SEQUENCES FROM PUBLIC;
ALTER DEFAULT PRIVILEGES FOR ROLE sf_migrator IN SCHEMA sf_metadata REVOKE ALL ON FUNCTIONS FROM PUBLIC;

GRANT USAGE ON SCHEMA sf_platform TO sf_migrator;

-- sf:isolation sf_metadata.metadata_document TENANT_SCOPED owner=CMP-033
CREATE TABLE sf_metadata.metadata_document (
  document_id uuid PRIMARY KEY,
  tenant_id uuid NOT NULL,
  cell_id text NOT NULL CHECK (cell_id ~ '^cell-[a-z0-9-]{1,40}$'),
  document_key text NOT NULL CHECK (document_key ~ '^[a-z][a-z0-9._-]{1,127}$'),
  kind text NOT NULL CHECK (kind IN (
    'SERVICE', 'OFFERING', 'FORM', 'RULES', 'EVIDENCE', 'FEE',
    'WORKFLOW', 'SLA', 'ACCESS', 'CREDENTIAL', 'NOTIFICATION'
  )),
  schema_id text NOT NULL CHECK (schema_id ~ '^sf\.metadata\.kind\.[a-z]+\.v[0-9]+$'),
  payload jsonb NOT NULL CHECK (octet_length(payload::text) <= 262144),
  payload_hash text NOT NULL CHECK (payload_hash ~ '^sha256:[0-9a-f]{64}$'),
  status text NOT NULL CHECK (status IN ('DRAFT', 'VALIDATED', 'COMPOSED', 'PUBLISHED')),
  aggregate_version bigint NOT NULL DEFAULT 1 CHECK (aggregate_version >= 1),
  created_by uuid NOT NULL,
  created_at timestamptz NOT NULL DEFAULT now(),
  updated_at timestamptz NOT NULL DEFAULT now(),
  validated_at timestamptz,
  published_at timestamptz,
  UNIQUE (tenant_id, document_id),
  UNIQUE (tenant_id, kind, document_key),
  CHECK (status <> 'PUBLISHED' OR published_at IS NOT NULL)
);
CREATE INDEX metadata_document_tenant_kind_idx
  ON sf_metadata.metadata_document (tenant_id, kind, status);
ALTER TABLE sf_metadata.metadata_document ENABLE ROW LEVEL SECURITY;
ALTER TABLE sf_metadata.metadata_document FORCE ROW LEVEL SECURITY;
CREATE POLICY metadata_document_tenant ON sf_metadata.metadata_document TO sf_app
  USING (tenant_id = sf_platform.current_tenant_id())
  WITH CHECK (tenant_id = sf_platform.current_tenant_id());
ALTER TABLE sf_metadata.metadata_document OWNER TO sf_migrator;

CREATE FUNCTION sf_metadata.prevent_published_mutation() RETURNS trigger
  LANGUAGE plpgsql
  AS $$
BEGIN
  IF OLD.status = 'PUBLISHED' THEN
    RAISE EXCEPTION 'published metadata is immutable'
      USING ERRCODE = 'P0001', HINT = 'SF_PUBLISHED_IMMUTABLE';
  END IF;
  RETURN NEW;
END
$$;
ALTER FUNCTION sf_metadata.prevent_published_mutation() OWNER TO sf_migrator;
REVOKE ALL ON FUNCTION sf_metadata.prevent_published_mutation() FROM PUBLIC;
GRANT EXECUTE ON FUNCTION sf_metadata.prevent_published_mutation() TO sf_app, sf_cmp033_rw;

CREATE TRIGGER metadata_document_published_immutable
  BEFORE UPDATE ON sf_metadata.metadata_document
  FOR EACH ROW
  EXECUTE FUNCTION sf_metadata.prevent_published_mutation();

-- sf:isolation sf_metadata.metadata_bundle TENANT_SCOPED owner=CMP-033
CREATE TABLE sf_metadata.metadata_bundle (
  bundle_id uuid PRIMARY KEY,
  tenant_id uuid NOT NULL,
  cell_id text NOT NULL CHECK (cell_id ~ '^cell-[a-z0-9-]{1,40}$'),
  bundle_key text NOT NULL CHECK (bundle_key ~ '^[a-z][a-z0-9._-]{1,127}$'),
  composition_hash text NOT NULL CHECK (composition_hash ~ '^sha256:[0-9a-f]{64}$'),
  document_ids uuid[] NOT NULL CHECK (cardinality(document_ids) >= 1),
  missing_kinds text[] NOT NULL DEFAULT ARRAY[]::text[],
  status text NOT NULL CHECK (status IN ('COMPOSED', 'PUBLISHED')),
  aggregate_version bigint NOT NULL DEFAULT 1 CHECK (aggregate_version >= 1),
  created_by uuid NOT NULL,
  created_at timestamptz NOT NULL DEFAULT now(),
  published_at timestamptz,
  UNIQUE (tenant_id, bundle_id),
  UNIQUE (tenant_id, bundle_key, composition_hash),
  CHECK (status <> 'PUBLISHED' OR published_at IS NOT NULL)
);
ALTER TABLE sf_metadata.metadata_bundle ENABLE ROW LEVEL SECURITY;
ALTER TABLE sf_metadata.metadata_bundle FORCE ROW LEVEL SECURITY;
CREATE POLICY metadata_bundle_tenant ON sf_metadata.metadata_bundle TO sf_app
  USING (tenant_id = sf_platform.current_tenant_id())
  WITH CHECK (tenant_id = sf_platform.current_tenant_id());
ALTER TABLE sf_metadata.metadata_bundle OWNER TO sf_migrator;

CREATE FUNCTION sf_metadata.prevent_published_bundle_mutation() RETURNS trigger
  LANGUAGE plpgsql
  AS $$
BEGIN
  IF OLD.status = 'PUBLISHED' THEN
    RAISE EXCEPTION 'published metadata is immutable'
      USING ERRCODE = 'P0001', HINT = 'SF_PUBLISHED_IMMUTABLE';
  END IF;
  RETURN NEW;
END
$$;
ALTER FUNCTION sf_metadata.prevent_published_bundle_mutation() OWNER TO sf_migrator;
REVOKE ALL ON FUNCTION sf_metadata.prevent_published_bundle_mutation() FROM PUBLIC;
GRANT EXECUTE ON FUNCTION sf_metadata.prevent_published_bundle_mutation() TO sf_app, sf_cmp033_rw;

CREATE TRIGGER metadata_bundle_published_immutable
  BEFORE UPDATE ON sf_metadata.metadata_bundle
  FOR EACH ROW
  EXECUTE FUNCTION sf_metadata.prevent_published_bundle_mutation();

-- sf:isolation sf_metadata.idempotency_record TENANT_SCOPED owner=CMP-033
CREATE TABLE sf_metadata.idempotency_record (
  tenant_id uuid NOT NULL,
  principal_id uuid NOT NULL,
  endpoint text NOT NULL,
  idempotency_key text NOT NULL,
  request_fingerprint text NOT NULL CHECK (request_fingerprint ~ '^sha256:[0-9a-f]{64}$'),
  status text NOT NULL CHECK (status IN ('IN_PROGRESS', 'COMPLETED', 'FAILED')),
  response_ref text,
  response_status integer,
  response_body jsonb,
  created_at timestamptz NOT NULL DEFAULT now(),
  expires_at timestamptz NOT NULL,
  PRIMARY KEY (tenant_id, principal_id, endpoint, idempotency_key)
);
ALTER TABLE sf_metadata.idempotency_record ENABLE ROW LEVEL SECURITY;
ALTER TABLE sf_metadata.idempotency_record FORCE ROW LEVEL SECURITY;
CREATE POLICY idempotency_tenant ON sf_metadata.idempotency_record TO sf_app
  USING (tenant_id = sf_platform.current_tenant_id())
  WITH CHECK (tenant_id = sf_platform.current_tenant_id());
ALTER TABLE sf_metadata.idempotency_record OWNER TO sf_migrator;

GRANT SELECT, INSERT, UPDATE (
  payload, schema_id, payload_hash, status, aggregate_version,
  updated_at, validated_at, published_at
) ON sf_metadata.metadata_document TO sf_cmp033_rw;
GRANT SELECT, INSERT, UPDATE (
  status, aggregate_version, published_at
) ON sf_metadata.metadata_bundle TO sf_cmp033_rw;
GRANT SELECT, INSERT, DELETE, UPDATE (
  status, response_ref, response_status, response_body
) ON sf_metadata.idempotency_record TO sf_cmp033_rw;

REVOKE ALL ON sf_metadata.metadata_document FROM PUBLIC;
REVOKE ALL ON sf_metadata.metadata_bundle FROM PUBLIC;
REVOKE ALL ON sf_metadata.idempotency_record FROM PUBLIC;
;
INSERT INTO "public"."sf_schema_migrations" (name, run_on) VALUES ('1759500933000_cmp-033-metadata', NOW());


### MIGRATION 1759500933001_cmp-033-outbox (UP) ###
--
-- Up Migration

-- SF-CON-OUTBOX v1: normative outbox and inbox layout for every component schema.
-- Copy into the component's own migration, replacing sf_metadata with the component schema and
-- CMP-033 with its CMP id. Do not add columns or change grants without a Contract Change Request.
-- Requires db/migrations/1759490000000_shared-db-contracts.sql (sf_platform.current_tenant_id(),
-- role sf_outbox_publisher).
--
-- Rules (summary; the schema contracts/shared/schemas/outbox-record.schema.json is authoritative
-- for row content):
--  1. Producers INSERT exactly one row per event in the same transaction as the state change,
--     after validating the envelope against SF-CON-EVENT-ENVELOPE. Producers never SELECT,
--     UPDATE or DELETE outbox rows.
--  2. Envelopes with a tenant_id go to outbox_event; envelopes with tenant_id null go to
--     outbox_event_platform.
--  3. The publisher (packages/outbox, CMP-038) runs as a login role that is a member of
--     sf_outbox_publisher only. It claims PENDING rows by setting lease_owner/lease_expires_at
--     in one short transaction, publishes with no transaction open, then sets PUBLISHED (or
--     schedules a retry) in another. An expired lease makes a row claimable again, so delivery
--     is at-least-once.
--  4. For one partition_key, a row is claimable only when no row with a lower seq is PENDING or
--     DEAD_LETTERED. A DEAD_LETTERED row therefore holds its key until an operator replays or
--     discards it through an audited action.
--  5. Consumers record (consumer_group, event_id) in inbox_event or inbox_event_platform in the
--     same transaction as their own state change; a conflict means the event was already applied.
--  6. The publisher deletes PUBLISHED rows only after the topic's retention window in the CMP-038
--     topic registry.

-- sf:isolation sf_metadata.outbox_event TENANT_SCOPED owner=CMP-033
CREATE TABLE sf_metadata.outbox_event (
  seq bigint GENERATED ALWAYS AS IDENTITY PRIMARY KEY,
  event_id uuid NOT NULL UNIQUE,
  tenant_id uuid NOT NULL,
  topic text NOT NULL CHECK (topic ~ '^[a-zA-Z0-9._-]{3,249}$'),
  partition_key text NOT NULL CHECK (length(partition_key) BETWEEN 1 AND 200),
  event_type text NOT NULL,
  schema_version integer NOT NULL CHECK (schema_version >= 1),
  aggregate_type text NOT NULL,
  aggregate_id uuid NOT NULL,
  aggregate_version bigint NOT NULL CHECK (aggregate_version >= 0),
  envelope jsonb NOT NULL CHECK (octet_length(envelope::text) <= 262144),
  status text NOT NULL DEFAULT 'PENDING' CHECK (status IN ('PENDING', 'PUBLISHED', 'DEAD_LETTERED')),
  attempts integer NOT NULL DEFAULT 0 CHECK (attempts >= 0),
  next_attempt_at timestamptz NOT NULL DEFAULT now(),
  lease_owner text,
  lease_expires_at timestamptz,
  last_error_code text CHECK (last_error_code ~ '^[A-Z][A-Z0-9_]{1,63}$'),
  created_at timestamptz NOT NULL DEFAULT now(),
  published_at timestamptz,
  CHECK (envelope ->> 'event_id' = event_id::text),
  CHECK (envelope ->> 'tenant_id' = tenant_id::text),
  CHECK (envelope ->> 'aggregate_id' = aggregate_id::text),
  CHECK (envelope ->> 'event_type' = event_type)
);
CREATE INDEX outbox_event_claim_idx ON sf_metadata.outbox_event (partition_key, seq) WHERE status <> 'PUBLISHED';
CREATE INDEX outbox_event_due_idx ON sf_metadata.outbox_event (next_attempt_at) WHERE status = 'PENDING';
ALTER TABLE sf_metadata.outbox_event ENABLE ROW LEVEL SECURITY;
ALTER TABLE sf_metadata.outbox_event FORCE ROW LEVEL SECURITY;
CREATE POLICY outbox_event_tenant_insert ON sf_metadata.outbox_event FOR INSERT TO sf_app
  WITH CHECK (tenant_id = sf_platform.current_tenant_id());
CREATE POLICY outbox_event_publisher ON sf_metadata.outbox_event TO sf_outbox_publisher
  USING (true) WITH CHECK (true);
GRANT INSERT ON sf_metadata.outbox_event TO sf_app;

-- sf:isolation sf_metadata.outbox_event_platform PLATFORM_OPERATIONAL owner=CMP-033
CREATE TABLE sf_metadata.outbox_event_platform (
  seq bigint GENERATED ALWAYS AS IDENTITY PRIMARY KEY,
  event_id uuid NOT NULL UNIQUE,
  topic text NOT NULL CHECK (topic ~ '^[a-zA-Z0-9._-]{3,249}$'),
  partition_key text NOT NULL CHECK (length(partition_key) BETWEEN 1 AND 200),
  event_type text NOT NULL,
  schema_version integer NOT NULL CHECK (schema_version >= 1),
  aggregate_type text NOT NULL,
  aggregate_id uuid NOT NULL,
  aggregate_version bigint NOT NULL CHECK (aggregate_version >= 0),
  envelope jsonb NOT NULL CHECK (octet_length(envelope::text) <= 262144),
  status text NOT NULL DEFAULT 'PENDING' CHECK (status IN ('PENDING', 'PUBLISHED', 'DEAD_LETTERED')),
  attempts integer NOT NULL DEFAULT 0 CHECK (attempts >= 0),
  next_attempt_at timestamptz NOT NULL DEFAULT now(),
  lease_owner text,
  lease_expires_at timestamptz,
  last_error_code text CHECK (last_error_code ~ '^[A-Z][A-Z0-9_]{1,63}$'),
  created_at timestamptz NOT NULL DEFAULT now(),
  published_at timestamptz,
  CHECK (envelope ->> 'event_id' = event_id::text),
  CHECK (jsonb_typeof(envelope -> 'tenant_id') = 'null'),
  CHECK (envelope ->> 'aggregate_id' = aggregate_id::text),
  CHECK (envelope ->> 'event_type' = event_type)
);
CREATE INDEX outbox_event_platform_claim_idx ON sf_metadata.outbox_event_platform (partition_key, seq) WHERE status <> 'PUBLISHED';
CREATE INDEX outbox_event_platform_due_idx ON sf_metadata.outbox_event_platform (next_attempt_at) WHERE status = 'PENDING';
GRANT INSERT ON sf_metadata.outbox_event_platform TO sf_app;

GRANT USAGE ON SCHEMA sf_metadata TO sf_outbox_publisher;
GRANT SELECT, DELETE ON sf_metadata.outbox_event, sf_metadata.outbox_event_platform TO sf_outbox_publisher;
GRANT UPDATE (status, attempts, next_attempt_at, lease_owner, lease_expires_at, last_error_code, published_at)
  ON sf_metadata.outbox_event, sf_metadata.outbox_event_platform TO sf_outbox_publisher;

-- sf:isolation sf_metadata.inbox_event TENANT_SCOPED owner=CMP-033
CREATE TABLE sf_metadata.inbox_event (
  consumer_group text NOT NULL CHECK (consumer_group ~ '^[a-z0-9][a-z0-9._-]{0,99}$'),
  event_id uuid NOT NULL,
  tenant_id uuid NOT NULL,
  processed_at timestamptz NOT NULL DEFAULT now(),
  PRIMARY KEY (consumer_group, event_id)
);
ALTER TABLE sf_metadata.inbox_event ENABLE ROW LEVEL SECURITY;
ALTER TABLE sf_metadata.inbox_event FORCE ROW LEVEL SECURITY;
CREATE POLICY inbox_event_tenant ON sf_metadata.inbox_event TO sf_app
  USING (tenant_id = sf_platform.current_tenant_id())
  WITH CHECK (tenant_id = sf_platform.current_tenant_id());
GRANT SELECT, INSERT ON sf_metadata.inbox_event TO sf_app;

-- sf:isolation sf_metadata.inbox_event_platform PLATFORM_OPERATIONAL owner=CMP-033
CREATE TABLE sf_metadata.inbox_event_platform (
  consumer_group text NOT NULL CHECK (consumer_group ~ '^[a-z0-9][a-z0-9._-]{0,99}$'),
  event_id uuid NOT NULL,
  processed_at timestamptz NOT NULL DEFAULT now(),
  PRIMARY KEY (consumer_group, event_id)
);
GRANT SELECT, INSERT ON sf_metadata.inbox_event_platform TO sf_app;

-- Identity sequences are required for the frozen template GRANT INSERT … TO sf_app.
-- Table grants in the template body above are unchanged (ADR-0006 condition 9).
GRANT USAGE, SELECT ON ALL SEQUENCES IN SCHEMA sf_metadata TO sf_app;
REVOKE ALL ON ALL SEQUENCES IN SCHEMA sf_metadata FROM PUBLIC;
ALTER TABLE sf_metadata.outbox_event OWNER TO sf_migrator;
ALTER TABLE sf_metadata.outbox_event_platform OWNER TO sf_migrator;
ALTER TABLE sf_metadata.inbox_event OWNER TO sf_migrator;
ALTER TABLE sf_metadata.inbox_event_platform OWNER TO sf_migrator;
;
INSERT INTO "public"."sf_schema_migrations" (name, run_on) VALUES ('1759500933001_cmp-033-outbox', NOW());


### MIGRATION 1759501100000_cmp-034-master-data (UP) ###

-- Up Migration

DO $$
BEGIN
  IF NOT EXISTS (SELECT 1 FROM pg_roles WHERE rolname = 'sf_migrator') THEN
    CREATE ROLE sf_migrator NOLOGIN NOSUPERUSER NOCREATEDB NOCREATEROLE NOINHERIT NOBYPASSRLS;
  END IF;
END
$$;
COMMENT ON ROLE sf_migrator IS 'Deployment/migration role. Owns authoritative schemas/tables. Never a runtime login.';

DO $$
BEGIN
  IF NOT EXISTS (SELECT 1 FROM pg_roles WHERE rolname = 'sf_cmp034_rw') THEN
    CREATE ROLE sf_cmp034_rw NOLOGIN NOSUPERUSER NOCREATEDB NOCREATEROLE NOINHERIT NOBYPASSRLS;
  END IF;
END
$$;
COMMENT ON ROLE sf_cmp034_rw IS 'CMP-034 privilege role (ADR-0006). NOLOGIN. Holds DML on sf_master_data business tables.';

CREATE SCHEMA sf_master_data AUTHORIZATION sf_migrator;
COMMENT ON SCHEMA sf_master_data IS 'isolation_class=TENANT_SCOPED; owner=CMP-034; Versioned generic code sets';

REVOKE ALL ON SCHEMA sf_master_data FROM PUBLIC;
GRANT USAGE ON SCHEMA sf_master_data TO sf_cmp034_rw;

ALTER DEFAULT PRIVILEGES FOR ROLE sf_migrator IN SCHEMA sf_master_data REVOKE ALL ON TABLES FROM PUBLIC;
ALTER DEFAULT PRIVILEGES FOR ROLE sf_migrator IN SCHEMA sf_master_data REVOKE ALL ON SEQUENCES FROM PUBLIC;
ALTER DEFAULT PRIVILEGES FOR ROLE sf_migrator IN SCHEMA sf_master_data REVOKE ALL ON FUNCTIONS FROM PUBLIC;

-- sf:isolation sf_master_data.code_set TENANT_SCOPED owner=CMP-034
CREATE TABLE sf_master_data.code_set (
  tenant_id uuid NOT NULL,
  code_set_id uuid NOT NULL,
  set_code text NOT NULL CHECK (set_code ~ '^[A-Z][A-Z0-9_]{1,63}$'),
  localization_key text NOT NULL CHECK (char_length(localization_key) BETWEEN 1 AND 200),
  status text NOT NULL CHECK (status IN ('ACTIVE', 'RETIRED')),
  created_at timestamptz NOT NULL DEFAULT now(),
  created_by uuid NOT NULL,
  PRIMARY KEY (tenant_id, code_set_id),
  UNIQUE (tenant_id, set_code)
);
ALTER TABLE sf_master_data.code_set ENABLE ROW LEVEL SECURITY;
ALTER TABLE sf_master_data.code_set FORCE ROW LEVEL SECURITY;
CREATE POLICY code_set_isolation ON sf_master_data.code_set TO sf_app
  USING (tenant_id = sf_platform.current_tenant_id())
  WITH CHECK (tenant_id = sf_platform.current_tenant_id());
ALTER TABLE sf_master_data.code_set OWNER TO sf_migrator;

-- sf:isolation sf_master_data.code_set_version TENANT_SCOPED owner=CMP-034
CREATE TABLE sf_master_data.code_set_version (
  tenant_id uuid NOT NULL,
  code_set_id uuid NOT NULL,
  version_no bigint NOT NULL CHECK (version_no >= 1),
  status text NOT NULL CHECK (status IN ('DRAFT', 'PUBLISHED')),
  valid_from timestamptz NOT NULL,
  jurisdiction_ref text CHECK (jurisdiction_ref IS NULL OR char_length(jurisdiction_ref) BETWEEN 1 AND 200),
  reason text CHECK (reason IS NULL OR char_length(reason) BETWEEN 1 AND 1000),
  created_by uuid NOT NULL,
  created_at timestamptz NOT NULL DEFAULT now(),
  PRIMARY KEY (tenant_id, code_set_id, version_no),
  UNIQUE (tenant_id, code_set_id, valid_from),
  FOREIGN KEY (tenant_id, code_set_id)
    REFERENCES sf_master_data.code_set (tenant_id, code_set_id)
);
CREATE INDEX code_set_version_as_of_idx
  ON sf_master_data.code_set_version (tenant_id, code_set_id, valid_from DESC);
ALTER TABLE sf_master_data.code_set_version ENABLE ROW LEVEL SECURITY;
ALTER TABLE sf_master_data.code_set_version FORCE ROW LEVEL SECURITY;
CREATE POLICY code_set_version_isolation ON sf_master_data.code_set_version TO sf_app
  USING (tenant_id = sf_platform.current_tenant_id())
  WITH CHECK (tenant_id = sf_platform.current_tenant_id());
ALTER TABLE sf_master_data.code_set_version OWNER TO sf_migrator;

-- sf:isolation sf_master_data.code_value TENANT_SCOPED owner=CMP-034
CREATE TABLE sf_master_data.code_value (
  tenant_id uuid NOT NULL,
  code_set_id uuid NOT NULL,
  version_no bigint NOT NULL,
  value_id uuid NOT NULL,
  value_code text NOT NULL CHECK (value_code ~ '^[A-Z0-9][A-Z0-9._-]{0,63}$'),
  localization_key text NOT NULL CHECK (char_length(localization_key) BETWEEN 1 AND 200),
  sort_order integer NOT NULL CHECK (sort_order >= 0),
  parent_value_id uuid,
  created_by uuid NOT NULL,
  created_at timestamptz NOT NULL DEFAULT now(),
  PRIMARY KEY (tenant_id, code_set_id, version_no, value_id),
  UNIQUE (tenant_id, code_set_id, version_no, value_code),
  CHECK (parent_value_id IS NULL OR parent_value_id <> value_id),
  FOREIGN KEY (tenant_id, code_set_id, version_no)
    REFERENCES sf_master_data.code_set_version (tenant_id, code_set_id, version_no),
  FOREIGN KEY (tenant_id, code_set_id, version_no, parent_value_id)
    REFERENCES sf_master_data.code_value (tenant_id, code_set_id, version_no, value_id)
);
CREATE INDEX code_value_lookup_idx
  ON sf_master_data.code_value (tenant_id, code_set_id, version_no, value_code);
ALTER TABLE sf_master_data.code_value ENABLE ROW LEVEL SECURITY;
ALTER TABLE sf_master_data.code_value FORCE ROW LEVEL SECURITY;
CREATE POLICY code_value_isolation ON sf_master_data.code_value TO sf_app
  USING (tenant_id = sf_platform.current_tenant_id())
  WITH CHECK (tenant_id = sf_platform.current_tenant_id());
ALTER TABLE sf_master_data.code_value OWNER TO sf_migrator;

-- sf:isolation sf_master_data.code_set_binding TENANT_SCOPED owner=CMP-034
-- Opaque target refs only — no FK to catalogue/forms/jurisdiction (no cross-component SQL).
CREATE TABLE sf_master_data.code_set_binding (
  binding_id uuid PRIMARY KEY,
  tenant_id uuid NOT NULL,
  code_set_id uuid NOT NULL,
  pinned_version_no bigint NOT NULL,
  target_type text NOT NULL CHECK (target_type ~ '^[A-Z][A-Z0-9_]{1,63}$'),
  target_ref text NOT NULL CHECK (char_length(target_ref) BETWEEN 1 AND 200),
  status text NOT NULL CHECK (status IN ('ACTIVE', 'INACTIVE')),
  valid_from timestamptz NOT NULL,
  version_no bigint NOT NULL CHECK (version_no >= 1),
  created_by uuid NOT NULL,
  created_at timestamptz NOT NULL DEFAULT now(),
  UNIQUE (tenant_id, target_type, target_ref, version_no),
  FOREIGN KEY (tenant_id, code_set_id, pinned_version_no)
    REFERENCES sf_master_data.code_set_version (tenant_id, code_set_id, version_no)
);
CREATE INDEX code_set_binding_lookup_idx
  ON sf_master_data.code_set_binding (tenant_id, target_type, target_ref, valid_from DESC);
ALTER TABLE sf_master_data.code_set_binding ENABLE ROW LEVEL SECURITY;
ALTER TABLE sf_master_data.code_set_binding FORCE ROW LEVEL SECURITY;
CREATE POLICY code_set_binding_isolation ON sf_master_data.code_set_binding TO sf_app
  USING (tenant_id = sf_platform.current_tenant_id())
  WITH CHECK (tenant_id = sf_platform.current_tenant_id());
ALTER TABLE sf_master_data.code_set_binding OWNER TO sf_migrator;

-- sf:isolation sf_master_data.import_job TENANT_SCOPED owner=CMP-034
CREATE TABLE sf_master_data.import_job (
  tenant_id uuid NOT NULL,
  import_id uuid NOT NULL,
  code_set_id uuid NOT NULL,
  version_no bigint NOT NULL,
  source_mode text NOT NULL CHECK (source_mode IN ('INLINE', 'CONNECTOR')),
  connector_binding_id uuid,
  simulation jsonb,
  item_count integer NOT NULL CHECK (item_count >= 0 AND item_count <= 500),
  status text NOT NULL CHECK (status IN ('SUCCEEDED', 'FAILED')),
  created_by uuid NOT NULL,
  created_at timestamptz NOT NULL DEFAULT now(),
  PRIMARY KEY (tenant_id, import_id),
  FOREIGN KEY (tenant_id, code_set_id, version_no)
    REFERENCES sf_master_data.code_set_version (tenant_id, code_set_id, version_no)
);
ALTER TABLE sf_master_data.import_job ENABLE ROW LEVEL SECURITY;
ALTER TABLE sf_master_data.import_job FORCE ROW LEVEL SECURITY;
CREATE POLICY import_job_isolation ON sf_master_data.import_job TO sf_app
  USING (tenant_id = sf_platform.current_tenant_id())
  WITH CHECK (tenant_id = sf_platform.current_tenant_id());
ALTER TABLE sf_master_data.import_job OWNER TO sf_migrator;

-- sf:isolation sf_master_data.idempotency_record TENANT_SCOPED owner=CMP-034
CREATE TABLE sf_master_data.idempotency_record (
  tenant_id uuid NOT NULL,
  principal_id uuid NOT NULL,
  endpoint text NOT NULL,
  idempotency_key text NOT NULL,
  request_fingerprint text NOT NULL CHECK (request_fingerprint ~ '^sha256:[0-9a-f]{64}$'),
  status text NOT NULL CHECK (status IN ('IN_PROGRESS', 'COMPLETED', 'FAILED')),
  response_ref text,
  response_status integer,
  response_body jsonb,
  created_at timestamptz NOT NULL DEFAULT now(),
  expires_at timestamptz NOT NULL,
  PRIMARY KEY (tenant_id, principal_id, endpoint, idempotency_key)
);
ALTER TABLE sf_master_data.idempotency_record ENABLE ROW LEVEL SECURITY;
ALTER TABLE sf_master_data.idempotency_record FORCE ROW LEVEL SECURITY;
CREATE POLICY idempotency_record_isolation ON sf_master_data.idempotency_record TO sf_app
  USING (tenant_id = sf_platform.current_tenant_id())
  WITH CHECK (tenant_id = sf_platform.current_tenant_id());
ALTER TABLE sf_master_data.idempotency_record OWNER TO sf_migrator;

CREATE FUNCTION sf_master_data.enforce_version_publish_machine()
RETURNS trigger
LANGUAGE plpgsql
SET search_path = sf_master_data, pg_temp
AS $$
BEGIN
  IF TG_OP = 'INSERT' THEN
    IF NEW.status IS DISTINCT FROM 'DRAFT' THEN
      RAISE EXCEPTION 'code set version insert must be DRAFT'
        USING ERRCODE = '23514';
    END IF;
    RETURN NEW;
  END IF;
  IF TG_OP = 'UPDATE' THEN
    IF OLD.status = 'PUBLISHED' THEN
      RAISE EXCEPTION 'published code set version is immutable'
        USING ERRCODE = '23514';
    END IF;
    IF NEW.status NOT IN ('DRAFT', 'PUBLISHED') THEN
      RAISE EXCEPTION 'code set version status is invalid'
        USING ERRCODE = '23514';
    END IF;
    IF NEW.tenant_id IS DISTINCT FROM OLD.tenant_id
       OR NEW.code_set_id IS DISTINCT FROM OLD.code_set_id
       OR NEW.version_no IS DISTINCT FROM OLD.version_no
       OR NEW.created_by IS DISTINCT FROM OLD.created_by THEN
      RAISE EXCEPTION 'code set version identity fields are immutable'
        USING ERRCODE = '23514';
    END IF;
    RETURN NEW;
  END IF;
  RAISE EXCEPTION 'code set version delete is not permitted' USING ERRCODE = '23514';
END;
$$;

CREATE TRIGGER code_set_version_publish_machine
  BEFORE INSERT OR UPDATE OR DELETE ON sf_master_data.code_set_version
  FOR EACH ROW
  EXECUTE FUNCTION sf_master_data.enforce_version_publish_machine();
ALTER FUNCTION sf_master_data.enforce_version_publish_machine() OWNER TO sf_migrator;

CREATE FUNCTION sf_master_data.enforce_published_values_immutable()
RETURNS trigger
LANGUAGE plpgsql
SET search_path = sf_master_data, pg_temp
AS $$
DECLARE
  v_status text;
  v_set uuid;
  v_no bigint;
BEGIN
  IF TG_OP = 'DELETE' THEN
    v_set := OLD.code_set_id;
    v_no := OLD.version_no;
  ELSE
    v_set := NEW.code_set_id;
    v_no := NEW.version_no;
  END IF;
  SELECT status INTO v_status
    FROM sf_master_data.code_set_version
   WHERE code_set_id = v_set AND version_no = v_no;
  IF v_status = 'PUBLISHED' THEN
    RAISE EXCEPTION 'published code values are immutable'
      USING ERRCODE = '23514';
  END IF;
  IF TG_OP = 'DELETE' THEN
    RETURN OLD;
  END IF;
  RETURN NEW;
END;
$$;

CREATE TRIGGER code_value_published_immutable
  BEFORE INSERT OR UPDATE OR DELETE ON sf_master_data.code_value
  FOR EACH ROW
  EXECUTE FUNCTION sf_master_data.enforce_published_values_immutable();
ALTER FUNCTION sf_master_data.enforce_published_values_immutable() OWNER TO sf_migrator;

CREATE FUNCTION sf_master_data.enforce_binding_pins_published()
RETURNS trigger
LANGUAGE plpgsql
SET search_path = sf_master_data, pg_temp
AS $$
DECLARE
  v_status text;
BEGIN
  SELECT status INTO v_status
    FROM sf_master_data.code_set_version
   WHERE code_set_id = NEW.code_set_id AND version_no = NEW.pinned_version_no;
  IF v_status IS DISTINCT FROM 'PUBLISHED' THEN
    RAISE EXCEPTION 'bindings may pin only published versions'
      USING ERRCODE = '23514';
  END IF;
  RETURN NEW;
END;
$$;

CREATE TRIGGER code_set_binding_pin_published
  BEFORE INSERT OR UPDATE ON sf_master_data.code_set_binding
  FOR EACH ROW
  EXECUTE FUNCTION sf_master_data.enforce_binding_pins_published();
ALTER FUNCTION sf_master_data.enforce_binding_pins_published() OWNER TO sf_migrator;

REVOKE ALL ON ALL TABLES IN SCHEMA sf_master_data FROM PUBLIC;
REVOKE ALL ON ALL SEQUENCES IN SCHEMA sf_master_data FROM PUBLIC;
REVOKE ALL ON ALL FUNCTIONS IN SCHEMA sf_master_data FROM PUBLIC;

GRANT SELECT, INSERT, UPDATE (status) ON sf_master_data.code_set TO sf_cmp034_rw;
GRANT SELECT, INSERT, UPDATE (status, valid_from, jurisdiction_ref, reason) ON sf_master_data.code_set_version TO sf_cmp034_rw;
GRANT SELECT, INSERT, DELETE ON sf_master_data.code_value TO sf_cmp034_rw;
GRANT SELECT, INSERT ON sf_master_data.code_set_binding TO sf_cmp034_rw;
GRANT SELECT, INSERT ON sf_master_data.import_job TO sf_cmp034_rw;
GRANT SELECT, INSERT, DELETE, UPDATE (status, response_ref, response_status, response_body)
  ON sf_master_data.idempotency_record TO sf_cmp034_rw;
GRANT EXECUTE ON FUNCTION sf_master_data.enforce_version_publish_machine() TO sf_cmp034_rw;
GRANT EXECUTE ON FUNCTION sf_master_data.enforce_published_values_immutable() TO sf_cmp034_rw;
GRANT EXECUTE ON FUNCTION sf_master_data.enforce_binding_pins_published() TO sf_cmp034_rw;

ALTER TABLE sf_master_data.code_set ALTER COLUMN localization_key SET STATISTICS 0;
ALTER TABLE sf_master_data.code_value ALTER COLUMN localization_key SET STATISTICS 0;
ALTER TABLE sf_master_data.code_set_version ALTER COLUMN jurisdiction_ref SET STATISTICS 0;
ALTER TABLE sf_master_data.code_set_version ALTER COLUMN reason SET STATISTICS 0;
ALTER TABLE sf_master_data.code_set_binding ALTER COLUMN target_ref SET STATISTICS 0;
;
INSERT INTO "public"."sf_schema_migrations" (name, run_on) VALUES ('1759501100000_cmp-034-master-data', NOW());


### MIGRATION 1759501100001_cmp-034-outbox (UP) ###

-- Up Migration
-- SF-CON-OUTBOX v1: normative outbox and inbox layout for every component schema.
-- Copy into the component's own migration, replacing sf_master_data with the component schema and
-- CMP-034 with its CMP id. Do not add columns or change grants without a Contract Change Request.
-- Requires db/migrations/1759490000000_shared-db-contracts.sql (sf_platform.current_tenant_id(),
-- role sf_outbox_publisher).
--
-- Rules (summary; the schema contracts/shared/schemas/outbox-record.schema.json is authoritative
-- for row content):
--  1. Producers INSERT exactly one row per event in the same transaction as the state change,
--     after validating the envelope against SF-CON-EVENT-ENVELOPE. Producers never SELECT,
--     UPDATE or DELETE outbox rows.
--  2. Envelopes with a tenant_id go to outbox_event; envelopes with tenant_id null go to
--     outbox_event_platform.
--  3. The publisher (packages/outbox, CMP-038) runs as a login role that is a member of
--     sf_outbox_publisher only. It claims PENDING rows by setting lease_owner/lease_expires_at
--     in one short transaction, publishes with no transaction open, then sets PUBLISHED (or
--     schedules a retry) in another. An expired lease makes a row claimable again, so delivery
--     is at-least-once.
--  4. For one partition_key, a row is claimable only when no row with a lower seq is PENDING or
--     DEAD_LETTERED. A DEAD_LETTERED row therefore holds its key until an operator replays or
--     discards it through an audited action.
--  5. Consumers record (consumer_group, event_id) in inbox_event or inbox_event_platform in the
--     same transaction as their own state change; a conflict means the event was already applied.
--  6. The publisher deletes PUBLISHED rows only after the topic's retention window in the CMP-038
--     topic registry.

-- sf:isolation sf_master_data.outbox_event TENANT_SCOPED owner=CMP-034
CREATE TABLE sf_master_data.outbox_event (
  seq bigint GENERATED ALWAYS AS IDENTITY PRIMARY KEY,
  event_id uuid NOT NULL UNIQUE,
  tenant_id uuid NOT NULL,
  topic text NOT NULL CHECK (topic ~ '^[a-zA-Z0-9._-]{3,249}$'),
  partition_key text NOT NULL CHECK (length(partition_key) BETWEEN 1 AND 200),
  event_type text NOT NULL,
  schema_version integer NOT NULL CHECK (schema_version >= 1),
  aggregate_type text NOT NULL,
  aggregate_id uuid NOT NULL,
  aggregate_version bigint NOT NULL CHECK (aggregate_version >= 0),
  envelope jsonb NOT NULL CHECK (octet_length(envelope::text) <= 262144),
  status text NOT NULL DEFAULT 'PENDING' CHECK (status IN ('PENDING', 'PUBLISHED', 'DEAD_LETTERED')),
  attempts integer NOT NULL DEFAULT 0 CHECK (attempts >= 0),
  next_attempt_at timestamptz NOT NULL DEFAULT now(),
  lease_owner text,
  lease_expires_at timestamptz,
  last_error_code text CHECK (last_error_code ~ '^[A-Z][A-Z0-9_]{1,63}$'),
  created_at timestamptz NOT NULL DEFAULT now(),
  published_at timestamptz,
  CHECK (envelope ->> 'event_id' = event_id::text),
  CHECK (envelope ->> 'tenant_id' = tenant_id::text),
  CHECK (envelope ->> 'aggregate_id' = aggregate_id::text),
  CHECK (envelope ->> 'event_type' = event_type)
);
CREATE INDEX outbox_event_claim_idx ON sf_master_data.outbox_event (partition_key, seq) WHERE status <> 'PUBLISHED';
CREATE INDEX outbox_event_due_idx ON sf_master_data.outbox_event (next_attempt_at) WHERE status = 'PENDING';
ALTER TABLE sf_master_data.outbox_event ENABLE ROW LEVEL SECURITY;
ALTER TABLE sf_master_data.outbox_event FORCE ROW LEVEL SECURITY;
CREATE POLICY outbox_event_tenant_insert ON sf_master_data.outbox_event FOR INSERT TO sf_app
  WITH CHECK (tenant_id = sf_platform.current_tenant_id());
CREATE POLICY outbox_event_publisher ON sf_master_data.outbox_event TO sf_outbox_publisher
  USING (true) WITH CHECK (true);
GRANT INSERT ON sf_master_data.outbox_event TO sf_app;

-- sf:isolation sf_master_data.outbox_event_platform PLATFORM_OPERATIONAL owner=CMP-034
CREATE TABLE sf_master_data.outbox_event_platform (
  seq bigint GENERATED ALWAYS AS IDENTITY PRIMARY KEY,
  event_id uuid NOT NULL UNIQUE,
  topic text NOT NULL CHECK (topic ~ '^[a-zA-Z0-9._-]{3,249}$'),
  partition_key text NOT NULL CHECK (length(partition_key) BETWEEN 1 AND 200),
  event_type text NOT NULL,
  schema_version integer NOT NULL CHECK (schema_version >= 1),
  aggregate_type text NOT NULL,
  aggregate_id uuid NOT NULL,
  aggregate_version bigint NOT NULL CHECK (aggregate_version >= 0),
  envelope jsonb NOT NULL CHECK (octet_length(envelope::text) <= 262144),
  status text NOT NULL DEFAULT 'PENDING' CHECK (status IN ('PENDING', 'PUBLISHED', 'DEAD_LETTERED')),
  attempts integer NOT NULL DEFAULT 0 CHECK (attempts >= 0),
  next_attempt_at timestamptz NOT NULL DEFAULT now(),
  lease_owner text,
  lease_expires_at timestamptz,
  last_error_code text CHECK (last_error_code ~ '^[A-Z][A-Z0-9_]{1,63}$'),
  created_at timestamptz NOT NULL DEFAULT now(),
  published_at timestamptz,
  CHECK (envelope ->> 'event_id' = event_id::text),
  CHECK (jsonb_typeof(envelope -> 'tenant_id') = 'null'),
  CHECK (envelope ->> 'aggregate_id' = aggregate_id::text),
  CHECK (envelope ->> 'event_type' = event_type)
);
CREATE INDEX outbox_event_platform_claim_idx ON sf_master_data.outbox_event_platform (partition_key, seq) WHERE status <> 'PUBLISHED';
CREATE INDEX outbox_event_platform_due_idx ON sf_master_data.outbox_event_platform (next_attempt_at) WHERE status = 'PENDING';
GRANT INSERT ON sf_master_data.outbox_event_platform TO sf_app;

GRANT USAGE ON SCHEMA sf_master_data TO sf_outbox_publisher;
GRANT SELECT, DELETE ON sf_master_data.outbox_event, sf_master_data.outbox_event_platform TO sf_outbox_publisher;
GRANT UPDATE (status, attempts, next_attempt_at, lease_owner, lease_expires_at, last_error_code, published_at)
  ON sf_master_data.outbox_event, sf_master_data.outbox_event_platform TO sf_outbox_publisher;

-- sf:isolation sf_master_data.inbox_event TENANT_SCOPED owner=CMP-034
CREATE TABLE sf_master_data.inbox_event (
  consumer_group text NOT NULL CHECK (consumer_group ~ '^[a-z0-9][a-z0-9._-]{0,99}$'),
  event_id uuid NOT NULL,
  tenant_id uuid NOT NULL,
  processed_at timestamptz NOT NULL DEFAULT now(),
  PRIMARY KEY (consumer_group, event_id)
);
ALTER TABLE sf_master_data.inbox_event ENABLE ROW LEVEL SECURITY;
ALTER TABLE sf_master_data.inbox_event FORCE ROW LEVEL SECURITY;
CREATE POLICY inbox_event_tenant ON sf_master_data.inbox_event TO sf_app
  USING (tenant_id = sf_platform.current_tenant_id())
  WITH CHECK (tenant_id = sf_platform.current_tenant_id());
GRANT SELECT, INSERT ON sf_master_data.inbox_event TO sf_app;

-- sf:isolation sf_master_data.inbox_event_platform PLATFORM_OPERATIONAL owner=CMP-034
CREATE TABLE sf_master_data.inbox_event_platform (
  consumer_group text NOT NULL CHECK (consumer_group ~ '^[a-z0-9][a-z0-9._-]{0,99}$'),
  event_id uuid NOT NULL,
  processed_at timestamptz NOT NULL DEFAULT now(),
  PRIMARY KEY (consumer_group, event_id)
);
GRANT SELECT, INSERT ON sf_master_data.inbox_event_platform TO sf_app;

-- Outside frozen SF-CON-OUTBOX template body (columns/policies/grants above unchanged).
-- ADR-0006 #5: authoritative tables owned by sf_migrator, not the migrate LOGIN.
ALTER TABLE sf_master_data.outbox_event OWNER TO sf_migrator;
ALTER TABLE sf_master_data.outbox_event_platform OWNER TO sf_migrator;
ALTER TABLE sf_master_data.inbox_event OWNER TO sf_migrator;
ALTER TABLE sf_master_data.inbox_event_platform OWNER TO sf_migrator;
;
INSERT INTO "public"."sf_schema_migrations" (name, run_on) VALUES ('1759501100001_cmp-034-outbox', NOW());


### MIGRATION 1759510000000_cmp-001-catalogue (UP) ###

-- Up Migration

DO $$
BEGIN
  IF NOT EXISTS (SELECT 1 FROM pg_roles WHERE rolname = 'sf_migrator') THEN
    CREATE ROLE sf_migrator NOLOGIN NOSUPERUSER NOCREATEDB NOCREATEROLE NOINHERIT NOBYPASSRLS;
  END IF;
END
$$;
COMMENT ON ROLE sf_migrator IS 'Deployment/migration role. Owns authoritative schemas/tables. Never a runtime login.';

DO $$
BEGIN
  IF NOT EXISTS (SELECT 1 FROM pg_roles WHERE rolname = 'sf_cmp001_rw') THEN
    CREATE ROLE sf_cmp001_rw NOLOGIN NOSUPERUSER NOCREATEDB NOCREATEROLE NOINHERIT NOBYPASSRLS;
  END IF;
END
$$;
COMMENT ON ROLE sf_cmp001_rw IS 'CMP-001 privilege role (ADR-0006). NOLOGIN. Holds DML on sf_catalogue business tables.';

CREATE SCHEMA sf_catalogue AUTHORIZATION sf_migrator;
COMMENT ON SCHEMA sf_catalogue IS 'isolation_class=mixed; owner=CMP-001; Canonical services and tenant offerings';

REVOKE ALL ON SCHEMA sf_catalogue FROM PUBLIC;
GRANT USAGE ON SCHEMA sf_catalogue TO sf_cmp001_rw;

ALTER DEFAULT PRIVILEGES FOR ROLE sf_migrator IN SCHEMA sf_catalogue REVOKE ALL ON TABLES FROM PUBLIC;
ALTER DEFAULT PRIVILEGES FOR ROLE sf_migrator IN SCHEMA sf_catalogue REVOKE ALL ON SEQUENCES FROM PUBLIC;
ALTER DEFAULT PRIVILEGES FOR ROLE sf_migrator IN SCHEMA sf_catalogue REVOKE ALL ON FUNCTIONS FROM PUBLIC;

-- sf:isolation sf_catalogue.category GLOBAL owner=CMP-001
CREATE TABLE sf_catalogue.category (
  category_id uuid PRIMARY KEY,
  category_code text NOT NULL UNIQUE CHECK (category_code ~ '^[A-Z][A-Z0-9_]{1,63}$'),
  display_label text NOT NULL CHECK (char_length(display_label) BETWEEN 1 AND 200),
  parent_category_id uuid REFERENCES sf_catalogue.category (category_id),
  status text NOT NULL CHECK (status IN ('ACTIVE', 'RETIRED')),
  created_at timestamptz NOT NULL DEFAULT now(),
  created_by uuid NOT NULL,
  CHECK (parent_category_id IS DISTINCT FROM category_id)
);
ALTER TABLE sf_catalogue.category OWNER TO sf_migrator;

-- sf:isolation sf_catalogue.canonical_service GLOBAL owner=CMP-001
CREATE TABLE sf_catalogue.canonical_service (
  canonical_service_id uuid PRIMARY KEY,
  service_code text NOT NULL UNIQUE CHECK (service_code ~ '^[a-z0-9][a-z0-9-]{1,62}$'),
  category_id uuid NOT NULL REFERENCES sf_catalogue.category (category_id),
  status text NOT NULL CHECK (status IN ('DRAFT', 'ACTIVE', 'RETIRED')),
  created_at timestamptz NOT NULL DEFAULT now(),
  created_by uuid NOT NULL
);
ALTER TABLE sf_catalogue.canonical_service OWNER TO sf_migrator;

-- sf:isolation sf_catalogue.canonical_service_version GLOBAL owner=CMP-001
CREATE TABLE sf_catalogue.canonical_service_version (
  canonical_service_id uuid NOT NULL REFERENCES sf_catalogue.canonical_service (canonical_service_id),
  version_no bigint NOT NULL CHECK (version_no >= 1),
  title text NOT NULL CHECK (char_length(title) BETWEEN 1 AND 200),
  summary text NOT NULL CHECK (char_length(summary) BETWEEN 1 AND 2000),
  tags text[] NOT NULL DEFAULT ARRAY[]::text[] CHECK (cardinality(tags) <= 32),
  status text NOT NULL CHECK (status IN ('DRAFT', 'ACTIVE', 'RETIRED')),
  valid_from timestamptz NOT NULL,
  reason text CHECK (reason IS NULL OR char_length(reason) BETWEEN 1 AND 1000),
  created_by uuid NOT NULL,
  created_at timestamptz NOT NULL DEFAULT now(),
  PRIMARY KEY (canonical_service_id, version_no),
  UNIQUE (canonical_service_id, valid_from)
);
CREATE INDEX canonical_service_version_as_of_idx
  ON sf_catalogue.canonical_service_version (canonical_service_id, valid_from DESC);
ALTER TABLE sf_catalogue.canonical_service_version OWNER TO sf_migrator;

-- sf:isolation sf_catalogue.offering TENANT_SCOPED owner=CMP-001
CREATE TABLE sf_catalogue.offering (
  tenant_id uuid NOT NULL,
  offering_id uuid NOT NULL,
  canonical_service_id uuid NOT NULL REFERENCES sf_catalogue.canonical_service (canonical_service_id),
  offering_code text NOT NULL CHECK (offering_code ~ '^[a-z0-9][a-z0-9-]{1,62}$'),
  created_at timestamptz NOT NULL DEFAULT now(),
  created_by uuid NOT NULL,
  PRIMARY KEY (tenant_id, offering_id),
  UNIQUE (tenant_id, offering_code)
);
CREATE INDEX offering_canonical_idx ON sf_catalogue.offering (tenant_id, canonical_service_id);
ALTER TABLE sf_catalogue.offering ENABLE ROW LEVEL SECURITY;
ALTER TABLE sf_catalogue.offering FORCE ROW LEVEL SECURITY;
CREATE POLICY offering_isolation ON sf_catalogue.offering TO sf_app
  USING (tenant_id = sf_platform.current_tenant_id())
  WITH CHECK (tenant_id = sf_platform.current_tenant_id());
ALTER TABLE sf_catalogue.offering OWNER TO sf_migrator;

-- sf:isolation sf_catalogue.offering_version TENANT_SCOPED owner=CMP-001
CREATE TABLE sf_catalogue.offering_version (
  tenant_id uuid NOT NULL,
  offering_id uuid NOT NULL,
  version_no bigint NOT NULL CHECK (version_no >= 1),
  local_name text NOT NULL CHECK (char_length(local_name) BETWEEN 1 AND 200),
  status text NOT NULL CHECK (status IN ('DRAFT', 'READY', 'RETIRED')),
  provider_org_ref text CHECK (provider_org_ref IS NULL OR char_length(provider_org_ref) BETWEEN 1 AND 200),
  provider_office_ref text CHECK (provider_office_ref IS NULL OR char_length(provider_office_ref) BETWEEN 1 AND 200),
  tags text[] NOT NULL DEFAULT ARRAY[]::text[] CHECK (cardinality(tags) <= 32),
  published_pin_ref text CHECK (published_pin_ref IS NULL OR char_length(published_pin_ref) BETWEEN 1 AND 200),
  valid_from timestamptz NOT NULL,
  reason text CHECK (reason IS NULL OR char_length(reason) BETWEEN 1 AND 1000),
  created_by uuid NOT NULL,
  created_at timestamptz NOT NULL DEFAULT now(),
  PRIMARY KEY (tenant_id, offering_id, version_no),
  UNIQUE (tenant_id, offering_id, valid_from),
  FOREIGN KEY (tenant_id, offering_id) REFERENCES sf_catalogue.offering (tenant_id, offering_id)
);
CREATE INDEX offering_version_as_of_idx
  ON sf_catalogue.offering_version (tenant_id, offering_id, valid_from DESC);
CREATE INDEX offering_version_tags_idx ON sf_catalogue.offering_version USING gin (tags);
ALTER TABLE sf_catalogue.offering_version ENABLE ROW LEVEL SECURITY;
ALTER TABLE sf_catalogue.offering_version FORCE ROW LEVEL SECURITY;
CREATE POLICY offering_version_isolation ON sf_catalogue.offering_version TO sf_app
  USING (tenant_id = sf_platform.current_tenant_id())
  WITH CHECK (tenant_id = sf_platform.current_tenant_id());
ALTER TABLE sf_catalogue.offering_version OWNER TO sf_migrator;

-- sf:isolation sf_catalogue.offering_binding TENANT_SCOPED owner=CMP-001
-- Opaque jurisdiction/org/office refs — no FK to CMP-002/003 (Constitution #23).
CREATE TABLE sf_catalogue.offering_binding (
  binding_id uuid PRIMARY KEY,
  tenant_id uuid NOT NULL,
  offering_id uuid NOT NULL,
  version_no bigint NOT NULL CHECK (version_no >= 1),
  jurisdiction_ref text NOT NULL CHECK (char_length(jurisdiction_ref) BETWEEN 1 AND 200),
  target_type text NOT NULL CHECK (target_type ~ '^[A-Z][A-Z0-9_]{1,63}$'),
  target_ref text NOT NULL CHECK (char_length(target_ref) BETWEEN 1 AND 200),
  status text NOT NULL CHECK (status IN ('ACTIVE', 'INACTIVE')),
  valid_from timestamptz NOT NULL,
  reason text CHECK (reason IS NULL OR char_length(reason) BETWEEN 1 AND 1000),
  created_by uuid NOT NULL,
  created_at timestamptz NOT NULL DEFAULT now(),
  UNIQUE (tenant_id, offering_id, target_type, target_ref, version_no),
  FOREIGN KEY (tenant_id, offering_id, version_no)
    REFERENCES sf_catalogue.offering_version (tenant_id, offering_id, version_no)
);
CREATE INDEX offering_binding_lookup_idx
  ON sf_catalogue.offering_binding (tenant_id, offering_id, valid_from DESC);
ALTER TABLE sf_catalogue.offering_binding ENABLE ROW LEVEL SECURITY;
ALTER TABLE sf_catalogue.offering_binding FORCE ROW LEVEL SECURITY;
CREATE POLICY offering_binding_isolation ON sf_catalogue.offering_binding TO sf_app
  USING (tenant_id = sf_platform.current_tenant_id())
  WITH CHECK (tenant_id = sf_platform.current_tenant_id());
ALTER TABLE sf_catalogue.offering_binding OWNER TO sf_migrator;

-- sf:isolation sf_catalogue.idempotency_record TENANT_SCOPED owner=CMP-001
CREATE TABLE sf_catalogue.idempotency_record (
  tenant_id uuid NOT NULL,
  principal_id uuid NOT NULL,
  endpoint text NOT NULL,
  idempotency_key text NOT NULL,
  request_fingerprint text NOT NULL CHECK (request_fingerprint ~ '^sha256:[0-9a-f]{64}$'),
  status text NOT NULL CHECK (status IN ('IN_PROGRESS', 'COMPLETED', 'FAILED')),
  response_ref text,
  response_status integer,
  response_body jsonb,
  created_at timestamptz NOT NULL DEFAULT now(),
  expires_at timestamptz NOT NULL,
  PRIMARY KEY (tenant_id, principal_id, endpoint, idempotency_key)
);
ALTER TABLE sf_catalogue.idempotency_record ENABLE ROW LEVEL SECURITY;
ALTER TABLE sf_catalogue.idempotency_record FORCE ROW LEVEL SECURITY;
CREATE POLICY idempotency_record_isolation ON sf_catalogue.idempotency_record TO sf_app
  USING (tenant_id = sf_platform.current_tenant_id())
  WITH CHECK (tenant_id = sf_platform.current_tenant_id());
ALTER TABLE sf_catalogue.idempotency_record OWNER TO sf_migrator;

-- sf:isolation sf_catalogue.idempotency_record_platform PLATFORM_OPERATIONAL owner=CMP-001
CREATE TABLE sf_catalogue.idempotency_record_platform (
  principal_id uuid NOT NULL,
  endpoint text NOT NULL,
  idempotency_key text NOT NULL,
  request_fingerprint text NOT NULL CHECK (request_fingerprint ~ '^sha256:[0-9a-f]{64}$'),
  status text NOT NULL CHECK (status IN ('IN_PROGRESS', 'COMPLETED', 'FAILED')),
  response_ref text,
  response_status integer,
  response_body jsonb,
  created_at timestamptz NOT NULL DEFAULT now(),
  expires_at timestamptz NOT NULL,
  PRIMARY KEY (principal_id, endpoint, idempotency_key)
);
ALTER TABLE sf_catalogue.idempotency_record_platform ENABLE ROW LEVEL SECURITY;
ALTER TABLE sf_catalogue.idempotency_record_platform FORCE ROW LEVEL SECURITY;
CREATE POLICY idempotency_record_platform_actor ON sf_catalogue.idempotency_record_platform TO sf_app
  USING (principal_id = sf_platform.current_actor_id())
  WITH CHECK (principal_id = sf_platform.current_actor_id());
ALTER TABLE sf_catalogue.idempotency_record_platform OWNER TO sf_migrator;

CREATE FUNCTION sf_catalogue.reject_mutation()
RETURNS trigger
LANGUAGE plpgsql
SET search_path = sf_catalogue, pg_temp
AS $$
BEGIN
  RAISE EXCEPTION 'insert-only catalogue row'
    USING ERRCODE = '42501';
END;
$$;
ALTER FUNCTION sf_catalogue.reject_mutation() OWNER TO sf_migrator;

CREATE TRIGGER canonical_service_version_immutable
  BEFORE UPDATE OR DELETE ON sf_catalogue.canonical_service_version
  FOR EACH ROW
  EXECUTE FUNCTION sf_catalogue.reject_mutation();

CREATE TRIGGER offering_version_immutable
  BEFORE UPDATE OR DELETE ON sf_catalogue.offering_version
  FOR EACH ROW
  EXECUTE FUNCTION sf_catalogue.reject_mutation();

CREATE TRIGGER offering_binding_immutable
  BEFORE UPDATE OR DELETE ON sf_catalogue.offering_binding
  FOR EACH ROW
  EXECUTE FUNCTION sf_catalogue.reject_mutation();

CREATE FUNCTION sf_catalogue.enforce_offering_version_pin()
RETURNS trigger
LANGUAGE plpgsql
SET search_path = sf_catalogue, pg_temp
AS $$
BEGIN
  IF NEW.published_pin_ref IS NOT NULL
     AND current_setting('app.privileged_marker', true) IS DISTINCT FROM 'CATALOGUE_PIN' THEN
    RAISE EXCEPTION 'published pin requires privileged marker'
      USING ERRCODE = '42501';
  END IF;
  RETURN NEW;
END;
$$;
ALTER FUNCTION sf_catalogue.enforce_offering_version_pin() OWNER TO sf_migrator;

CREATE TRIGGER offering_version_pin_guard
  BEFORE INSERT ON sf_catalogue.offering_version
  FOR EACH ROW
  EXECUTE FUNCTION sf_catalogue.enforce_offering_version_pin();

REVOKE ALL ON ALL TABLES IN SCHEMA sf_catalogue FROM PUBLIC;
REVOKE ALL ON ALL SEQUENCES IN SCHEMA sf_catalogue FROM PUBLIC;
REVOKE ALL ON ALL FUNCTIONS IN SCHEMA sf_catalogue FROM PUBLIC;

GRANT SELECT, INSERT, UPDATE (display_label, status) ON sf_catalogue.category TO sf_cmp001_rw;
GRANT SELECT, INSERT, UPDATE (status) ON sf_catalogue.canonical_service TO sf_cmp001_rw;
GRANT SELECT, INSERT ON sf_catalogue.canonical_service_version TO sf_cmp001_rw;
GRANT SELECT, INSERT ON sf_catalogue.offering TO sf_cmp001_rw;
GRANT SELECT, INSERT ON sf_catalogue.offering_version TO sf_cmp001_rw;
GRANT SELECT, INSERT ON sf_catalogue.offering_binding TO sf_cmp001_rw;
GRANT SELECT, INSERT, DELETE, UPDATE (status, response_ref, response_status, response_body)
  ON sf_catalogue.idempotency_record TO sf_cmp001_rw;
GRANT SELECT, INSERT, DELETE, UPDATE (status, response_ref, response_status, response_body)
  ON sf_catalogue.idempotency_record_platform TO sf_cmp001_rw;

GRANT EXECUTE ON FUNCTION sf_catalogue.reject_mutation() TO sf_cmp001_rw;
GRANT EXECUTE ON FUNCTION sf_catalogue.enforce_offering_version_pin() TO sf_cmp001_rw;

ALTER TABLE sf_catalogue.category ALTER COLUMN display_label SET STATISTICS 0;
ALTER TABLE sf_catalogue.canonical_service_version ALTER COLUMN title SET STATISTICS 0;
ALTER TABLE sf_catalogue.canonical_service_version ALTER COLUMN summary SET STATISTICS 0;
ALTER TABLE sf_catalogue.offering_version ALTER COLUMN local_name SET STATISTICS 0;
ALTER TABLE sf_catalogue.offering_binding ALTER COLUMN target_ref SET STATISTICS 0;
ALTER TABLE sf_catalogue.offering_binding ALTER COLUMN jurisdiction_ref SET STATISTICS 0;
;
INSERT INTO "public"."sf_schema_migrations" (name, run_on) VALUES ('1759510000000_cmp-001-catalogue', NOW());


### MIGRATION 1759510000001_cmp-001-outbox (UP) ###

-- Up Migration
-- SF-CON-OUTBOX v1: normative outbox and inbox layout for every component schema.
-- Copy into the component's own migration, replacing sf_catalogue with the component schema and
-- CMP-001 with its CMP id. Do not add columns or change grants without a Contract Change Request.
-- Requires db/migrations/1759490000000_shared-db-contracts.sql (sf_platform.current_tenant_id(),
-- role sf_outbox_publisher).
--
-- Rules (summary; the schema contracts/shared/schemas/outbox-record.schema.json is authoritative
-- for row content):
--  1. Producers INSERT exactly one row per event in the same transaction as the state change,
--     after validating the envelope against SF-CON-EVENT-ENVELOPE. Producers never SELECT,
--     UPDATE or DELETE outbox rows.
--  2. Envelopes with a tenant_id go to outbox_event; envelopes with tenant_id null go to
--     outbox_event_platform.
--  3. The publisher (packages/outbox, CMP-038) runs as a login role that is a member of
--     sf_outbox_publisher only. It claims PENDING rows by setting lease_owner/lease_expires_at
--     in one short transaction, publishes with no transaction open, then sets PUBLISHED (or
--     schedules a retry) in another. An expired lease makes a row claimable again, so delivery
--     is at-least-once.
--  4. For one partition_key, a row is claimable only when no row with a lower seq is PENDING or
--     DEAD_LETTERED. A DEAD_LETTERED row therefore holds its key until an operator replays or
--     discards it through an audited action.
--  5. Consumers record (consumer_group, event_id) in inbox_event or inbox_event_platform in the
--     same transaction as their own state change; a conflict means the event was already applied.
--  6. The publisher deletes PUBLISHED rows only after the topic's retention window in the CMP-038
--     topic registry.

-- sf:isolation sf_catalogue.outbox_event TENANT_SCOPED owner=CMP-001
CREATE TABLE sf_catalogue.outbox_event (
  seq bigint GENERATED ALWAYS AS IDENTITY PRIMARY KEY,
  event_id uuid NOT NULL UNIQUE,
  tenant_id uuid NOT NULL,
  topic text NOT NULL CHECK (topic ~ '^[a-zA-Z0-9._-]{3,249}$'),
  partition_key text NOT NULL CHECK (length(partition_key) BETWEEN 1 AND 200),
  event_type text NOT NULL,
  schema_version integer NOT NULL CHECK (schema_version >= 1),
  aggregate_type text NOT NULL,
  aggregate_id uuid NOT NULL,
  aggregate_version bigint NOT NULL CHECK (aggregate_version >= 0),
  envelope jsonb NOT NULL CHECK (octet_length(envelope::text) <= 262144),
  status text NOT NULL DEFAULT 'PENDING' CHECK (status IN ('PENDING', 'PUBLISHED', 'DEAD_LETTERED')),
  attempts integer NOT NULL DEFAULT 0 CHECK (attempts >= 0),
  next_attempt_at timestamptz NOT NULL DEFAULT now(),
  lease_owner text,
  lease_expires_at timestamptz,
  last_error_code text CHECK (last_error_code ~ '^[A-Z][A-Z0-9_]{1,63}$'),
  created_at timestamptz NOT NULL DEFAULT now(),
  published_at timestamptz,
  CHECK (envelope ->> 'event_id' = event_id::text),
  CHECK (envelope ->> 'tenant_id' = tenant_id::text),
  CHECK (envelope ->> 'aggregate_id' = aggregate_id::text),
  CHECK (envelope ->> 'event_type' = event_type)
);
CREATE INDEX outbox_event_claim_idx ON sf_catalogue.outbox_event (partition_key, seq) WHERE status <> 'PUBLISHED';
CREATE INDEX outbox_event_due_idx ON sf_catalogue.outbox_event (next_attempt_at) WHERE status = 'PENDING';
ALTER TABLE sf_catalogue.outbox_event ENABLE ROW LEVEL SECURITY;
ALTER TABLE sf_catalogue.outbox_event FORCE ROW LEVEL SECURITY;
CREATE POLICY outbox_event_tenant_insert ON sf_catalogue.outbox_event FOR INSERT TO sf_app
  WITH CHECK (tenant_id = sf_platform.current_tenant_id());
CREATE POLICY outbox_event_publisher ON sf_catalogue.outbox_event TO sf_outbox_publisher
  USING (true) WITH CHECK (true);
GRANT INSERT ON sf_catalogue.outbox_event TO sf_app;

-- sf:isolation sf_catalogue.outbox_event_platform PLATFORM_OPERATIONAL owner=CMP-001
CREATE TABLE sf_catalogue.outbox_event_platform (
  seq bigint GENERATED ALWAYS AS IDENTITY PRIMARY KEY,
  event_id uuid NOT NULL UNIQUE,
  topic text NOT NULL CHECK (topic ~ '^[a-zA-Z0-9._-]{3,249}$'),
  partition_key text NOT NULL CHECK (length(partition_key) BETWEEN 1 AND 200),
  event_type text NOT NULL,
  schema_version integer NOT NULL CHECK (schema_version >= 1),
  aggregate_type text NOT NULL,
  aggregate_id uuid NOT NULL,
  aggregate_version bigint NOT NULL CHECK (aggregate_version >= 0),
  envelope jsonb NOT NULL CHECK (octet_length(envelope::text) <= 262144),
  status text NOT NULL DEFAULT 'PENDING' CHECK (status IN ('PENDING', 'PUBLISHED', 'DEAD_LETTERED')),
  attempts integer NOT NULL DEFAULT 0 CHECK (attempts >= 0),
  next_attempt_at timestamptz NOT NULL DEFAULT now(),
  lease_owner text,
  lease_expires_at timestamptz,
  last_error_code text CHECK (last_error_code ~ '^[A-Z][A-Z0-9_]{1,63}$'),
  created_at timestamptz NOT NULL DEFAULT now(),
  published_at timestamptz,
  CHECK (envelope ->> 'event_id' = event_id::text),
  CHECK (jsonb_typeof(envelope -> 'tenant_id') = 'null'),
  CHECK (envelope ->> 'aggregate_id' = aggregate_id::text),
  CHECK (envelope ->> 'event_type' = event_type)
);
CREATE INDEX outbox_event_platform_claim_idx ON sf_catalogue.outbox_event_platform (partition_key, seq) WHERE status <> 'PUBLISHED';
CREATE INDEX outbox_event_platform_due_idx ON sf_catalogue.outbox_event_platform (next_attempt_at) WHERE status = 'PENDING';
GRANT INSERT ON sf_catalogue.outbox_event_platform TO sf_app;

GRANT USAGE ON SCHEMA sf_catalogue TO sf_outbox_publisher;
GRANT SELECT, DELETE ON sf_catalogue.outbox_event, sf_catalogue.outbox_event_platform TO sf_outbox_publisher;
GRANT UPDATE (status, attempts, next_attempt_at, lease_owner, lease_expires_at, last_error_code, published_at)
  ON sf_catalogue.outbox_event, sf_catalogue.outbox_event_platform TO sf_outbox_publisher;

-- sf:isolation sf_catalogue.inbox_event TENANT_SCOPED owner=CMP-001
CREATE TABLE sf_catalogue.inbox_event (
  consumer_group text NOT NULL CHECK (consumer_group ~ '^[a-z0-9][a-z0-9._-]{0,99}$'),
  event_id uuid NOT NULL,
  tenant_id uuid NOT NULL,
  processed_at timestamptz NOT NULL DEFAULT now(),
  PRIMARY KEY (consumer_group, event_id)
);
ALTER TABLE sf_catalogue.inbox_event ENABLE ROW LEVEL SECURITY;
ALTER TABLE sf_catalogue.inbox_event FORCE ROW LEVEL SECURITY;
CREATE POLICY inbox_event_tenant ON sf_catalogue.inbox_event TO sf_app
  USING (tenant_id = sf_platform.current_tenant_id())
  WITH CHECK (tenant_id = sf_platform.current_tenant_id());
GRANT SELECT, INSERT ON sf_catalogue.inbox_event TO sf_app;

-- sf:isolation sf_catalogue.inbox_event_platform PLATFORM_OPERATIONAL owner=CMP-001
CREATE TABLE sf_catalogue.inbox_event_platform (
  consumer_group text NOT NULL CHECK (consumer_group ~ '^[a-z0-9][a-z0-9._-]{0,99}$'),
  event_id uuid NOT NULL,
  processed_at timestamptz NOT NULL DEFAULT now(),
  PRIMARY KEY (consumer_group, event_id)
);
GRANT SELECT, INSERT ON sf_catalogue.inbox_event_platform TO sf_app;


-- Outside frozen SF-CON-OUTBOX template body (columns/policies/grants above unchanged).
-- ADR-0006 #5: authoritative tables owned by sf_migrator, not the migrate LOGIN.
ALTER TABLE sf_catalogue.outbox_event OWNER TO sf_migrator;
ALTER TABLE sf_catalogue.outbox_event_platform OWNER TO sf_migrator;
ALTER TABLE sf_catalogue.inbox_event OWNER TO sf_migrator;
ALTER TABLE sf_catalogue.inbox_event_platform OWNER TO sf_migrator;
;
INSERT INTO "public"."sf_schema_migrations" (name, run_on) VALUES ('1759510000001_cmp-001-outbox', NOW());


### MIGRATION 1759520510000_cmp-051-maker-checker (UP) ###
--
-- Up Migration

DO $$
BEGIN
  IF NOT EXISTS (SELECT 1 FROM pg_roles WHERE rolname = 'sf_migrator') THEN
    CREATE ROLE sf_migrator NOLOGIN NOSUPERUSER NOCREATEDB NOCREATEROLE NOINHERIT NOBYPASSRLS;
  END IF;
END
$$;

DO $$
BEGIN
  IF NOT EXISTS (SELECT 1 FROM pg_roles WHERE rolname = 'sf_cmp051_rw') THEN
    CREATE ROLE sf_cmp051_rw NOLOGIN NOSUPERUSER NOCREATEDB NOCREATEROLE NOINHERIT NOBYPASSRLS;
  END IF;
END
$$;
COMMENT ON ROLE sf_cmp051_rw IS
  'ADR-0006: CMP-051 privilege role. NOLOGIN. Runtime logins inherit sf_app + this role only.';

CREATE SCHEMA sf_maker_checker AUTHORIZATION sf_migrator;
COMMENT ON SCHEMA sf_maker_checker IS
  'isolation_class=mixed; owner=CMP-051; publication review requests';

REVOKE ALL ON SCHEMA sf_maker_checker FROM PUBLIC;
GRANT USAGE ON SCHEMA sf_maker_checker TO sf_cmp051_rw;
GRANT USAGE ON SCHEMA sf_maker_checker TO sf_app;

ALTER DEFAULT PRIVILEGES FOR ROLE sf_migrator IN SCHEMA sf_maker_checker REVOKE ALL ON TABLES FROM PUBLIC;
ALTER DEFAULT PRIVILEGES FOR ROLE sf_migrator IN SCHEMA sf_maker_checker REVOKE ALL ON SEQUENCES FROM PUBLIC;
ALTER DEFAULT PRIVILEGES FOR ROLE sf_migrator IN SCHEMA sf_maker_checker REVOKE ALL ON FUNCTIONS FROM PUBLIC;

GRANT USAGE ON SCHEMA sf_platform TO sf_migrator;

-- sf:isolation sf_maker_checker.publication_request TENANT_SCOPED owner=CMP-051
CREATE TABLE sf_maker_checker.publication_request (
  request_id uuid PRIMARY KEY,
  tenant_id uuid NOT NULL,
  cell_id text NOT NULL CHECK (cell_id ~ '^cell-[a-z0-9-]{1,40}$'),
  subject_type text NOT NULL CHECK (subject_type IN ('TENANT_SERVICE_BINDING')),
  subject_id uuid NOT NULL,
  proposed_hash text NOT NULL CHECK (proposed_hash ~ '^sha256:[0-9a-f]{64}$'),
  status text NOT NULL CHECK (status IN ('DRAFT', 'SUBMITTED', 'APPROVED', 'REJECTED', 'SUPERSEDED')),
  maker_principal_id uuid NOT NULL,
  checker_principal_id uuid,
  submit_reason text CHECK (submit_reason IS NULL OR char_length(submit_reason) BETWEEN 1 AND 1000),
  decision_reason text CHECK (decision_reason IS NULL OR char_length(decision_reason) BETWEEN 1 AND 1000),
  ai_advisory jsonb NOT NULL DEFAULT '{}'::jsonb CHECK (octet_length(ai_advisory::text) <= 8192),
  aggregate_version bigint NOT NULL DEFAULT 1 CHECK (aggregate_version >= 1),
  created_at timestamptz NOT NULL DEFAULT now(),
  submitted_at timestamptz,
  decided_at timestamptz,
  UNIQUE (tenant_id, request_id),
  CHECK (checker_principal_id IS NULL OR checker_principal_id <> maker_principal_id),
  CHECK (status <> 'SUBMITTED' OR submitted_at IS NOT NULL),
  CHECK (status NOT IN ('APPROVED', 'REJECTED') OR (decided_at IS NOT NULL AND checker_principal_id IS NOT NULL))
);
CREATE INDEX publication_request_subject_idx
  ON sf_maker_checker.publication_request (tenant_id, subject_type, subject_id, status);
ALTER TABLE sf_maker_checker.publication_request ENABLE ROW LEVEL SECURITY;
ALTER TABLE sf_maker_checker.publication_request FORCE ROW LEVEL SECURITY;
CREATE POLICY publication_request_tenant ON sf_maker_checker.publication_request TO sf_app
  USING (tenant_id = sf_platform.current_tenant_id())
  WITH CHECK (tenant_id = sf_platform.current_tenant_id());
ALTER TABLE sf_maker_checker.publication_request OWNER TO sf_migrator;

CREATE FUNCTION sf_maker_checker.enforce_review_transition() RETURNS trigger
  LANGUAGE plpgsql
  AS $$
BEGIN
  IF TG_OP = 'DELETE' THEN
    IF OLD.status IN ('APPROVED', 'REJECTED') THEN
      RAISE EXCEPTION 'publication decision is immutable'
        USING ERRCODE = 'P0001', HINT = 'SF_PUBLISHED_IMMUTABLE';
    END IF;
    RETURN OLD;
  END IF;
  IF OLD.status IN ('APPROVED', 'REJECTED') THEN
    RAISE EXCEPTION 'publication decision is immutable'
      USING ERRCODE = 'P0001', HINT = 'SF_PUBLISHED_IMMUTABLE';
  END IF;
  IF NEW.status IN ('APPROVED', 'REJECTED') THEN
    IF OLD.status <> 'SUBMITTED' THEN
      RAISE EXCEPTION 'checker decision requires submitted request'
        USING ERRCODE = 'P0001', HINT = 'SF_CHECKER_REQUIRED';
    END IF;
    IF NEW.checker_principal_id IS NULL OR NEW.checker_principal_id = OLD.maker_principal_id THEN
      RAISE EXCEPTION 'maker cannot approve or reject own request'
        USING ERRCODE = 'P0001', HINT = 'SF_MAKER_CHECKER';
    END IF;
  END IF;
  RETURN NEW;
END
$$;
ALTER FUNCTION sf_maker_checker.enforce_review_transition() OWNER TO sf_migrator;
REVOKE ALL ON FUNCTION sf_maker_checker.enforce_review_transition() FROM PUBLIC;
GRANT EXECUTE ON FUNCTION sf_maker_checker.enforce_review_transition() TO sf_app, sf_cmp051_rw;

CREATE TRIGGER publication_request_review_transition
  BEFORE UPDATE OR DELETE ON sf_maker_checker.publication_request
  FOR EACH ROW
  EXECUTE FUNCTION sf_maker_checker.enforce_review_transition();

-- sf:isolation sf_maker_checker.idempotency_record TENANT_SCOPED owner=CMP-051
CREATE TABLE sf_maker_checker.idempotency_record (
  tenant_id uuid NOT NULL,
  principal_id uuid NOT NULL,
  endpoint text NOT NULL,
  idempotency_key text NOT NULL,
  request_fingerprint text NOT NULL CHECK (request_fingerprint ~ '^sha256:[0-9a-f]{64}$'),
  status text NOT NULL CHECK (status IN ('IN_PROGRESS', 'COMPLETED', 'FAILED')),
  response_ref text,
  response_status integer,
  response_body jsonb,
  created_at timestamptz NOT NULL DEFAULT now(),
  expires_at timestamptz NOT NULL,
  PRIMARY KEY (tenant_id, principal_id, endpoint, idempotency_key)
);
ALTER TABLE sf_maker_checker.idempotency_record ENABLE ROW LEVEL SECURITY;
ALTER TABLE sf_maker_checker.idempotency_record FORCE ROW LEVEL SECURITY;
CREATE POLICY idempotency_tenant ON sf_maker_checker.idempotency_record TO sf_app
  USING (tenant_id = sf_platform.current_tenant_id())
  WITH CHECK (tenant_id = sf_platform.current_tenant_id());
ALTER TABLE sf_maker_checker.idempotency_record OWNER TO sf_migrator;

GRANT SELECT, INSERT, UPDATE (
  status, checker_principal_id, submit_reason, decision_reason, ai_advisory,
  aggregate_version, submitted_at, decided_at
) ON sf_maker_checker.publication_request TO sf_cmp051_rw;
GRANT SELECT, INSERT, DELETE, UPDATE (
  status, response_ref, response_status, response_body
) ON sf_maker_checker.idempotency_record TO sf_cmp051_rw;

REVOKE ALL ON sf_maker_checker.publication_request FROM PUBLIC;
REVOKE ALL ON sf_maker_checker.idempotency_record FROM PUBLIC;
;
INSERT INTO "public"."sf_schema_migrations" (name, run_on) VALUES ('1759520510000_cmp-051-maker-checker', NOW());


### MIGRATION 1759520510001_cmp-051-outbox (UP) ###
--
-- Up Migration

-- SF-CON-OUTBOX v1: normative outbox and inbox layout for every component schema.
-- Copy into the component's own migration, replacing sf_maker_checker with the component schema and
-- CMP-051 with its CMP id. Do not add columns or change grants without a Contract Change Request.
-- Requires db/migrations/1759490000000_shared-db-contracts.sql (sf_platform.current_tenant_id(),
-- role sf_outbox_publisher).
--
-- Rules (summary; the schema contracts/shared/schemas/outbox-record.schema.json is authoritative
-- for row content):
--  1. Producers INSERT exactly one row per event in the same transaction as the state change,
--     after validating the envelope against SF-CON-EVENT-ENVELOPE. Producers never SELECT,
--     UPDATE or DELETE outbox rows.
--  2. Envelopes with a tenant_id go to outbox_event; envelopes with tenant_id null go to
--     outbox_event_platform.
--  3. The publisher (packages/outbox, CMP-038) runs as a login role that is a member of
--     sf_outbox_publisher only. It claims PENDING rows by setting lease_owner/lease_expires_at
--     in one short transaction, publishes with no transaction open, then sets PUBLISHED (or
--     schedules a retry) in another. An expired lease makes a row claimable again, so delivery
--     is at-least-once.
--  4. For one partition_key, a row is claimable only when no row with a lower seq is PENDING or
--     DEAD_LETTERED. A DEAD_LETTERED row therefore holds its key until an operator replays or
--     discards it through an audited action.
--  5. Consumers record (consumer_group, event_id) in inbox_event or inbox_event_platform in the
--     same transaction as their own state change; a conflict means the event was already applied.
--  6. The publisher deletes PUBLISHED rows only after the topic's retention window in the CMP-038
--     topic registry.

-- sf:isolation sf_maker_checker.outbox_event TENANT_SCOPED owner=CMP-051
CREATE TABLE sf_maker_checker.outbox_event (
  seq bigint GENERATED ALWAYS AS IDENTITY PRIMARY KEY,
  event_id uuid NOT NULL UNIQUE,
  tenant_id uuid NOT NULL,
  topic text NOT NULL CHECK (topic ~ '^[a-zA-Z0-9._-]{3,249}$'),
  partition_key text NOT NULL CHECK (length(partition_key) BETWEEN 1 AND 200),
  event_type text NOT NULL,
  schema_version integer NOT NULL CHECK (schema_version >= 1),
  aggregate_type text NOT NULL,
  aggregate_id uuid NOT NULL,
  aggregate_version bigint NOT NULL CHECK (aggregate_version >= 0),
  envelope jsonb NOT NULL CHECK (octet_length(envelope::text) <= 262144),
  status text NOT NULL DEFAULT 'PENDING' CHECK (status IN ('PENDING', 'PUBLISHED', 'DEAD_LETTERED')),
  attempts integer NOT NULL DEFAULT 0 CHECK (attempts >= 0),
  next_attempt_at timestamptz NOT NULL DEFAULT now(),
  lease_owner text,
  lease_expires_at timestamptz,
  last_error_code text CHECK (last_error_code ~ '^[A-Z][A-Z0-9_]{1,63}$'),
  created_at timestamptz NOT NULL DEFAULT now(),
  published_at timestamptz,
  CHECK (envelope ->> 'event_id' = event_id::text),
  CHECK (envelope ->> 'tenant_id' = tenant_id::text),
  CHECK (envelope ->> 'aggregate_id' = aggregate_id::text),
  CHECK (envelope ->> 'event_type' = event_type)
);
CREATE INDEX outbox_event_claim_idx ON sf_maker_checker.outbox_event (partition_key, seq) WHERE status <> 'PUBLISHED';
CREATE INDEX outbox_event_due_idx ON sf_maker_checker.outbox_event (next_attempt_at) WHERE status = 'PENDING';
ALTER TABLE sf_maker_checker.outbox_event ENABLE ROW LEVEL SECURITY;
ALTER TABLE sf_maker_checker.outbox_event FORCE ROW LEVEL SECURITY;
CREATE POLICY outbox_event_tenant_insert ON sf_maker_checker.outbox_event FOR INSERT TO sf_app
  WITH CHECK (tenant_id = sf_platform.current_tenant_id());
CREATE POLICY outbox_event_publisher ON sf_maker_checker.outbox_event TO sf_outbox_publisher
  USING (true) WITH CHECK (true);
GRANT INSERT ON sf_maker_checker.outbox_event TO sf_app;

-- sf:isolation sf_maker_checker.outbox_event_platform PLATFORM_OPERATIONAL owner=CMP-051
CREATE TABLE sf_maker_checker.outbox_event_platform (
  seq bigint GENERATED ALWAYS AS IDENTITY PRIMARY KEY,
  event_id uuid NOT NULL UNIQUE,
  topic text NOT NULL CHECK (topic ~ '^[a-zA-Z0-9._-]{3,249}$'),
  partition_key text NOT NULL CHECK (length(partition_key) BETWEEN 1 AND 200),
  event_type text NOT NULL,
  schema_version integer NOT NULL CHECK (schema_version >= 1),
  aggregate_type text NOT NULL,
  aggregate_id uuid NOT NULL,
  aggregate_version bigint NOT NULL CHECK (aggregate_version >= 0),
  envelope jsonb NOT NULL CHECK (octet_length(envelope::text) <= 262144),
  status text NOT NULL DEFAULT 'PENDING' CHECK (status IN ('PENDING', 'PUBLISHED', 'DEAD_LETTERED')),
  attempts integer NOT NULL DEFAULT 0 CHECK (attempts >= 0),
  next_attempt_at timestamptz NOT NULL DEFAULT now(),
  lease_owner text,
  lease_expires_at timestamptz,
  last_error_code text CHECK (last_error_code ~ '^[A-Z][A-Z0-9_]{1,63}$'),
  created_at timestamptz NOT NULL DEFAULT now(),
  published_at timestamptz,
  CHECK (envelope ->> 'event_id' = event_id::text),
  CHECK (jsonb_typeof(envelope -> 'tenant_id') = 'null'),
  CHECK (envelope ->> 'aggregate_id' = aggregate_id::text),
  CHECK (envelope ->> 'event_type' = event_type)
);
CREATE INDEX outbox_event_platform_claim_idx ON sf_maker_checker.outbox_event_platform (partition_key, seq) WHERE status <> 'PUBLISHED';
CREATE INDEX outbox_event_platform_due_idx ON sf_maker_checker.outbox_event_platform (next_attempt_at) WHERE status = 'PENDING';
GRANT INSERT ON sf_maker_checker.outbox_event_platform TO sf_app;

GRANT USAGE ON SCHEMA sf_maker_checker TO sf_outbox_publisher;
GRANT SELECT, DELETE ON sf_maker_checker.outbox_event, sf_maker_checker.outbox_event_platform TO sf_outbox_publisher;
GRANT UPDATE (status, attempts, next_attempt_at, lease_owner, lease_expires_at, last_error_code, published_at)
  ON sf_maker_checker.outbox_event, sf_maker_checker.outbox_event_platform TO sf_outbox_publisher;

-- sf:isolation sf_maker_checker.inbox_event TENANT_SCOPED owner=CMP-051
CREATE TABLE sf_maker_checker.inbox_event (
  consumer_group text NOT NULL CHECK (consumer_group ~ '^[a-z0-9][a-z0-9._-]{0,99}$'),
  event_id uuid NOT NULL,
  tenant_id uuid NOT NULL,
  processed_at timestamptz NOT NULL DEFAULT now(),
  PRIMARY KEY (consumer_group, event_id)
);
ALTER TABLE sf_maker_checker.inbox_event ENABLE ROW LEVEL SECURITY;
ALTER TABLE sf_maker_checker.inbox_event FORCE ROW LEVEL SECURITY;
CREATE POLICY inbox_event_tenant ON sf_maker_checker.inbox_event TO sf_app
  USING (tenant_id = sf_platform.current_tenant_id())
  WITH CHECK (tenant_id = sf_platform.current_tenant_id());
GRANT SELECT, INSERT ON sf_maker_checker.inbox_event TO sf_app;

-- sf:isolation sf_maker_checker.inbox_event_platform PLATFORM_OPERATIONAL owner=CMP-051
CREATE TABLE sf_maker_checker.inbox_event_platform (
  consumer_group text NOT NULL CHECK (consumer_group ~ '^[a-z0-9][a-z0-9._-]{0,99}$'),
  event_id uuid NOT NULL,
  processed_at timestamptz NOT NULL DEFAULT now(),
  PRIMARY KEY (consumer_group, event_id)
);
GRANT SELECT, INSERT ON sf_maker_checker.inbox_event_platform TO sf_app;

-- Identity sequences are required for the frozen template GRANT INSERT … TO sf_app.
-- Table grants in the template body above are unchanged (ADR-0006 condition 9).
GRANT USAGE, SELECT ON ALL SEQUENCES IN SCHEMA sf_maker_checker TO sf_app;
REVOKE ALL ON ALL SEQUENCES IN SCHEMA sf_maker_checker FROM PUBLIC;
ALTER TABLE sf_maker_checker.outbox_event OWNER TO sf_migrator;
ALTER TABLE sf_maker_checker.outbox_event_platform OWNER TO sf_migrator;
ALTER TABLE sf_maker_checker.inbox_event OWNER TO sf_migrator;
ALTER TABLE sf_maker_checker.inbox_event_platform OWNER TO sf_migrator;
;
INSERT INTO "public"."sf_schema_migrations" (name, run_on) VALUES ('1759520510001_cmp-051-outbox', NOW());


### MIGRATION 1759520520000_cmp-052-versioning (UP) ###
--
-- Up Migration

DO $$
BEGIN
  IF NOT EXISTS (SELECT 1 FROM pg_roles WHERE rolname = 'sf_migrator') THEN
    CREATE ROLE sf_migrator NOLOGIN NOSUPERUSER NOCREATEDB NOCREATEROLE NOINHERIT NOBYPASSRLS;
  END IF;
END
$$;

DO $$
BEGIN
  IF NOT EXISTS (SELECT 1 FROM pg_roles WHERE rolname = 'sf_cmp052_rw') THEN
    CREATE ROLE sf_cmp052_rw NOLOGIN NOSUPERUSER NOCREATEDB NOCREATEROLE NOINHERIT NOBYPASSRLS;
  END IF;
END
$$;
COMMENT ON ROLE sf_cmp052_rw IS
  'ADR-0006: CMP-052 privilege role. NOLOGIN. Runtime logins inherit sf_app + this role only.';

CREATE SCHEMA sf_versioning AUTHORIZATION sf_migrator;
COMMENT ON SCHEMA sf_versioning IS
  'isolation_class=mixed; owner=CMP-052; version registry and TenantServiceBinding pins';

REVOKE ALL ON SCHEMA sf_versioning FROM PUBLIC;
GRANT USAGE ON SCHEMA sf_versioning TO sf_cmp052_rw;
GRANT USAGE ON SCHEMA sf_versioning TO sf_app;

ALTER DEFAULT PRIVILEGES FOR ROLE sf_migrator IN SCHEMA sf_versioning REVOKE ALL ON TABLES FROM PUBLIC;
ALTER DEFAULT PRIVILEGES FOR ROLE sf_migrator IN SCHEMA sf_versioning REVOKE ALL ON SEQUENCES FROM PUBLIC;
ALTER DEFAULT PRIVILEGES FOR ROLE sf_migrator IN SCHEMA sf_versioning REVOKE ALL ON FUNCTIONS FROM PUBLIC;

GRANT USAGE ON SCHEMA sf_platform TO sf_migrator;

-- sf:isolation sf_versioning.tenant_service_binding TENANT_SCOPED owner=CMP-052
CREATE TABLE sf_versioning.tenant_service_binding (
  binding_id uuid PRIMARY KEY,
  tenant_id uuid NOT NULL,
  cell_id text NOT NULL CHECK (cell_id ~ '^cell-[a-z0-9-]{1,40}$'),
  binding_key text NOT NULL CHECK (binding_key ~ '^[a-z][a-z0-9._-]{1,127}$'),
  offering_ref text NOT NULL CHECK (char_length(offering_ref) BETWEEN 1 AND 200),
  metadata_bundle_ref text NOT NULL CHECK (char_length(metadata_bundle_ref) BETWEEN 1 AND 200),
  pins jsonb NOT NULL CHECK (octet_length(pins::text) <= 65536),
  dependency_graph jsonb NOT NULL CHECK (octet_length(dependency_graph::text) <= 65536),
  artifact_hash text NOT NULL CHECK (artifact_hash ~ '^sha256:[0-9a-f]{64}$'),
  status text NOT NULL CHECK (status IN ('DRAFT', 'PUBLISHED', 'SUPERSEDED')),
  published_version_id uuid,
  aggregate_version bigint NOT NULL DEFAULT 1 CHECK (aggregate_version >= 1),
  created_by uuid NOT NULL,
  created_at timestamptz NOT NULL DEFAULT now(),
  updated_at timestamptz NOT NULL DEFAULT now(),
  published_at timestamptz,
  UNIQUE (tenant_id, binding_id),
  UNIQUE (tenant_id, binding_key, artifact_hash),
  CHECK (status <> 'PUBLISHED' OR (published_at IS NOT NULL AND published_version_id IS NOT NULL))
);
CREATE INDEX tenant_service_binding_key_idx
  ON sf_versioning.tenant_service_binding (tenant_id, binding_key, status);
ALTER TABLE sf_versioning.tenant_service_binding ENABLE ROW LEVEL SECURITY;
ALTER TABLE sf_versioning.tenant_service_binding FORCE ROW LEVEL SECURITY;
CREATE POLICY tenant_service_binding_tenant ON sf_versioning.tenant_service_binding TO sf_app
  USING (tenant_id = sf_platform.current_tenant_id())
  WITH CHECK (tenant_id = sf_platform.current_tenant_id());
ALTER TABLE sf_versioning.tenant_service_binding OWNER TO sf_migrator;

CREATE FUNCTION sf_versioning.prevent_published_binding_mutation() RETURNS trigger
  LANGUAGE plpgsql
  AS $$
BEGIN
  IF TG_OP = 'DELETE' THEN
    IF OLD.status = 'PUBLISHED' THEN
      RAISE EXCEPTION 'published TenantServiceBinding is immutable'
        USING ERRCODE = 'P0001', HINT = 'SF_PUBLISHED_IMMUTABLE';
    END IF;
    RETURN OLD;
  END IF;
  IF OLD.status = 'PUBLISHED' THEN
    RAISE EXCEPTION 'published TenantServiceBinding is immutable'
      USING ERRCODE = 'P0001', HINT = 'SF_PUBLISHED_IMMUTABLE';
  END IF;
  RETURN NEW;
END
$$;
ALTER FUNCTION sf_versioning.prevent_published_binding_mutation() OWNER TO sf_migrator;
REVOKE ALL ON FUNCTION sf_versioning.prevent_published_binding_mutation() FROM PUBLIC;
GRANT EXECUTE ON FUNCTION sf_versioning.prevent_published_binding_mutation() TO sf_app, sf_cmp052_rw;

CREATE TRIGGER tenant_service_binding_published_immutable
  BEFORE UPDATE OR DELETE ON sf_versioning.tenant_service_binding
  FOR EACH ROW
  EXECUTE FUNCTION sf_versioning.prevent_published_binding_mutation();

-- sf:isolation sf_versioning.artifact_version TENANT_SCOPED owner=CMP-052
CREATE TABLE sf_versioning.artifact_version (
  version_id uuid PRIMARY KEY,
  tenant_id uuid NOT NULL,
  cell_id text NOT NULL CHECK (cell_id ~ '^cell-[a-z0-9-]{1,40}$'),
  artifact_kind text NOT NULL CHECK (artifact_kind IN ('TENANT_SERVICE_BINDING')),
  artifact_key text NOT NULL CHECK (artifact_key ~ '^[a-z][a-z0-9._-]{1,127}$'),
  version_no bigint NOT NULL CHECK (version_no >= 1),
  content_hash text NOT NULL CHECK (content_hash ~ '^sha256:[0-9a-f]{64}$'),
  dependency_graph jsonb NOT NULL CHECK (octet_length(dependency_graph::text) <= 65536),
  source_binding_id uuid NOT NULL,
  status text NOT NULL CHECK (status IN ('PUBLISHED')),
  created_by uuid NOT NULL,
  created_at timestamptz NOT NULL DEFAULT now(),
  published_at timestamptz NOT NULL,
  UNIQUE (tenant_id, version_id),
  UNIQUE (tenant_id, artifact_kind, artifact_key, version_no),
  UNIQUE (tenant_id, artifact_kind, artifact_key, content_hash)
);
CREATE INDEX artifact_version_lookup_idx
  ON sf_versioning.artifact_version (tenant_id, artifact_kind, artifact_key, version_no DESC);
ALTER TABLE sf_versioning.artifact_version ENABLE ROW LEVEL SECURITY;
ALTER TABLE sf_versioning.artifact_version FORCE ROW LEVEL SECURITY;
CREATE POLICY artifact_version_tenant ON sf_versioning.artifact_version TO sf_app
  USING (tenant_id = sf_platform.current_tenant_id())
  WITH CHECK (tenant_id = sf_platform.current_tenant_id());
ALTER TABLE sf_versioning.artifact_version OWNER TO sf_migrator;

CREATE FUNCTION sf_versioning.prevent_published_artifact_mutation() RETURNS trigger
  LANGUAGE plpgsql
  AS $$
BEGIN
  RAISE EXCEPTION 'published artifact version is immutable'
    USING ERRCODE = 'P0001', HINT = 'SF_PUBLISHED_IMMUTABLE';
END
$$;
ALTER FUNCTION sf_versioning.prevent_published_artifact_mutation() OWNER TO sf_migrator;
REVOKE ALL ON FUNCTION sf_versioning.prevent_published_artifact_mutation() FROM PUBLIC;
GRANT EXECUTE ON FUNCTION sf_versioning.prevent_published_artifact_mutation() TO sf_app, sf_cmp052_rw;

CREATE TRIGGER artifact_version_published_immutable
  BEFORE UPDATE OR DELETE ON sf_versioning.artifact_version
  FOR EACH ROW
  EXECUTE FUNCTION sf_versioning.prevent_published_artifact_mutation();

-- sf:isolation sf_versioning.idempotency_record TENANT_SCOPED owner=CMP-052
CREATE TABLE sf_versioning.idempotency_record (
  tenant_id uuid NOT NULL,
  principal_id uuid NOT NULL,
  endpoint text NOT NULL,
  idempotency_key text NOT NULL,
  request_fingerprint text NOT NULL CHECK (request_fingerprint ~ '^sha256:[0-9a-f]{64}$'),
  status text NOT NULL CHECK (status IN ('IN_PROGRESS', 'COMPLETED', 'FAILED')),
  response_ref text,
  response_status integer,
  response_body jsonb,
  created_at timestamptz NOT NULL DEFAULT now(),
  expires_at timestamptz NOT NULL,
  PRIMARY KEY (tenant_id, principal_id, endpoint, idempotency_key)
);
ALTER TABLE sf_versioning.idempotency_record ENABLE ROW LEVEL SECURITY;
ALTER TABLE sf_versioning.idempotency_record FORCE ROW LEVEL SECURITY;
CREATE POLICY idempotency_tenant ON sf_versioning.idempotency_record TO sf_app
  USING (tenant_id = sf_platform.current_tenant_id())
  WITH CHECK (tenant_id = sf_platform.current_tenant_id());
ALTER TABLE sf_versioning.idempotency_record OWNER TO sf_migrator;

GRANT SELECT, INSERT, UPDATE (
  offering_ref, metadata_bundle_ref, pins, dependency_graph, artifact_hash,
  status, published_version_id, aggregate_version, updated_at, published_at
) ON sf_versioning.tenant_service_binding TO sf_cmp052_rw;
GRANT SELECT, INSERT ON sf_versioning.artifact_version TO sf_cmp052_rw;
GRANT SELECT, INSERT, DELETE, UPDATE (
  status, response_ref, response_status, response_body
) ON sf_versioning.idempotency_record TO sf_cmp052_rw;

REVOKE ALL ON sf_versioning.tenant_service_binding FROM PUBLIC;
REVOKE ALL ON sf_versioning.artifact_version FROM PUBLIC;
REVOKE ALL ON sf_versioning.idempotency_record FROM PUBLIC;
;
INSERT INTO "public"."sf_schema_migrations" (name, run_on) VALUES ('1759520520000_cmp-052-versioning', NOW());


### MIGRATION 1759520520001_cmp-052-outbox (UP) ###
--
-- Up Migration

-- SF-CON-OUTBOX v1: normative outbox and inbox layout for every component schema.
-- Copy into the component's own migration, replacing sf_versioning with the component schema and
-- CMP-052 with its CMP id. Do not add columns or change grants without a Contract Change Request.
-- Requires db/migrations/1759490000000_shared-db-contracts.sql (sf_platform.current_tenant_id(),
-- role sf_outbox_publisher).
--
-- Rules (summary; the schema contracts/shared/schemas/outbox-record.schema.json is authoritative
-- for row content):
--  1. Producers INSERT exactly one row per event in the same transaction as the state change,
--     after validating the envelope against SF-CON-EVENT-ENVELOPE. Producers never SELECT,
--     UPDATE or DELETE outbox rows.
--  2. Envelopes with a tenant_id go to outbox_event; envelopes with tenant_id null go to
--     outbox_event_platform.
--  3. The publisher (packages/outbox, CMP-038) runs as a login role that is a member of
--     sf_outbox_publisher only. It claims PENDING rows by setting lease_owner/lease_expires_at
--     in one short transaction, publishes with no transaction open, then sets PUBLISHED (or
--     schedules a retry) in another. An expired lease makes a row claimable again, so delivery
--     is at-least-once.
--  4. For one partition_key, a row is claimable only when no row with a lower seq is PENDING or
--     DEAD_LETTERED. A DEAD_LETTERED row therefore holds its key until an operator replays or
--     discards it through an audited action.
--  5. Consumers record (consumer_group, event_id) in inbox_event or inbox_event_platform in the
--     same transaction as their own state change; a conflict means the event was already applied.
--  6. The publisher deletes PUBLISHED rows only after the topic's retention window in the CMP-038
--     topic registry.

-- sf:isolation sf_versioning.outbox_event TENANT_SCOPED owner=CMP-052
CREATE TABLE sf_versioning.outbox_event (
  seq bigint GENERATED ALWAYS AS IDENTITY PRIMARY KEY,
  event_id uuid NOT NULL UNIQUE,
  tenant_id uuid NOT NULL,
  topic text NOT NULL CHECK (topic ~ '^[a-zA-Z0-9._-]{3,249}$'),
  partition_key text NOT NULL CHECK (length(partition_key) BETWEEN 1 AND 200),
  event_type text NOT NULL,
  schema_version integer NOT NULL CHECK (schema_version >= 1),
  aggregate_type text NOT NULL,
  aggregate_id uuid NOT NULL,
  aggregate_version bigint NOT NULL CHECK (aggregate_version >= 0),
  envelope jsonb NOT NULL CHECK (octet_length(envelope::text) <= 262144),
  status text NOT NULL DEFAULT 'PENDING' CHECK (status IN ('PENDING', 'PUBLISHED', 'DEAD_LETTERED')),
  attempts integer NOT NULL DEFAULT 0 CHECK (attempts >= 0),
  next_attempt_at timestamptz NOT NULL DEFAULT now(),
  lease_owner text,
  lease_expires_at timestamptz,
  last_error_code text CHECK (last_error_code ~ '^[A-Z][A-Z0-9_]{1,63}$'),
  created_at timestamptz NOT NULL DEFAULT now(),
  published_at timestamptz,
  CHECK (envelope ->> 'event_id' = event_id::text),
  CHECK (envelope ->> 'tenant_id' = tenant_id::text),
  CHECK (envelope ->> 'aggregate_id' = aggregate_id::text),
  CHECK (envelope ->> 'event_type' = event_type)
);
CREATE INDEX outbox_event_claim_idx ON sf_versioning.outbox_event (partition_key, seq) WHERE status <> 'PUBLISHED';
CREATE INDEX outbox_event_due_idx ON sf_versioning.outbox_event (next_attempt_at) WHERE status = 'PENDING';
ALTER TABLE sf_versioning.outbox_event ENABLE ROW LEVEL SECURITY;
ALTER TABLE sf_versioning.outbox_event FORCE ROW LEVEL SECURITY;
CREATE POLICY outbox_event_tenant_insert ON sf_versioning.outbox_event FOR INSERT TO sf_app
  WITH CHECK (tenant_id = sf_platform.current_tenant_id());
CREATE POLICY outbox_event_publisher ON sf_versioning.outbox_event TO sf_outbox_publisher
  USING (true) WITH CHECK (true);
GRANT INSERT ON sf_versioning.outbox_event TO sf_app;

-- sf:isolation sf_versioning.outbox_event_platform PLATFORM_OPERATIONAL owner=CMP-052
CREATE TABLE sf_versioning.outbox_event_platform (
  seq bigint GENERATED ALWAYS AS IDENTITY PRIMARY KEY,
  event_id uuid NOT NULL UNIQUE,
  topic text NOT NULL CHECK (topic ~ '^[a-zA-Z0-9._-]{3,249}$'),
  partition_key text NOT NULL CHECK (length(partition_key) BETWEEN 1 AND 200),
  event_type text NOT NULL,
  schema_version integer NOT NULL CHECK (schema_version >= 1),
  aggregate_type text NOT NULL,
  aggregate_id uuid NOT NULL,
  aggregate_version bigint NOT NULL CHECK (aggregate_version >= 0),
  envelope jsonb NOT NULL CHECK (octet_length(envelope::text) <= 262144),
  status text NOT NULL DEFAULT 'PENDING' CHECK (status IN ('PENDING', 'PUBLISHED', 'DEAD_LETTERED')),
  attempts integer NOT NULL DEFAULT 0 CHECK (attempts >= 0),
  next_attempt_at timestamptz NOT NULL DEFAULT now(),
  lease_owner text,
  lease_expires_at timestamptz,
  last_error_code text CHECK (last_error_code ~ '^[A-Z][A-Z0-9_]{1,63}$'),
  created_at timestamptz NOT NULL DEFAULT now(),
  published_at timestamptz,
  CHECK (envelope ->> 'event_id' = event_id::text),
  CHECK (jsonb_typeof(envelope -> 'tenant_id') = 'null'),
  CHECK (envelope ->> 'aggregate_id' = aggregate_id::text),
  CHECK (envelope ->> 'event_type' = event_type)
);
CREATE INDEX outbox_event_platform_claim_idx ON sf_versioning.outbox_event_platform (partition_key, seq) WHERE status <> 'PUBLISHED';
CREATE INDEX outbox_event_platform_due_idx ON sf_versioning.outbox_event_platform (next_attempt_at) WHERE status = 'PENDING';
GRANT INSERT ON sf_versioning.outbox_event_platform TO sf_app;

GRANT USAGE ON SCHEMA sf_versioning TO sf_outbox_publisher;
GRANT SELECT, DELETE ON sf_versioning.outbox_event, sf_versioning.outbox_event_platform TO sf_outbox_publisher;
GRANT UPDATE (status, attempts, next_attempt_at, lease_owner, lease_expires_at, last_error_code, published_at)
  ON sf_versioning.outbox_event, sf_versioning.outbox_event_platform TO sf_outbox_publisher;

-- sf:isolation sf_versioning.inbox_event TENANT_SCOPED owner=CMP-052
CREATE TABLE sf_versioning.inbox_event (
  consumer_group text NOT NULL CHECK (consumer_group ~ '^[a-z0-9][a-z0-9._-]{0,99}$'),
  event_id uuid NOT NULL,
  tenant_id uuid NOT NULL,
  processed_at timestamptz NOT NULL DEFAULT now(),
  PRIMARY KEY (consumer_group, event_id)
);
ALTER TABLE sf_versioning.inbox_event ENABLE ROW LEVEL SECURITY;
ALTER TABLE sf_versioning.inbox_event FORCE ROW LEVEL SECURITY;
CREATE POLICY inbox_event_tenant ON sf_versioning.inbox_event TO sf_app
  USING (tenant_id = sf_platform.current_tenant_id())
  WITH CHECK (tenant_id = sf_platform.current_tenant_id());
GRANT SELECT, INSERT ON sf_versioning.inbox_event TO sf_app;

-- sf:isolation sf_versioning.inbox_event_platform PLATFORM_OPERATIONAL owner=CMP-052
CREATE TABLE sf_versioning.inbox_event_platform (
  consumer_group text NOT NULL CHECK (consumer_group ~ '^[a-z0-9][a-z0-9._-]{0,99}$'),
  event_id uuid NOT NULL,
  processed_at timestamptz NOT NULL DEFAULT now(),
  PRIMARY KEY (consumer_group, event_id)
);
GRANT SELECT, INSERT ON sf_versioning.inbox_event_platform TO sf_app;

-- Identity sequences are required for the frozen template GRANT INSERT … TO sf_app.
-- Table grants in the template body above are unchanged (ADR-0006 condition 9).
GRANT USAGE, SELECT ON ALL SEQUENCES IN SCHEMA sf_versioning TO sf_app;
REVOKE ALL ON ALL SEQUENCES IN SCHEMA sf_versioning FROM PUBLIC;
ALTER TABLE sf_versioning.outbox_event OWNER TO sf_migrator;
ALTER TABLE sf_versioning.outbox_event_platform OWNER TO sf_migrator;
ALTER TABLE sf_versioning.inbox_event OWNER TO sf_migrator;
ALTER TABLE sf_versioning.inbox_event_platform OWNER TO sf_migrator;
;
INSERT INTO "public"."sf_schema_migrations" (name, run_on) VALUES ('1759520520001_cmp-052-outbox', NOW());


### MIGRATION 1759530039000_cmp-039-ai-gateway (UP) ###
--
-- Up Migration

DO $$
BEGIN
  IF NOT EXISTS (SELECT 1 FROM pg_roles WHERE rolname = 'sf_migrator') THEN
    CREATE ROLE sf_migrator NOLOGIN NOSUPERUSER NOCREATEDB NOCREATEROLE NOINHERIT NOBYPASSRLS;
  END IF;
END
$$;

DO $$
BEGIN
  IF NOT EXISTS (SELECT 1 FROM pg_roles WHERE rolname = 'sf_cmp039_rw') THEN
    CREATE ROLE sf_cmp039_rw NOLOGIN NOSUPERUSER NOCREATEDB NOCREATEROLE NOINHERIT NOBYPASSRLS;
  END IF;
END
$$;
COMMENT ON ROLE sf_cmp039_rw IS
  'ADR-0006: CMP-039 privilege role. NOLOGIN. Runtime logins inherit sf_app + this role only.';

CREATE SCHEMA sf_ai_gateway AUTHORIZATION sf_migrator;
COMMENT ON SCHEMA sf_ai_gateway IS
  'isolation_class=TENANT_SCOPED; owner=CMP-039; model registry, AI policies, request metadata';

REVOKE ALL ON SCHEMA sf_ai_gateway FROM PUBLIC;
GRANT USAGE ON SCHEMA sf_ai_gateway TO sf_cmp039_rw;
GRANT USAGE ON SCHEMA sf_ai_gateway TO sf_app;

ALTER DEFAULT PRIVILEGES FOR ROLE sf_migrator IN SCHEMA sf_ai_gateway REVOKE ALL ON TABLES FROM PUBLIC;
ALTER DEFAULT PRIVILEGES FOR ROLE sf_migrator IN SCHEMA sf_ai_gateway REVOKE ALL ON SEQUENCES FROM PUBLIC;
ALTER DEFAULT PRIVILEGES FOR ROLE sf_migrator IN SCHEMA sf_ai_gateway REVOKE ALL ON FUNCTIONS FROM PUBLIC;

GRANT USAGE ON SCHEMA sf_platform TO sf_migrator;

-- sf:isolation sf_ai_gateway.model_registry TENANT_SCOPED owner=CMP-039
CREATE TABLE sf_ai_gateway.model_registry (
  model_entry_id uuid PRIMARY KEY,
  tenant_id uuid NOT NULL,
  cell_id text NOT NULL CHECK (cell_id ~ '^cell-[a-z0-9-]{1,40}$'),
  provider_id text NOT NULL CHECK (provider_id ~ '^[a-z0-9][a-z0-9._-]{1,62}$'),
  model_id text NOT NULL CHECK (model_id ~ '^[A-Za-z0-9][A-Za-z0-9._:/-]{0,127}$'),
  model_version text NOT NULL CHECK (
    model_version ~ '^[A-Za-z0-9][A-Za-z0-9._:-]{0,63}$'
    AND lower(model_version) NOT IN ('latest', 'default', 'stable', 'current')
  ),
  operations text[] NOT NULL CHECK (
    cardinality(operations) BETWEEN 1 AND 2 AND operations <@ ARRAY['INVOKE', 'EMBED']::text[]
  ),
  max_data_classification text NOT NULL CHECK (
    max_data_classification IN ('PUBLIC', 'INTERNAL', 'PERSONAL', 'SENSITIVE')
  ),
  max_input_chars integer NOT NULL CHECK (max_input_chars BETWEEN 1 AND 200000),
  max_output_tokens integer NOT NULL CHECK (max_output_tokens BETWEEN 1 AND 32000),
  daily_token_budget bigint NOT NULL CHECK (daily_token_budget > 0),
  status text NOT NULL CHECK (status IN ('ACTIVE', 'REVOKED')),
  registered_by uuid NOT NULL,
  revoked_by uuid,
  revoke_reason text CHECK (revoke_reason IS NULL OR char_length(revoke_reason) BETWEEN 1 AND 1000),
  aggregate_version bigint NOT NULL DEFAULT 1 CHECK (aggregate_version >= 1),
  created_at timestamptz NOT NULL DEFAULT now(),
  revoked_at timestamptz,
  UNIQUE (tenant_id, model_entry_id),
  CHECK (status <> 'REVOKED' OR (revoked_at IS NOT NULL AND revoked_by IS NOT NULL))
);
CREATE UNIQUE INDEX model_registry_active_pin_uidx
  ON sf_ai_gateway.model_registry (tenant_id, provider_id, model_id, model_version)
  WHERE status = 'ACTIVE';
ALTER TABLE sf_ai_gateway.model_registry ENABLE ROW LEVEL SECURITY;
ALTER TABLE sf_ai_gateway.model_registry FORCE ROW LEVEL SECURITY;
CREATE POLICY model_registry_tenant ON sf_ai_gateway.model_registry TO sf_app
  USING (tenant_id = sf_platform.current_tenant_id())
  WITH CHECK (tenant_id = sf_platform.current_tenant_id());
ALTER TABLE sf_ai_gateway.model_registry OWNER TO sf_migrator;

CREATE FUNCTION sf_ai_gateway.enforce_model_pin() RETURNS trigger
  LANGUAGE plpgsql
  AS $$
BEGIN
  IF TG_OP = 'DELETE' THEN
    RAISE EXCEPTION 'model registry entries are retained'
      USING ERRCODE = 'P0001', HINT = 'SF_PUBLISHED_IMMUTABLE';
  END IF;
  IF OLD.status = 'REVOKED'
     OR NEW.model_entry_id <> OLD.model_entry_id
     OR NEW.tenant_id <> OLD.tenant_id
     OR NEW.provider_id <> OLD.provider_id
     OR NEW.model_id <> OLD.model_id
     OR NEW.model_version <> OLD.model_version
     OR NEW.operations <> OLD.operations
     OR NEW.max_data_classification <> OLD.max_data_classification
     OR NEW.max_input_chars <> OLD.max_input_chars
     OR NEW.max_output_tokens <> OLD.max_output_tokens
     OR NEW.daily_token_budget <> OLD.daily_token_budget
     OR NEW.registered_by <> OLD.registered_by THEN
    RAISE EXCEPTION 'model pin is immutable; register a new entry'
      USING ERRCODE = 'P0001', HINT = 'SF_PUBLISHED_IMMUTABLE';
  END IF;
  RETURN NEW;
END
$$;
ALTER FUNCTION sf_ai_gateway.enforce_model_pin() OWNER TO sf_migrator;
REVOKE ALL ON FUNCTION sf_ai_gateway.enforce_model_pin() FROM PUBLIC;
GRANT EXECUTE ON FUNCTION sf_ai_gateway.enforce_model_pin() TO sf_app, sf_cmp039_rw;
CREATE TRIGGER model_registry_pin_immutable
  BEFORE UPDATE OR DELETE ON sf_ai_gateway.model_registry
  FOR EACH ROW
  EXECUTE FUNCTION sf_ai_gateway.enforce_model_pin();

-- sf:isolation sf_ai_gateway.ai_policy TENANT_SCOPED owner=CMP-039
CREATE TABLE sf_ai_gateway.ai_policy (
  tenant_id uuid NOT NULL,
  cell_id text NOT NULL CHECK (cell_id ~ '^cell-[a-z0-9-]{1,40}$'),
  policy_id text NOT NULL CHECK (policy_id ~ '^[a-z0-9][a-z0-9._-]{2,63}$'),
  policy_version integer NOT NULL CHECK (policy_version >= 1),
  task_kind text NOT NULL CHECK (
    task_kind IN (
      'DRAFT', 'EXTRACT', 'SUMMARIZE', 'EXPLAIN', 'RECOMMEND_NON_BINDING',
      'GENERATE_TESTS', 'ASSIST_OFFICIAL', 'EMBED'
    )
  ),
  operation text NOT NULL CHECK (operation IN ('INVOKE', 'EMBED')),
  template_body text CHECK (template_body IS NULL OR char_length(template_body) BETWEEN 1 AND 16000),
  template_hash text NOT NULL CHECK (template_hash ~ '^sha256:[0-9a-f]{64}$'),
  variable_names text[] NOT NULL DEFAULT '{}'::text[] CHECK (cardinality(variable_names) <= 32),
  allowed_tools jsonb NOT NULL DEFAULT '[]'::jsonb CHECK (
    jsonb_typeof(allowed_tools) = 'array' AND octet_length(allowed_tools::text) <= 4096
  ),
  model_entry_ids uuid[] NOT NULL CHECK (cardinality(model_entry_ids) BETWEEN 1 AND 5),
  max_data_classification text NOT NULL CHECK (
    max_data_classification IN ('PUBLIC', 'INTERNAL', 'PERSONAL', 'SENSITIVE')
  ),
  max_output_tokens integer NOT NULL CHECK (max_output_tokens BETWEEN 1 AND 32000),
  latency_budget_ms integer NOT NULL CHECK (latency_budget_ms BETWEEN 100 AND 120000),
  fallback_behavior text NOT NULL CHECK (fallback_behavior IN ('DENY', 'NON_AI_PATH')),
  evaluation_ref jsonb NOT NULL CHECK (
    jsonb_typeof(evaluation_ref) = 'object'
    AND evaluation_ref ?& ARRAY['dataset_id', 'dataset_version', 'threshold', 'result']
    AND evaluation_ref ->> 'result' = 'PASSED'
    AND octet_length(evaluation_ref::text) <= 2048
  ),
  status text NOT NULL CHECK (status IN ('ACTIVE', 'RETIRED')),
  registered_by uuid NOT NULL,
  aggregate_version bigint NOT NULL DEFAULT 1 CHECK (aggregate_version >= 1),
  created_at timestamptz NOT NULL DEFAULT now(),
  retired_at timestamptz,
  PRIMARY KEY (tenant_id, policy_id, policy_version),
  CHECK (operation <> 'INVOKE' OR template_body IS NOT NULL),
  CHECK (operation <> 'EMBED' OR (template_body IS NULL AND task_kind = 'EMBED')),
  CHECK (task_kind <> 'EMBED' OR operation = 'EMBED'),
  CHECK (status <> 'RETIRED' OR retired_at IS NOT NULL)
);
ALTER TABLE sf_ai_gateway.ai_policy ENABLE ROW LEVEL SECURITY;
ALTER TABLE sf_ai_gateway.ai_policy FORCE ROW LEVEL SECURITY;
CREATE POLICY ai_policy_tenant ON sf_ai_gateway.ai_policy TO sf_app
  USING (tenant_id = sf_platform.current_tenant_id())
  WITH CHECK (tenant_id = sf_platform.current_tenant_id());
ALTER TABLE sf_ai_gateway.ai_policy OWNER TO sf_migrator;

CREATE FUNCTION sf_ai_gateway.enforce_policy_version_immutable() RETURNS trigger
  LANGUAGE plpgsql
  AS $$
BEGIN
  IF TG_OP = 'DELETE' THEN
    RAISE EXCEPTION 'AI policy versions are retained'
      USING ERRCODE = 'P0001', HINT = 'SF_PUBLISHED_IMMUTABLE';
  END IF;
  IF OLD.status = 'RETIRED'
     OR NEW.tenant_id <> OLD.tenant_id
     OR NEW.policy_id <> OLD.policy_id
     OR NEW.policy_version <> OLD.policy_version
     OR NEW.task_kind <> OLD.task_kind
     OR NEW.operation <> OLD.operation
     OR NEW.template_body IS DISTINCT FROM OLD.template_body
     OR NEW.template_hash <> OLD.template_hash
     OR NEW.variable_names <> OLD.variable_names
     OR NEW.allowed_tools <> OLD.allowed_tools
     OR NEW.model_entry_ids <> OLD.model_entry_ids
     OR NEW.max_data_classification <> OLD.max_data_classification
     OR NEW.max_output_tokens <> OLD.max_output_tokens
     OR NEW.latency_budget_ms <> OLD.latency_budget_ms
     OR NEW.fallback_behavior <> OLD.fallback_behavior
     OR NEW.evaluation_ref <> OLD.evaluation_ref
     OR NEW.registered_by <> OLD.registered_by THEN
    RAISE EXCEPTION 'published AI policy version is immutable; register a new version'
      USING ERRCODE = 'P0001', HINT = 'SF_PUBLISHED_IMMUTABLE';
  END IF;
  RETURN NEW;
END
$$;
ALTER FUNCTION sf_ai_gateway.enforce_policy_version_immutable() OWNER TO sf_migrator;
REVOKE ALL ON FUNCTION sf_ai_gateway.enforce_policy_version_immutable() FROM PUBLIC;
GRANT EXECUTE ON FUNCTION sf_ai_gateway.enforce_policy_version_immutable() TO sf_app, sf_cmp039_rw;
CREATE TRIGGER ai_policy_version_immutable
  BEFORE UPDATE OR DELETE ON sf_ai_gateway.ai_policy
  FOR EACH ROW
  EXECUTE FUNCTION sf_ai_gateway.enforce_policy_version_immutable();

-- sf:isolation sf_ai_gateway.ai_request_metadata TENANT_SCOPED owner=CMP-039
CREATE TABLE sf_ai_gateway.ai_request_metadata (
  request_id uuid PRIMARY KEY,
  tenant_id uuid NOT NULL,
  cell_id text NOT NULL CHECK (cell_id ~ '^cell-[a-z0-9-]{1,40}$'),
  actor_type text NOT NULL,
  actor_id uuid NOT NULL,
  correlation_id uuid NOT NULL,
  trace_id text NOT NULL,
  operation text NOT NULL CHECK (operation IN ('INVOKE', 'EMBED')),
  policy_id text NOT NULL CHECK (policy_id ~ '^[a-z0-9][a-z0-9._-]{2,63}$'),
  policy_version integer CHECK (policy_version IS NULL OR policy_version >= 1),
  caller_component text CHECK (caller_component IS NULL OR caller_component ~ '^CMP-0[0-9]{2}$'),
  policy_hash text CHECK (policy_hash IS NULL OR policy_hash ~ '^sha256:[0-9a-f]{64}$'),
  prompt_hash text CHECK (prompt_hash IS NULL OR prompt_hash ~ '^sha256:[0-9a-f]{64}$'),
  provider_id text,
  model_id text,
  model_version text,
  tool_calls jsonb NOT NULL DEFAULT '[]'::jsonb CHECK (
    jsonb_typeof(tool_calls) = 'array' AND octet_length(tool_calls::text) <= 4096
  ),
  citations jsonb NOT NULL DEFAULT '[]'::jsonb CHECK (
    jsonb_typeof(citations) = 'array' AND octet_length(citations::text) <= 4096
  ),
  data_classification text NOT NULL CHECK (
    data_classification IN ('PUBLIC', 'INTERNAL', 'PERSONAL', 'SENSITIVE')
  ),
  purpose text NOT NULL CHECK (char_length(purpose) BETWEEN 1 AND 200),
  redaction_summary jsonb NOT NULL DEFAULT '{}'::jsonb CHECK (
    jsonb_typeof(redaction_summary) = 'object' AND octet_length(redaction_summary::text) <= 1024
  ),
  outcome text NOT NULL CHECK (outcome IN ('COMPLETED', 'BLOCKED', 'FAILED')),
  reason_code text CHECK (reason_code IS NULL OR reason_code ~ '^[A-Z][A-Z0-9_]{1,63}$'),
  fallback_used boolean NOT NULL DEFAULT false,
  attempts integer NOT NULL DEFAULT 0 CHECK (attempts >= 0),
  input_tokens integer NOT NULL DEFAULT 0 CHECK (input_tokens >= 0),
  output_tokens integer NOT NULL DEFAULT 0 CHECK (output_tokens >= 0),
  latency_ms integer NOT NULL DEFAULT 0 CHECK (latency_ms >= 0),
  simulated boolean NOT NULL,
  advisory_only boolean NOT NULL DEFAULT true CHECK (advisory_only),
  statutory_decision boolean NOT NULL DEFAULT false CHECK (NOT statutory_decision),
  created_at timestamptz NOT NULL DEFAULT now(),
  UNIQUE (tenant_id, request_id),
  CHECK (outcome = 'COMPLETED' OR reason_code IS NOT NULL)
);
CREATE INDEX ai_request_metadata_budget_idx
  ON sf_ai_gateway.ai_request_metadata (tenant_id, provider_id, model_id, model_version, created_at)
  WHERE outcome = 'COMPLETED';
CREATE INDEX ai_request_metadata_tenant_time_idx
  ON sf_ai_gateway.ai_request_metadata (tenant_id, created_at);
ALTER TABLE sf_ai_gateway.ai_request_metadata ENABLE ROW LEVEL SECURITY;
ALTER TABLE sf_ai_gateway.ai_request_metadata FORCE ROW LEVEL SECURITY;
CREATE POLICY ai_request_metadata_tenant ON sf_ai_gateway.ai_request_metadata TO sf_app
  USING (tenant_id = sf_platform.current_tenant_id())
  WITH CHECK (tenant_id = sf_platform.current_tenant_id());
ALTER TABLE sf_ai_gateway.ai_request_metadata OWNER TO sf_migrator;

CREATE FUNCTION sf_ai_gateway.deny_request_metadata_mutation() RETURNS trigger
  LANGUAGE plpgsql
  AS $$
BEGIN
  RAISE EXCEPTION 'AI request metadata is append-only'
    USING ERRCODE = 'P0001', HINT = 'SF_PUBLISHED_IMMUTABLE';
END
$$;
ALTER FUNCTION sf_ai_gateway.deny_request_metadata_mutation() OWNER TO sf_migrator;
REVOKE ALL ON FUNCTION sf_ai_gateway.deny_request_metadata_mutation() FROM PUBLIC;
GRANT EXECUTE ON FUNCTION sf_ai_gateway.deny_request_metadata_mutation() TO sf_app, sf_cmp039_rw;
CREATE TRIGGER ai_request_metadata_append_only
  BEFORE UPDATE OR DELETE ON sf_ai_gateway.ai_request_metadata
  FOR EACH ROW
  EXECUTE FUNCTION sf_ai_gateway.deny_request_metadata_mutation();

-- sf:isolation sf_ai_gateway.idempotency_record TENANT_SCOPED owner=CMP-039
CREATE TABLE sf_ai_gateway.idempotency_record (
  tenant_id uuid NOT NULL,
  principal_id uuid NOT NULL,
  endpoint text NOT NULL,
  idempotency_key text NOT NULL,
  request_fingerprint text NOT NULL CHECK (request_fingerprint ~ '^sha256:[0-9a-f]{64}$'),
  status text NOT NULL CHECK (status IN ('IN_PROGRESS', 'COMPLETED', 'FAILED')),
  response_ref text,
  response_status integer,
  response_body jsonb,
  created_at timestamptz NOT NULL DEFAULT now(),
  expires_at timestamptz NOT NULL,
  PRIMARY KEY (tenant_id, principal_id, endpoint, idempotency_key)
);
ALTER TABLE sf_ai_gateway.idempotency_record ENABLE ROW LEVEL SECURITY;
ALTER TABLE sf_ai_gateway.idempotency_record FORCE ROW LEVEL SECURITY;
CREATE POLICY idempotency_tenant ON sf_ai_gateway.idempotency_record TO sf_app
  USING (tenant_id = sf_platform.current_tenant_id())
  WITH CHECK (tenant_id = sf_platform.current_tenant_id());
ALTER TABLE sf_ai_gateway.idempotency_record OWNER TO sf_migrator;

GRANT SELECT, INSERT, UPDATE (
  status, revoked_by, revoke_reason, aggregate_version, revoked_at
) ON sf_ai_gateway.model_registry TO sf_cmp039_rw;
GRANT SELECT, INSERT, UPDATE (
  status, aggregate_version, retired_at
) ON sf_ai_gateway.ai_policy TO sf_cmp039_rw;
GRANT SELECT, INSERT ON sf_ai_gateway.ai_request_metadata TO sf_cmp039_rw;
GRANT SELECT, INSERT, DELETE, UPDATE (
  status, response_ref, response_status, response_body
) ON sf_ai_gateway.idempotency_record TO sf_cmp039_rw;

REVOKE ALL ON sf_ai_gateway.model_registry FROM PUBLIC;
REVOKE ALL ON sf_ai_gateway.ai_policy FROM PUBLIC;
REVOKE ALL ON sf_ai_gateway.ai_request_metadata FROM PUBLIC;
REVOKE ALL ON sf_ai_gateway.idempotency_record FROM PUBLIC;
;
INSERT INTO "public"."sf_schema_migrations" (name, run_on) VALUES ('1759530039000_cmp-039-ai-gateway', NOW());


### MIGRATION 1759530039001_cmp-039-outbox (UP) ###
--
-- Up Migration

-- SF-CON-OUTBOX v1: normative outbox and inbox layout for every component schema.
-- Copy into the component's own migration, replacing sf_ai_gateway with the component schema and
-- CMP-039 with its CMP id. Do not add columns or change grants without a Contract Change Request.
-- Requires db/migrations/1759490000000_shared-db-contracts.sql (sf_platform.current_tenant_id(),
-- role sf_outbox_publisher).
--
-- Rules (summary; the schema contracts/shared/schemas/outbox-record.schema.json is authoritative
-- for row content):
--  1. Producers INSERT exactly one row per event in the same transaction as the state change,
--     after validating the envelope against SF-CON-EVENT-ENVELOPE. Producers never SELECT,
--     UPDATE or DELETE outbox rows.
--  2. Envelopes with a tenant_id go to outbox_event; envelopes with tenant_id null go to
--     outbox_event_platform.
--  3. The publisher (packages/outbox, CMP-038) runs as a login role that is a member of
--     sf_outbox_publisher only. It claims PENDING rows by setting lease_owner/lease_expires_at
--     in one short transaction, publishes with no transaction open, then sets PUBLISHED (or
--     schedules a retry) in another. An expired lease makes a row claimable again, so delivery
--     is at-least-once.
--  4. For one partition_key, a row is claimable only when no row with a lower seq is PENDING or
--     DEAD_LETTERED. A DEAD_LETTERED row therefore holds its key until an operator replays or
--     discards it through an audited action.
--  5. Consumers record (consumer_group, event_id) in inbox_event or inbox_event_platform in the
--     same transaction as their own state change; a conflict means the event was already applied.
--  6. The publisher deletes PUBLISHED rows only after the topic's retention window in the CMP-038
--     topic registry.

-- sf:isolation sf_ai_gateway.outbox_event TENANT_SCOPED owner=CMP-039
CREATE TABLE sf_ai_gateway.outbox_event (
  seq bigint GENERATED ALWAYS AS IDENTITY PRIMARY KEY,
  event_id uuid NOT NULL UNIQUE,
  tenant_id uuid NOT NULL,
  topic text NOT NULL CHECK (topic ~ '^[a-zA-Z0-9._-]{3,249}$'),
  partition_key text NOT NULL CHECK (length(partition_key) BETWEEN 1 AND 200),
  event_type text NOT NULL,
  schema_version integer NOT NULL CHECK (schema_version >= 1),
  aggregate_type text NOT NULL,
  aggregate_id uuid NOT NULL,
  aggregate_version bigint NOT NULL CHECK (aggregate_version >= 0),
  envelope jsonb NOT NULL CHECK (octet_length(envelope::text) <= 262144),
  status text NOT NULL DEFAULT 'PENDING' CHECK (status IN ('PENDING', 'PUBLISHED', 'DEAD_LETTERED')),
  attempts integer NOT NULL DEFAULT 0 CHECK (attempts >= 0),
  next_attempt_at timestamptz NOT NULL DEFAULT now(),
  lease_owner text,
  lease_expires_at timestamptz,
  last_error_code text CHECK (last_error_code ~ '^[A-Z][A-Z0-9_]{1,63}$'),
  created_at timestamptz NOT NULL DEFAULT now(),
  published_at timestamptz,
  CHECK (envelope ->> 'event_id' = event_id::text),
  CHECK (envelope ->> 'tenant_id' = tenant_id::text),
  CHECK (envelope ->> 'aggregate_id' = aggregate_id::text),
  CHECK (envelope ->> 'event_type' = event_type)
);
CREATE INDEX outbox_event_claim_idx ON sf_ai_gateway.outbox_event (partition_key, seq) WHERE status <> 'PUBLISHED';
CREATE INDEX outbox_event_due_idx ON sf_ai_gateway.outbox_event (next_attempt_at) WHERE status = 'PENDING';
ALTER TABLE sf_ai_gateway.outbox_event ENABLE ROW LEVEL SECURITY;
ALTER TABLE sf_ai_gateway.outbox_event FORCE ROW LEVEL SECURITY;
CREATE POLICY outbox_event_tenant_insert ON sf_ai_gateway.outbox_event FOR INSERT TO sf_app
  WITH CHECK (tenant_id = sf_platform.current_tenant_id());
CREATE POLICY outbox_event_publisher ON sf_ai_gateway.outbox_event TO sf_outbox_publisher
  USING (true) WITH CHECK (true);
GRANT INSERT ON sf_ai_gateway.outbox_event TO sf_app;

-- sf:isolation sf_ai_gateway.outbox_event_platform PLATFORM_OPERATIONAL owner=CMP-039
CREATE TABLE sf_ai_gateway.outbox_event_platform (
  seq bigint GENERATED ALWAYS AS IDENTITY PRIMARY KEY,
  event_id uuid NOT NULL UNIQUE,
  topic text NOT NULL CHECK (topic ~ '^[a-zA-Z0-9._-]{3,249}$'),
  partition_key text NOT NULL CHECK (length(partition_key) BETWEEN 1 AND 200),
  event_type text NOT NULL,
  schema_version integer NOT NULL CHECK (schema_version >= 1),
  aggregate_type text NOT NULL,
  aggregate_id uuid NOT NULL,
  aggregate_version bigint NOT NULL CHECK (aggregate_version >= 0),
  envelope jsonb NOT NULL CHECK (octet_length(envelope::text) <= 262144),
  status text NOT NULL DEFAULT 'PENDING' CHECK (status IN ('PENDING', 'PUBLISHED', 'DEAD_LETTERED')),
  attempts integer NOT NULL DEFAULT 0 CHECK (attempts >= 0),
  next_attempt_at timestamptz NOT NULL DEFAULT now(),
  lease_owner text,
  lease_expires_at timestamptz,
  last_error_code text CHECK (last_error_code ~ '^[A-Z][A-Z0-9_]{1,63}$'),
  created_at timestamptz NOT NULL DEFAULT now(),
  published_at timestamptz,
  CHECK (envelope ->> 'event_id' = event_id::text),
  CHECK (jsonb_typeof(envelope -> 'tenant_id') = 'null'),
  CHECK (envelope ->> 'aggregate_id' = aggregate_id::text),
  CHECK (envelope ->> 'event_type' = event_type)
);
CREATE INDEX outbox_event_platform_claim_idx ON sf_ai_gateway.outbox_event_platform (partition_key, seq) WHERE status <> 'PUBLISHED';
CREATE INDEX outbox_event_platform_due_idx ON sf_ai_gateway.outbox_event_platform (next_attempt_at) WHERE status = 'PENDING';
GRANT INSERT ON sf_ai_gateway.outbox_event_platform TO sf_app;

GRANT USAGE ON SCHEMA sf_ai_gateway TO sf_outbox_publisher;
GRANT SELECT, DELETE ON sf_ai_gateway.outbox_event, sf_ai_gateway.outbox_event_platform TO sf_outbox_publisher;
GRANT UPDATE (status, attempts, next_attempt_at, lease_owner, lease_expires_at, last_error_code, published_at)
  ON sf_ai_gateway.outbox_event, sf_ai_gateway.outbox_event_platform TO sf_outbox_publisher;

-- sf:isolation sf_ai_gateway.inbox_event TENANT_SCOPED owner=CMP-039
CREATE TABLE sf_ai_gateway.inbox_event (
  consumer_group text NOT NULL CHECK (consumer_group ~ '^[a-z0-9][a-z0-9._-]{0,99}$'),
  event_id uuid NOT NULL,
  tenant_id uuid NOT NULL,
  processed_at timestamptz NOT NULL DEFAULT now(),
  PRIMARY KEY (consumer_group, event_id)
);
ALTER TABLE sf_ai_gateway.inbox_event ENABLE ROW LEVEL SECURITY;
ALTER TABLE sf_ai_gateway.inbox_event FORCE ROW LEVEL SECURITY;
CREATE POLICY inbox_event_tenant ON sf_ai_gateway.inbox_event TO sf_app
  USING (tenant_id = sf_platform.current_tenant_id())
  WITH CHECK (tenant_id = sf_platform.current_tenant_id());
GRANT SELECT, INSERT ON sf_ai_gateway.inbox_event TO sf_app;

-- sf:isolation sf_ai_gateway.inbox_event_platform PLATFORM_OPERATIONAL owner=CMP-039
CREATE TABLE sf_ai_gateway.inbox_event_platform (
  consumer_group text NOT NULL CHECK (consumer_group ~ '^[a-z0-9][a-z0-9._-]{0,99}$'),
  event_id uuid NOT NULL,
  processed_at timestamptz NOT NULL DEFAULT now(),
  PRIMARY KEY (consumer_group, event_id)
);
GRANT SELECT, INSERT ON sf_ai_gateway.inbox_event_platform TO sf_app;

-- Identity sequences are required for the frozen template GRANT INSERT … TO sf_app.
-- Table grants in the template body above are unchanged (ADR-0006 condition 9).
GRANT USAGE, SELECT ON ALL SEQUENCES IN SCHEMA sf_ai_gateway TO sf_app;
REVOKE ALL ON ALL SEQUENCES IN SCHEMA sf_ai_gateway FROM PUBLIC;
ALTER TABLE sf_ai_gateway.outbox_event OWNER TO sf_migrator;
ALTER TABLE sf_ai_gateway.outbox_event_platform OWNER TO sf_migrator;
ALTER TABLE sf_ai_gateway.inbox_event OWNER TO sf_migrator;
ALTER TABLE sf_ai_gateway.inbox_event_platform OWNER TO sf_migrator;
;
INSERT INTO "public"."sf_schema_migrations" (name, run_on) VALUES ('1759530039001_cmp-039-outbox', NOW());


### MIGRATION 1759530110000_cmp-011-evidence (UP) ###
--
-- Up Migration

DO $$
BEGIN
  IF NOT EXISTS (SELECT 1 FROM pg_roles WHERE rolname = 'sf_migrator') THEN
    CREATE ROLE sf_migrator NOLOGIN NOSUPERUSER NOCREATEDB NOCREATEROLE NOINHERIT NOBYPASSRLS;
  END IF;
END
$$;

DO $$
BEGIN
  IF NOT EXISTS (SELECT 1 FROM pg_roles WHERE rolname = 'sf_cmp011_rw') THEN
    CREATE ROLE sf_cmp011_rw NOLOGIN NOSUPERUSER NOCREATEDB NOCREATEROLE NOINHERIT NOBYPASSRLS;
  END IF;
END
$$;
COMMENT ON ROLE sf_cmp011_rw IS
  'ADR-0006: CMP-011 privilege role. NOLOGIN. Runtime logins inherit sf_app + this role only.';

CREATE SCHEMA sf_evidence AUTHORIZATION sf_migrator;
COMMENT ON SCHEMA sf_evidence IS
  'isolation_class=tenant_scoped; owner=CMP-011; evidence policy versions and requirement resolution outcomes';

REVOKE ALL ON SCHEMA sf_evidence FROM PUBLIC;
GRANT USAGE ON SCHEMA sf_evidence TO sf_cmp011_rw;
GRANT USAGE ON SCHEMA sf_evidence TO sf_app;

ALTER DEFAULT PRIVILEGES FOR ROLE sf_migrator IN SCHEMA sf_evidence REVOKE ALL ON TABLES FROM PUBLIC;
ALTER DEFAULT PRIVILEGES FOR ROLE sf_migrator IN SCHEMA sf_evidence REVOKE ALL ON SEQUENCES FROM PUBLIC;
ALTER DEFAULT PRIVILEGES FOR ROLE sf_migrator IN SCHEMA sf_evidence REVOKE ALL ON FUNCTIONS FROM PUBLIC;

GRANT USAGE ON SCHEMA sf_platform TO sf_migrator;

-- sf:isolation sf_evidence.evidence_policy TENANT_SCOPED owner=CMP-011
CREATE TABLE sf_evidence.evidence_policy (
  policy_id uuid PRIMARY KEY,
  tenant_id uuid NOT NULL,
  cell_id text NOT NULL CHECK (cell_id ~ '^cell-[a-z0-9-]{1,40}$'),
  policy_key text NOT NULL CHECK (policy_key ~ '^[a-z][a-z0-9._-]{1,127}$'),
  status text NOT NULL CHECK (status IN ('DRAFT', 'PUBLISHED')),
  version_no bigint CHECK (version_no >= 1),
  version_ref text CHECK (char_length(version_ref) BETWEEN 3 AND 200),
  definition jsonb NOT NULL CHECK (octet_length(definition::text) <= 262144),
  content_hash text NOT NULL CHECK (content_hash ~ '^sha256:[0-9a-f]{64}$'),
  aggregate_version bigint NOT NULL DEFAULT 1 CHECK (aggregate_version >= 1),
  created_by uuid NOT NULL,
  created_at timestamptz NOT NULL DEFAULT now(),
  updated_at timestamptz NOT NULL DEFAULT now(),
  published_at timestamptz,
  UNIQUE (tenant_id, policy_id),
  CHECK (
    status <> 'PUBLISHED'
    OR (version_no IS NOT NULL AND version_ref IS NOT NULL AND published_at IS NOT NULL)
  )
);
CREATE UNIQUE INDEX evidence_policy_version_uq
  ON sf_evidence.evidence_policy (tenant_id, policy_key, version_no) WHERE status = 'PUBLISHED';
CREATE UNIQUE INDEX evidence_policy_version_ref_uq
  ON sf_evidence.evidence_policy (tenant_id, version_ref) WHERE status = 'PUBLISHED';
CREATE INDEX evidence_policy_key_idx
  ON sf_evidence.evidence_policy (tenant_id, policy_key, status);
ALTER TABLE sf_evidence.evidence_policy ENABLE ROW LEVEL SECURITY;
ALTER TABLE sf_evidence.evidence_policy FORCE ROW LEVEL SECURITY;
CREATE POLICY evidence_policy_tenant ON sf_evidence.evidence_policy TO sf_app
  USING (tenant_id = sf_platform.current_tenant_id())
  WITH CHECK (tenant_id = sf_platform.current_tenant_id());
ALTER TABLE sf_evidence.evidence_policy OWNER TO sf_migrator;

CREATE FUNCTION sf_evidence.prevent_published_policy_mutation() RETURNS trigger
  LANGUAGE plpgsql
  AS $$
BEGIN
  IF TG_OP = 'DELETE' THEN
    IF OLD.status = 'PUBLISHED' THEN
      RAISE EXCEPTION 'published evidence policy version is immutable'
        USING ERRCODE = 'P0001', HINT = 'SF_PUBLISHED_IMMUTABLE';
    END IF;
    RETURN OLD;
  END IF;
  IF OLD.status = 'PUBLISHED' THEN
    RAISE EXCEPTION 'published evidence policy version is immutable'
      USING ERRCODE = 'P0001', HINT = 'SF_PUBLISHED_IMMUTABLE';
  END IF;
  RETURN NEW;
END
$$;
ALTER FUNCTION sf_evidence.prevent_published_policy_mutation() OWNER TO sf_migrator;
REVOKE ALL ON FUNCTION sf_evidence.prevent_published_policy_mutation() FROM PUBLIC;
GRANT EXECUTE ON FUNCTION sf_evidence.prevent_published_policy_mutation() TO sf_app, sf_cmp011_rw;

CREATE TRIGGER evidence_policy_published_immutable
  BEFORE UPDATE OR DELETE ON sf_evidence.evidence_policy
  FOR EACH ROW
  EXECUTE FUNCTION sf_evidence.prevent_published_policy_mutation();

-- sf:isolation sf_evidence.evidence_resolution TENANT_SCOPED owner=CMP-011
CREATE TABLE sf_evidence.evidence_resolution (
  resolution_id uuid PRIMARY KEY,
  tenant_id uuid NOT NULL,
  cell_id text NOT NULL CHECK (cell_id ~ '^cell-[a-z0-9-]{1,40}$'),
  binding_id uuid NOT NULL,
  policy_id uuid NOT NULL,
  version_ref text NOT NULL CHECK (char_length(version_ref) BETWEEN 3 AND 200),
  policy_content_hash text NOT NULL CHECK (policy_content_hash ~ '^sha256:[0-9a-f]{64}$'),
  application_ref text CHECK (application_ref IS NULL OR char_length(application_ref) BETWEEN 1 AND 200),
  input_hash text NOT NULL CHECK (input_hash ~ '^sha256:[0-9a-f]{64}$'),
  decision_hash text NOT NULL CHECK (decision_hash ~ '^sha256:[0-9a-f]{64}$'),
  checklist jsonb NOT NULL CHECK (octet_length(checklist::text) <= 262144),
  decision_trace jsonb NOT NULL CHECK (octet_length(decision_trace::text) <= 262144),
  simulated boolean NOT NULL DEFAULT false,
  created_by uuid NOT NULL,
  created_at timestamptz NOT NULL DEFAULT now(),
  UNIQUE (tenant_id, resolution_id),
  FOREIGN KEY (tenant_id, policy_id) REFERENCES sf_evidence.evidence_policy (tenant_id, policy_id)
);
CREATE INDEX evidence_resolution_binding_idx
  ON sf_evidence.evidence_resolution (tenant_id, binding_id, created_at DESC);
ALTER TABLE sf_evidence.evidence_resolution ENABLE ROW LEVEL SECURITY;
ALTER TABLE sf_evidence.evidence_resolution FORCE ROW LEVEL SECURITY;
CREATE POLICY evidence_resolution_tenant ON sf_evidence.evidence_resolution TO sf_app
  USING (tenant_id = sf_platform.current_tenant_id())
  WITH CHECK (tenant_id = sf_platform.current_tenant_id());
ALTER TABLE sf_evidence.evidence_resolution OWNER TO sf_migrator;

CREATE FUNCTION sf_evidence.prevent_resolution_mutation() RETURNS trigger
  LANGUAGE plpgsql
  AS $$
BEGIN
  RAISE EXCEPTION 'evidence resolution outcome is append-only'
    USING ERRCODE = 'P0001', HINT = 'SF_PUBLISHED_IMMUTABLE';
END
$$;
ALTER FUNCTION sf_evidence.prevent_resolution_mutation() OWNER TO sf_migrator;
REVOKE ALL ON FUNCTION sf_evidence.prevent_resolution_mutation() FROM PUBLIC;
GRANT EXECUTE ON FUNCTION sf_evidence.prevent_resolution_mutation() TO sf_app, sf_cmp011_rw;

CREATE TRIGGER evidence_resolution_append_only
  BEFORE UPDATE OR DELETE ON sf_evidence.evidence_resolution
  FOR EACH ROW
  EXECUTE FUNCTION sf_evidence.prevent_resolution_mutation();

-- sf:isolation sf_evidence.idempotency_record TENANT_SCOPED owner=CMP-011
CREATE TABLE sf_evidence.idempotency_record (
  tenant_id uuid NOT NULL,
  principal_id uuid NOT NULL,
  endpoint text NOT NULL,
  idempotency_key text NOT NULL,
  request_fingerprint text NOT NULL CHECK (request_fingerprint ~ '^sha256:[0-9a-f]{64}$'),
  status text NOT NULL CHECK (status IN ('IN_PROGRESS', 'COMPLETED', 'FAILED')),
  response_ref text,
  response_status integer,
  response_body jsonb,
  created_at timestamptz NOT NULL DEFAULT now(),
  expires_at timestamptz NOT NULL,
  PRIMARY KEY (tenant_id, principal_id, endpoint, idempotency_key)
);
ALTER TABLE sf_evidence.idempotency_record ENABLE ROW LEVEL SECURITY;
ALTER TABLE sf_evidence.idempotency_record FORCE ROW LEVEL SECURITY;
CREATE POLICY idempotency_tenant ON sf_evidence.idempotency_record TO sf_app
  USING (tenant_id = sf_platform.current_tenant_id())
  WITH CHECK (tenant_id = sf_platform.current_tenant_id());
ALTER TABLE sf_evidence.idempotency_record OWNER TO sf_migrator;

GRANT SELECT, INSERT, UPDATE (definition, content_hash, status, version_no, version_ref, aggregate_version, updated_at, published_at)
  ON sf_evidence.evidence_policy TO sf_cmp011_rw;
GRANT SELECT, INSERT ON sf_evidence.evidence_resolution TO sf_cmp011_rw;
GRANT SELECT, INSERT, DELETE, UPDATE (
  status, response_ref, response_status, response_body
) ON sf_evidence.idempotency_record TO sf_cmp011_rw;

REVOKE ALL ON sf_evidence.evidence_policy FROM PUBLIC;
REVOKE ALL ON sf_evidence.evidence_resolution FROM PUBLIC;
REVOKE ALL ON sf_evidence.idempotency_record FROM PUBLIC;
;
INSERT INTO "public"."sf_schema_migrations" (name, run_on) VALUES ('1759530110000_cmp-011-evidence', NOW());


### MIGRATION 1759530110001_cmp-011-outbox (UP) ###
--
-- Up Migration

-- SF-CON-OUTBOX v1: normative outbox and inbox layout for every component schema.
-- Copy into the component's own migration, replacing sf_evidence with the component schema and
-- CMP-011 with its CMP id. Do not add columns or change grants without a Contract Change Request.
-- Requires db/migrations/1759490000000_shared-db-contracts.sql (sf_platform.current_tenant_id(),
-- role sf_outbox_publisher).
--
-- Rules (summary; the schema contracts/shared/schemas/outbox-record.schema.json is authoritative
-- for row content):
--  1. Producers INSERT exactly one row per event in the same transaction as the state change,
--     after validating the envelope against SF-CON-EVENT-ENVELOPE. Producers never SELECT,
--     UPDATE or DELETE outbox rows.
--  2. Envelopes with a tenant_id go to outbox_event; envelopes with tenant_id null go to
--     outbox_event_platform.
--  3. The publisher (packages/outbox, CMP-038) runs as a login role that is a member of
--     sf_outbox_publisher only. It claims PENDING rows by setting lease_owner/lease_expires_at
--     in one short transaction, publishes with no transaction open, then sets PUBLISHED (or
--     schedules a retry) in another. An expired lease makes a row claimable again, so delivery
--     is at-least-once.
--  4. For one partition_key, a row is claimable only when no row with a lower seq is PENDING or
--     DEAD_LETTERED. A DEAD_LETTERED row therefore holds its key until an operator replays or
--     discards it through an audited action.
--  5. Consumers record (consumer_group, event_id) in inbox_event or inbox_event_platform in the
--     same transaction as their own state change; a conflict means the event was already applied.
--  6. The publisher deletes PUBLISHED rows only after the topic's retention window in the CMP-038
--     topic registry.

-- sf:isolation sf_evidence.outbox_event TENANT_SCOPED owner=CMP-011
CREATE TABLE sf_evidence.outbox_event (
  seq bigint GENERATED ALWAYS AS IDENTITY PRIMARY KEY,
  event_id uuid NOT NULL UNIQUE,
  tenant_id uuid NOT NULL,
  topic text NOT NULL CHECK (topic ~ '^[a-zA-Z0-9._-]{3,249}$'),
  partition_key text NOT NULL CHECK (length(partition_key) BETWEEN 1 AND 200),
  event_type text NOT NULL,
  schema_version integer NOT NULL CHECK (schema_version >= 1),
  aggregate_type text NOT NULL,
  aggregate_id uuid NOT NULL,
  aggregate_version bigint NOT NULL CHECK (aggregate_version >= 0),
  envelope jsonb NOT NULL CHECK (octet_length(envelope::text) <= 262144),
  status text NOT NULL DEFAULT 'PENDING' CHECK (status IN ('PENDING', 'PUBLISHED', 'DEAD_LETTERED')),
  attempts integer NOT NULL DEFAULT 0 CHECK (attempts >= 0),
  next_attempt_at timestamptz NOT NULL DEFAULT now(),
  lease_owner text,
  lease_expires_at timestamptz,
  last_error_code text CHECK (last_error_code ~ '^[A-Z][A-Z0-9_]{1,63}$'),
  created_at timestamptz NOT NULL DEFAULT now(),
  published_at timestamptz,
  CHECK (envelope ->> 'event_id' = event_id::text),
  CHECK (envelope ->> 'tenant_id' = tenant_id::text),
  CHECK (envelope ->> 'aggregate_id' = aggregate_id::text),
  CHECK (envelope ->> 'event_type' = event_type)
);
CREATE INDEX outbox_event_claim_idx ON sf_evidence.outbox_event (partition_key, seq) WHERE status <> 'PUBLISHED';
CREATE INDEX outbox_event_due_idx ON sf_evidence.outbox_event (next_attempt_at) WHERE status = 'PENDING';
ALTER TABLE sf_evidence.outbox_event ENABLE ROW LEVEL SECURITY;
ALTER TABLE sf_evidence.outbox_event FORCE ROW LEVEL SECURITY;
CREATE POLICY outbox_event_tenant_insert ON sf_evidence.outbox_event FOR INSERT TO sf_app
  WITH CHECK (tenant_id = sf_platform.current_tenant_id());
CREATE POLICY outbox_event_publisher ON sf_evidence.outbox_event TO sf_outbox_publisher
  USING (true) WITH CHECK (true);
GRANT INSERT ON sf_evidence.outbox_event TO sf_app;

-- sf:isolation sf_evidence.outbox_event_platform PLATFORM_OPERATIONAL owner=CMP-011
CREATE TABLE sf_evidence.outbox_event_platform (
  seq bigint GENERATED ALWAYS AS IDENTITY PRIMARY KEY,
  event_id uuid NOT NULL UNIQUE,
  topic text NOT NULL CHECK (topic ~ '^[a-zA-Z0-9._-]{3,249}$'),
  partition_key text NOT NULL CHECK (length(partition_key) BETWEEN 1 AND 200),
  event_type text NOT NULL,
  schema_version integer NOT NULL CHECK (schema_version >= 1),
  aggregate_type text NOT NULL,
  aggregate_id uuid NOT NULL,
  aggregate_version bigint NOT NULL CHECK (aggregate_version >= 0),
  envelope jsonb NOT NULL CHECK (octet_length(envelope::text) <= 262144),
  status text NOT NULL DEFAULT 'PENDING' CHECK (status IN ('PENDING', 'PUBLISHED', 'DEAD_LETTERED')),
  attempts integer NOT NULL DEFAULT 0 CHECK (attempts >= 0),
  next_attempt_at timestamptz NOT NULL DEFAULT now(),
  lease_owner text,
  lease_expires_at timestamptz,
  last_error_code text CHECK (last_error_code ~ '^[A-Z][A-Z0-9_]{1,63}$'),
  created_at timestamptz NOT NULL DEFAULT now(),
  published_at timestamptz,
  CHECK (envelope ->> 'event_id' = event_id::text),
  CHECK (jsonb_typeof(envelope -> 'tenant_id') = 'null'),
  CHECK (envelope ->> 'aggregate_id' = aggregate_id::text),
  CHECK (envelope ->> 'event_type' = event_type)
);
CREATE INDEX outbox_event_platform_claim_idx ON sf_evidence.outbox_event_platform (partition_key, seq) WHERE status <> 'PUBLISHED';
CREATE INDEX outbox_event_platform_due_idx ON sf_evidence.outbox_event_platform (next_attempt_at) WHERE status = 'PENDING';
GRANT INSERT ON sf_evidence.outbox_event_platform TO sf_app;

GRANT USAGE ON SCHEMA sf_evidence TO sf_outbox_publisher;
GRANT SELECT, DELETE ON sf_evidence.outbox_event, sf_evidence.outbox_event_platform TO sf_outbox_publisher;
GRANT UPDATE (status, attempts, next_attempt_at, lease_owner, lease_expires_at, last_error_code, published_at)
  ON sf_evidence.outbox_event, sf_evidence.outbox_event_platform TO sf_outbox_publisher;

-- sf:isolation sf_evidence.inbox_event TENANT_SCOPED owner=CMP-011
CREATE TABLE sf_evidence.inbox_event (
  consumer_group text NOT NULL CHECK (consumer_group ~ '^[a-z0-9][a-z0-9._-]{0,99}$'),
  event_id uuid NOT NULL,
  tenant_id uuid NOT NULL,
  processed_at timestamptz NOT NULL DEFAULT now(),
  PRIMARY KEY (consumer_group, event_id)
);
ALTER TABLE sf_evidence.inbox_event ENABLE ROW LEVEL SECURITY;
ALTER TABLE sf_evidence.inbox_event FORCE ROW LEVEL SECURITY;
CREATE POLICY inbox_event_tenant ON sf_evidence.inbox_event TO sf_app
  USING (tenant_id = sf_platform.current_tenant_id())
  WITH CHECK (tenant_id = sf_platform.current_tenant_id());
GRANT SELECT, INSERT ON sf_evidence.inbox_event TO sf_app;

-- sf:isolation sf_evidence.inbox_event_platform PLATFORM_OPERATIONAL owner=CMP-011
CREATE TABLE sf_evidence.inbox_event_platform (
  consumer_group text NOT NULL CHECK (consumer_group ~ '^[a-z0-9][a-z0-9._-]{0,99}$'),
  event_id uuid NOT NULL,
  processed_at timestamptz NOT NULL DEFAULT now(),
  PRIMARY KEY (consumer_group, event_id)
);
GRANT SELECT, INSERT ON sf_evidence.inbox_event_platform TO sf_app;

-- Identity sequences are required for the frozen template GRANT INSERT … TO sf_app.
-- Table grants in the template body above are unchanged (ADR-0006 condition 9).
GRANT USAGE, SELECT ON ALL SEQUENCES IN SCHEMA sf_evidence TO sf_app;
REVOKE ALL ON ALL SEQUENCES IN SCHEMA sf_evidence FROM PUBLIC;
ALTER TABLE sf_evidence.outbox_event OWNER TO sf_migrator;
ALTER TABLE sf_evidence.outbox_event_platform OWNER TO sf_migrator;
ALTER TABLE sf_evidence.inbox_event OWNER TO sf_migrator;
ALTER TABLE sf_evidence.inbox_event_platform OWNER TO sf_migrator;
;
INSERT INTO "public"."sf_schema_migrations" (name, run_on) VALUES ('1759530110001_cmp-011-outbox', NOW());


### MIGRATION 1759530200000_cmp-008-rules (UP) ###
--
-- Up Migration

DO $$
BEGIN
  IF NOT EXISTS (SELECT 1 FROM pg_roles WHERE rolname = 'sf_migrator') THEN
    CREATE ROLE sf_migrator NOLOGIN NOSUPERUSER NOCREATEDB NOCREATEROLE NOINHERIT NOBYPASSRLS;
  END IF;
END
$$;

DO $$
BEGIN
  IF NOT EXISTS (SELECT 1 FROM pg_roles WHERE rolname = 'sf_cmp008_rw') THEN
    CREATE ROLE sf_cmp008_rw NOLOGIN NOSUPERUSER NOCREATEDB NOCREATEROLE NOINHERIT NOBYPASSRLS;
  END IF;
END
$$;
COMMENT ON ROLE sf_cmp008_rw IS
  'ADR-0006: CMP-008 privilege role. NOLOGIN. Runtime logins inherit sf_app + this role only.';

CREATE SCHEMA sf_rules AUTHORIZATION sf_migrator;
COMMENT ON SCHEMA sf_rules IS
  'isolation_class=mixed; owner=CMP-008; deterministic rule evaluation records and pinned rule pack snapshots';

REVOKE ALL ON SCHEMA sf_rules FROM PUBLIC;
GRANT USAGE ON SCHEMA sf_rules TO sf_cmp008_rw;
GRANT USAGE ON SCHEMA sf_rules TO sf_app;

ALTER DEFAULT PRIVILEGES FOR ROLE sf_migrator IN SCHEMA sf_rules REVOKE ALL ON TABLES FROM PUBLIC;
ALTER DEFAULT PRIVILEGES FOR ROLE sf_migrator IN SCHEMA sf_rules REVOKE ALL ON SEQUENCES FROM PUBLIC;
ALTER DEFAULT PRIVILEGES FOR ROLE sf_migrator IN SCHEMA sf_rules REVOKE ALL ON FUNCTIONS FROM PUBLIC;

GRANT USAGE ON SCHEMA sf_platform TO sf_migrator;

-- sf:isolation sf_rules.rule_pack_snapshot TENANT_SCOPED owner=CMP-008
CREATE TABLE sf_rules.rule_pack_snapshot (
  snapshot_id uuid PRIMARY KEY,
  tenant_id uuid NOT NULL,
  cell_id text NOT NULL CHECK (cell_id ~ '^cell-[a-z0-9-]{1,40}$'),
  pack_key text NOT NULL CHECK (pack_key ~ '^[a-z][a-z0-9._-]{1,127}$'),
  content_hash text NOT NULL CHECK (content_hash ~ '^sha256:[0-9a-f]{64}$'),
  payload_digest text NOT NULL CHECK (payload_digest ~ '^sha256:[0-9a-f]{64}$'),
  payload jsonb NOT NULL CHECK (octet_length(payload::text) <= 524288),
  created_by uuid NOT NULL,
  created_at timestamptz NOT NULL DEFAULT now(),
  UNIQUE (tenant_id, snapshot_id),
  UNIQUE (tenant_id, pack_key, content_hash)
);
ALTER TABLE sf_rules.rule_pack_snapshot ENABLE ROW LEVEL SECURITY;
ALTER TABLE sf_rules.rule_pack_snapshot FORCE ROW LEVEL SECURITY;
CREATE POLICY rule_pack_snapshot_tenant ON sf_rules.rule_pack_snapshot TO sf_app
  USING (tenant_id = sf_platform.current_tenant_id())
  WITH CHECK (tenant_id = sf_platform.current_tenant_id());
ALTER TABLE sf_rules.rule_pack_snapshot OWNER TO sf_migrator;

-- sf:isolation sf_rules.evaluation_record TENANT_SCOPED owner=CMP-008
-- Raw inputs are never stored: input_hash is the canonical SHA-256 of the caller-supplied inputs.
CREATE TABLE sf_rules.evaluation_record (
  evaluation_id uuid PRIMARY KEY,
  tenant_id uuid NOT NULL,
  cell_id text NOT NULL CHECK (cell_id ~ '^cell-[a-z0-9-]{1,40}$'),
  snapshot_id uuid NOT NULL,
  pack_key text NOT NULL CHECK (pack_key ~ '^[a-z][a-z0-9._-]{1,127}$'),
  version_id uuid NOT NULL,
  content_hash text NOT NULL CHECK (content_hash ~ '^sha256:[0-9a-f]{64}$'),
  input_hash text NOT NULL CHECK (input_hash ~ '^sha256:[0-9a-f]{64}$'),
  purpose_code text NOT NULL CHECK (purpose_code ~ '^[A-Z][A-Z0-9_]{1,63}$'),
  subject_ref text CHECK (subject_ref ~ '^[A-Za-z0-9._:-]{1,128}$'),
  outcome text CHECK (outcome ~ '^[A-Z][A-Z0-9_]{1,63}$'),
  result_code text NOT NULL CHECK (result_code IN ('RULE_OUTPUT_PRODUCED', 'NO_RULE_OUTPUT')),
  reason_codes jsonb NOT NULL CHECK (jsonb_typeof(reason_codes) = 'array' AND jsonb_array_length(reason_codes) <= 32),
  outputs jsonb NOT NULL CHECK (octet_length(outputs::text) <= 65536),
  matched_rules jsonb NOT NULL CHECK (jsonb_typeof(matched_rules) = 'array'),
  engine_name text NOT NULL CHECK (char_length(engine_name) BETWEEN 1 AND 64),
  engine_version text NOT NULL CHECK (char_length(engine_version) BETWEEN 1 AND 64),
  simulation jsonb,
  requested_by uuid NOT NULL,
  evaluated_at timestamptz NOT NULL,
  created_at timestamptz NOT NULL DEFAULT now(),
  UNIQUE (tenant_id, evaluation_id),
  FOREIGN KEY (tenant_id, snapshot_id) REFERENCES sf_rules.rule_pack_snapshot (tenant_id, snapshot_id)
);
CREATE INDEX evaluation_record_pack_idx
  ON sf_rules.evaluation_record (tenant_id, pack_key, evaluated_at DESC);
CREATE INDEX evaluation_record_subject_idx
  ON sf_rules.evaluation_record (tenant_id, subject_ref) WHERE subject_ref IS NOT NULL;
ALTER TABLE sf_rules.evaluation_record ENABLE ROW LEVEL SECURITY;
ALTER TABLE sf_rules.evaluation_record FORCE ROW LEVEL SECURITY;
CREATE POLICY evaluation_record_tenant ON sf_rules.evaluation_record TO sf_app
  USING (tenant_id = sf_platform.current_tenant_id())
  WITH CHECK (tenant_id = sf_platform.current_tenant_id());
ALTER TABLE sf_rules.evaluation_record OWNER TO sf_migrator;

CREATE FUNCTION sf_rules.prevent_record_mutation() RETURNS trigger
  LANGUAGE plpgsql
  AS $$
BEGIN
  RAISE EXCEPTION 'rule pack snapshots and evaluation records are immutable'
    USING ERRCODE = 'P0001', HINT = 'SF_RECORD_IMMUTABLE';
END
$$;
ALTER FUNCTION sf_rules.prevent_record_mutation() OWNER TO sf_migrator;
REVOKE ALL ON FUNCTION sf_rules.prevent_record_mutation() FROM PUBLIC;
GRANT EXECUTE ON FUNCTION sf_rules.prevent_record_mutation() TO sf_app, sf_cmp008_rw;

CREATE TRIGGER rule_pack_snapshot_immutable
  BEFORE UPDATE OR DELETE ON sf_rules.rule_pack_snapshot
  FOR EACH ROW
  EXECUTE FUNCTION sf_rules.prevent_record_mutation();

CREATE TRIGGER evaluation_record_immutable
  BEFORE UPDATE OR DELETE ON sf_rules.evaluation_record
  FOR EACH ROW
  EXECUTE FUNCTION sf_rules.prevent_record_mutation();

-- sf:isolation sf_rules.idempotency_record TENANT_SCOPED owner=CMP-008
CREATE TABLE sf_rules.idempotency_record (
  tenant_id uuid NOT NULL,
  principal_id uuid NOT NULL,
  endpoint text NOT NULL,
  idempotency_key text NOT NULL,
  request_fingerprint text NOT NULL CHECK (request_fingerprint ~ '^sha256:[0-9a-f]{64}$'),
  status text NOT NULL CHECK (status IN ('IN_PROGRESS', 'COMPLETED', 'FAILED')),
  response_ref text,
  response_status integer,
  response_body jsonb,
  created_at timestamptz NOT NULL DEFAULT now(),
  expires_at timestamptz NOT NULL,
  PRIMARY KEY (tenant_id, principal_id, endpoint, idempotency_key)
);
ALTER TABLE sf_rules.idempotency_record ENABLE ROW LEVEL SECURITY;
ALTER TABLE sf_rules.idempotency_record FORCE ROW LEVEL SECURITY;
CREATE POLICY idempotency_tenant ON sf_rules.idempotency_record TO sf_app
  USING (tenant_id = sf_platform.current_tenant_id())
  WITH CHECK (tenant_id = sf_platform.current_tenant_id());
ALTER TABLE sf_rules.idempotency_record OWNER TO sf_migrator;

GRANT SELECT, INSERT ON sf_rules.rule_pack_snapshot TO sf_cmp008_rw;
GRANT SELECT, INSERT ON sf_rules.evaluation_record TO sf_cmp008_rw;
GRANT SELECT, INSERT, DELETE, UPDATE (
  status, response_ref, response_status, response_body
) ON sf_rules.idempotency_record TO sf_cmp008_rw;

REVOKE ALL ON sf_rules.rule_pack_snapshot FROM PUBLIC;
REVOKE ALL ON sf_rules.evaluation_record FROM PUBLIC;
REVOKE ALL ON sf_rules.idempotency_record FROM PUBLIC;
;
INSERT INTO "public"."sf_schema_migrations" (name, run_on) VALUES ('1759530200000_cmp-008-rules', NOW());


### MIGRATION 1759530200001_cmp-008-outbox (UP) ###
--
-- Up Migration

-- SF-CON-OUTBOX v1: normative outbox and inbox layout for every component schema.
-- Copy into the component's own migration, replacing sf_rules with the component schema and
-- CMP-008 with its CMP id. Do not add columns or change grants without a Contract Change Request.
-- Requires db/migrations/1759490000000_shared-db-contracts.sql (sf_platform.current_tenant_id(),
-- role sf_outbox_publisher).
--
-- Rules (summary; the schema contracts/shared/schemas/outbox-record.schema.json is authoritative
-- for row content):
--  1. Producers INSERT exactly one row per event in the same transaction as the state change,
--     after validating the envelope against SF-CON-EVENT-ENVELOPE. Producers never SELECT,
--     UPDATE or DELETE outbox rows.
--  2. Envelopes with a tenant_id go to outbox_event; envelopes with tenant_id null go to
--     outbox_event_platform.
--  3. The publisher (packages/outbox, CMP-038) runs as a login role that is a member of
--     sf_outbox_publisher only. It claims PENDING rows by setting lease_owner/lease_expires_at
--     in one short transaction, publishes with no transaction open, then sets PUBLISHED (or
--     schedules a retry) in another. An expired lease makes a row claimable again, so delivery
--     is at-least-once.
--  4. For one partition_key, a row is claimable only when no row with a lower seq is PENDING or
--     DEAD_LETTERED. A DEAD_LETTERED row therefore holds its key until an operator replays or
--     discards it through an audited action.
--  5. Consumers record (consumer_group, event_id) in inbox_event or inbox_event_platform in the
--     same transaction as their own state change; a conflict means the event was already applied.
--  6. The publisher deletes PUBLISHED rows only after the topic's retention window in the CMP-038
--     topic registry.

-- sf:isolation sf_rules.outbox_event TENANT_SCOPED owner=CMP-008
CREATE TABLE sf_rules.outbox_event (
  seq bigint GENERATED ALWAYS AS IDENTITY PRIMARY KEY,
  event_id uuid NOT NULL UNIQUE,
  tenant_id uuid NOT NULL,
  topic text NOT NULL CHECK (topic ~ '^[a-zA-Z0-9._-]{3,249}$'),
  partition_key text NOT NULL CHECK (length(partition_key) BETWEEN 1 AND 200),
  event_type text NOT NULL,
  schema_version integer NOT NULL CHECK (schema_version >= 1),
  aggregate_type text NOT NULL,
  aggregate_id uuid NOT NULL,
  aggregate_version bigint NOT NULL CHECK (aggregate_version >= 0),
  envelope jsonb NOT NULL CHECK (octet_length(envelope::text) <= 262144),
  status text NOT NULL DEFAULT 'PENDING' CHECK (status IN ('PENDING', 'PUBLISHED', 'DEAD_LETTERED')),
  attempts integer NOT NULL DEFAULT 0 CHECK (attempts >= 0),
  next_attempt_at timestamptz NOT NULL DEFAULT now(),
  lease_owner text,
  lease_expires_at timestamptz,
  last_error_code text CHECK (last_error_code ~ '^[A-Z][A-Z0-9_]{1,63}$'),
  created_at timestamptz NOT NULL DEFAULT now(),
  published_at timestamptz,
  CHECK (envelope ->> 'event_id' = event_id::text),
  CHECK (envelope ->> 'tenant_id' = tenant_id::text),
  CHECK (envelope ->> 'aggregate_id' = aggregate_id::text),
  CHECK (envelope ->> 'event_type' = event_type)
);
CREATE INDEX outbox_event_claim_idx ON sf_rules.outbox_event (partition_key, seq) WHERE status <> 'PUBLISHED';
CREATE INDEX outbox_event_due_idx ON sf_rules.outbox_event (next_attempt_at) WHERE status = 'PENDING';
ALTER TABLE sf_rules.outbox_event ENABLE ROW LEVEL SECURITY;
ALTER TABLE sf_rules.outbox_event FORCE ROW LEVEL SECURITY;
CREATE POLICY outbox_event_tenant_insert ON sf_rules.outbox_event FOR INSERT TO sf_app
  WITH CHECK (tenant_id = sf_platform.current_tenant_id());
CREATE POLICY outbox_event_publisher ON sf_rules.outbox_event TO sf_outbox_publisher
  USING (true) WITH CHECK (true);
GRANT INSERT ON sf_rules.outbox_event TO sf_app;

-- sf:isolation sf_rules.outbox_event_platform PLATFORM_OPERATIONAL owner=CMP-008
CREATE TABLE sf_rules.outbox_event_platform (
  seq bigint GENERATED ALWAYS AS IDENTITY PRIMARY KEY,
  event_id uuid NOT NULL UNIQUE,
  topic text NOT NULL CHECK (topic ~ '^[a-zA-Z0-9._-]{3,249}$'),
  partition_key text NOT NULL CHECK (length(partition_key) BETWEEN 1 AND 200),
  event_type text NOT NULL,
  schema_version integer NOT NULL CHECK (schema_version >= 1),
  aggregate_type text NOT NULL,
  aggregate_id uuid NOT NULL,
  aggregate_version bigint NOT NULL CHECK (aggregate_version >= 0),
  envelope jsonb NOT NULL CHECK (octet_length(envelope::text) <= 262144),
  status text NOT NULL DEFAULT 'PENDING' CHECK (status IN ('PENDING', 'PUBLISHED', 'DEAD_LETTERED')),
  attempts integer NOT NULL DEFAULT 0 CHECK (attempts >= 0),
  next_attempt_at timestamptz NOT NULL DEFAULT now(),
  lease_owner text,
  lease_expires_at timestamptz,
  last_error_code text CHECK (last_error_code ~ '^[A-Z][A-Z0-9_]{1,63}$'),
  created_at timestamptz NOT NULL DEFAULT now(),
  published_at timestamptz,
  CHECK (envelope ->> 'event_id' = event_id::text),
  CHECK (jsonb_typeof(envelope -> 'tenant_id') = 'null'),
  CHECK (envelope ->> 'aggregate_id' = aggregate_id::text),
  CHECK (envelope ->> 'event_type' = event_type)
);
CREATE INDEX outbox_event_platform_claim_idx ON sf_rules.outbox_event_platform (partition_key, seq) WHERE status <> 'PUBLISHED';
CREATE INDEX outbox_event_platform_due_idx ON sf_rules.outbox_event_platform (next_attempt_at) WHERE status = 'PENDING';
GRANT INSERT ON sf_rules.outbox_event_platform TO sf_app;

GRANT USAGE ON SCHEMA sf_rules TO sf_outbox_publisher;
GRANT SELECT, DELETE ON sf_rules.outbox_event, sf_rules.outbox_event_platform TO sf_outbox_publisher;
GRANT UPDATE (status, attempts, next_attempt_at, lease_owner, lease_expires_at, last_error_code, published_at)
  ON sf_rules.outbox_event, sf_rules.outbox_event_platform TO sf_outbox_publisher;

-- sf:isolation sf_rules.inbox_event TENANT_SCOPED owner=CMP-008
CREATE TABLE sf_rules.inbox_event (
  consumer_group text NOT NULL CHECK (consumer_group ~ '^[a-z0-9][a-z0-9._-]{0,99}$'),
  event_id uuid NOT NULL,
  tenant_id uuid NOT NULL,
  processed_at timestamptz NOT NULL DEFAULT now(),
  PRIMARY KEY (consumer_group, event_id)
);
ALTER TABLE sf_rules.inbox_event ENABLE ROW LEVEL SECURITY;
ALTER TABLE sf_rules.inbox_event FORCE ROW LEVEL SECURITY;
CREATE POLICY inbox_event_tenant ON sf_rules.inbox_event TO sf_app
  USING (tenant_id = sf_platform.current_tenant_id())
  WITH CHECK (tenant_id = sf_platform.current_tenant_id());
GRANT SELECT, INSERT ON sf_rules.inbox_event TO sf_app;

-- sf:isolation sf_rules.inbox_event_platform PLATFORM_OPERATIONAL owner=CMP-008
CREATE TABLE sf_rules.inbox_event_platform (
  consumer_group text NOT NULL CHECK (consumer_group ~ '^[a-z0-9][a-z0-9._-]{0,99}$'),
  event_id uuid NOT NULL,
  processed_at timestamptz NOT NULL DEFAULT now(),
  PRIMARY KEY (consumer_group, event_id)
);
GRANT SELECT, INSERT ON sf_rules.inbox_event_platform TO sf_app;

-- Identity sequences are required for the frozen template GRANT INSERT … TO sf_app.
-- Table grants in the template body above are unchanged (ADR-0006 condition 9).
GRANT USAGE, SELECT ON ALL SEQUENCES IN SCHEMA sf_rules TO sf_app;
REVOKE ALL ON ALL SEQUENCES IN SCHEMA sf_rules FROM PUBLIC;
ALTER TABLE sf_rules.outbox_event OWNER TO sf_migrator;
ALTER TABLE sf_rules.outbox_event_platform OWNER TO sf_migrator;
ALTER TABLE sf_rules.inbox_event OWNER TO sf_migrator;
ALTER TABLE sf_rules.inbox_event_platform OWNER TO sf_migrator;
;
INSERT INTO "public"."sf_schema_migrations" (name, run_on) VALUES ('1759530200001_cmp-008-outbox', NOW());


### MIGRATION 1759530400000_cmp-013-document-upload (UP) ###

-- Up Migration

DO $$
BEGIN
  IF NOT EXISTS (SELECT 1 FROM pg_roles WHERE rolname = 'sf_migrator') THEN
    CREATE ROLE sf_migrator NOLOGIN NOSUPERUSER NOCREATEDB NOCREATEROLE NOINHERIT NOBYPASSRLS;
  END IF;
END
$$;
COMMENT ON ROLE sf_migrator IS 'Deployment/migration role. Owns authoritative schemas/tables. Never a runtime login.';

DO $$
BEGIN
  IF NOT EXISTS (SELECT 1 FROM pg_roles WHERE rolname = 'sf_cmp013_rw') THEN
    CREATE ROLE sf_cmp013_rw NOLOGIN NOSUPERUSER NOCREATEDB NOCREATEROLE NOINHERIT NOBYPASSRLS;
  END IF;
END
$$;
COMMENT ON ROLE sf_cmp013_rw IS 'CMP-013 privilege role (ADR-0006). NOLOGIN. Holds DML on sf_upload business tables.';

CREATE SCHEMA sf_upload AUTHORIZATION sf_migrator;
COMMENT ON SCHEMA sf_upload IS 'isolation_class=TENANT_SCOPED; owner=CMP-013; Upload policies, sessions, document metadata and scan state';

REVOKE ALL ON SCHEMA sf_upload FROM PUBLIC;
GRANT USAGE ON SCHEMA sf_upload TO sf_cmp013_rw;

ALTER DEFAULT PRIVILEGES FOR ROLE sf_migrator IN SCHEMA sf_upload REVOKE ALL ON TABLES FROM PUBLIC;
ALTER DEFAULT PRIVILEGES FOR ROLE sf_migrator IN SCHEMA sf_upload REVOKE ALL ON SEQUENCES FROM PUBLIC;
ALTER DEFAULT PRIVILEGES FOR ROLE sf_migrator IN SCHEMA sf_upload REVOKE ALL ON FUNCTIONS FROM PUBLIC;

-- sf:isolation sf_upload.upload_policy TENANT_SCOPED owner=CMP-013
CREATE TABLE sf_upload.upload_policy (
  tenant_id uuid NOT NULL,
  policy_id uuid NOT NULL,
  policy_code text NOT NULL CHECK (policy_code ~ '^[A-Z][A-Z0-9_]{1,63}$'),
  version_no bigint NOT NULL CHECK (version_no >= 1),
  status text NOT NULL CHECK (status IN ('ACTIVE', 'RETIRED')),
  allowed_content_types text[] NOT NULL
    CHECK (cardinality(allowed_content_types) BETWEEN 1 AND 16),
  max_bytes bigint NOT NULL CHECK (max_bytes BETWEEN 1 AND 5368709120),
  session_ttl_seconds integer NOT NULL CHECK (session_ttl_seconds BETWEEN 60 AND 86400),
  max_scan_attempts integer NOT NULL CHECK (max_scan_attempts BETWEEN 1 AND 10),
  classification text NOT NULL CHECK (classification IN ('TENANT_SCOPED', 'CITIZEN_PRIVATE')),
  created_by uuid NOT NULL,
  created_at timestamptz NOT NULL DEFAULT now(),
  PRIMARY KEY (tenant_id, policy_id),
  UNIQUE (tenant_id, policy_code, version_no)
);
ALTER TABLE sf_upload.upload_policy ENABLE ROW LEVEL SECURITY;
ALTER TABLE sf_upload.upload_policy FORCE ROW LEVEL SECURITY;
CREATE POLICY upload_policy_isolation ON sf_upload.upload_policy TO sf_app
  USING (tenant_id = sf_platform.current_tenant_id())
  WITH CHECK (tenant_id = sf_platform.current_tenant_id());
ALTER TABLE sf_upload.upload_policy OWNER TO sf_migrator;

-- sf:isolation sf_upload.document_metadata TENANT_SCOPED owner=CMP-013
CREATE TABLE sf_upload.document_metadata (
  tenant_id uuid NOT NULL,
  document_id uuid NOT NULL,
  cell_id text NOT NULL CHECK (cell_id ~ '^cell-[a-z0-9-]{1,40}$'),
  policy_id uuid NOT NULL,
  classification text NOT NULL CHECK (classification IN ('TENANT_SCOPED', 'CITIZEN_PRIVATE')),
  application_ref uuid,
  owner_actor_id uuid NOT NULL,
  owner_actor_type text NOT NULL
    CHECK (owner_actor_type IN ('CITIZEN', 'OFFICER', 'SYSTEM', 'INTEGRATION', 'PRIVILEGED_ADMIN')),
  declared_content_type text NOT NULL CHECK (char_length(declared_content_type) BETWEEN 3 AND 100),
  declared_byte_size bigint NOT NULL CHECK (declared_byte_size >= 1),
  declared_checksum_sha256 text NOT NULL CHECK (declared_checksum_sha256 ~ '^[0-9a-f]{64}$'),
  detected_content_type text CHECK (detected_content_type IS NULL OR char_length(detected_content_type) BETWEEN 3 AND 100),
  byte_size bigint CHECK (byte_size IS NULL OR byte_size >= 1),
  checksum_sha256 text CHECK (checksum_sha256 IS NULL OR checksum_sha256 ~ '^[0-9a-f]{64}$'),
  object_ref text NOT NULL CHECK (
    char_length(object_ref) BETWEEN 1 AND 512
    AND object_ref ~ '^[A-Za-z0-9_-]+(/[A-Za-z0-9_-]+)*$'
  ),
  storage_mode text NOT NULL CHECK (storage_mode IN ('REAL', 'SANDBOX', 'SIMULATED')),
  storage_simulation jsonb,
  status text NOT NULL CHECK (status IN ('PENDING_UPLOAD', 'SCAN_PENDING', 'AVAILABLE', 'REJECTED')),
  rejection_code text CHECK (rejection_code IS NULL OR rejection_code ~ '^[A-Z][A-Z0-9_]{1,63}$'),
  scan_attempts integer NOT NULL DEFAULT 0 CHECK (scan_attempts >= 0),
  aggregate_version bigint NOT NULL DEFAULT 1 CHECK (aggregate_version >= 1),
  created_at timestamptz NOT NULL DEFAULT now(),
  updated_at timestamptz NOT NULL DEFAULT now(),
  PRIMARY KEY (tenant_id, document_id),
  UNIQUE (tenant_id, object_ref),
  FOREIGN KEY (tenant_id, policy_id) REFERENCES sf_upload.upload_policy (tenant_id, policy_id),
  CHECK (status <> 'REJECTED' OR rejection_code IS NOT NULL),
  CHECK (status NOT IN ('SCAN_PENDING', 'AVAILABLE')
         OR (checksum_sha256 IS NOT NULL AND byte_size IS NOT NULL AND detected_content_type IS NOT NULL)),
  CHECK (storage_mode <> 'SIMULATED' OR storage_simulation IS NOT NULL)
);
CREATE INDEX document_metadata_application_idx
  ON sf_upload.document_metadata (tenant_id, application_ref) WHERE application_ref IS NOT NULL;
ALTER TABLE sf_upload.document_metadata ENABLE ROW LEVEL SECURITY;
ALTER TABLE sf_upload.document_metadata FORCE ROW LEVEL SECURITY;
CREATE POLICY document_metadata_isolation ON sf_upload.document_metadata TO sf_app
  USING (tenant_id = sf_platform.current_tenant_id())
  WITH CHECK (tenant_id = sf_platform.current_tenant_id());
ALTER TABLE sf_upload.document_metadata OWNER TO sf_migrator;

-- sf:isolation sf_upload.upload_session TENANT_SCOPED owner=CMP-013
CREATE TABLE sf_upload.upload_session (
  tenant_id uuid NOT NULL,
  session_id uuid NOT NULL,
  document_id uuid NOT NULL,
  status text NOT NULL CHECK (status IN ('OPEN', 'COMPLETED', 'EXPIRED', 'REJECTED')),
  expires_at timestamptz NOT NULL,
  created_by uuid NOT NULL,
  created_at timestamptz NOT NULL DEFAULT now(),
  closed_at timestamptz,
  PRIMARY KEY (tenant_id, session_id),
  UNIQUE (tenant_id, document_id),
  FOREIGN KEY (tenant_id, document_id) REFERENCES sf_upload.document_metadata (tenant_id, document_id),
  CHECK (expires_at > created_at),
  CHECK ((status = 'OPEN') = (closed_at IS NULL))
);
CREATE INDEX upload_session_open_expiry_idx
  ON sf_upload.upload_session (tenant_id, expires_at) WHERE status = 'OPEN';
ALTER TABLE sf_upload.upload_session ENABLE ROW LEVEL SECURITY;
ALTER TABLE sf_upload.upload_session FORCE ROW LEVEL SECURITY;
CREATE POLICY upload_session_isolation ON sf_upload.upload_session TO sf_app
  USING (tenant_id = sf_platform.current_tenant_id())
  WITH CHECK (tenant_id = sf_platform.current_tenant_id());
ALTER TABLE sf_upload.upload_session OWNER TO sf_migrator;

-- sf:isolation sf_upload.document_scan_status TENANT_SCOPED owner=CMP-013
CREATE TABLE sf_upload.document_scan_status (
  tenant_id uuid NOT NULL,
  scan_id uuid NOT NULL,
  document_id uuid NOT NULL,
  attempt_no integer NOT NULL CHECK (attempt_no >= 1),
  verdict text NOT NULL CHECK (verdict IN ('CLEAN', 'INFECTED', 'ERROR')),
  engine_ref text NOT NULL CHECK (engine_ref ~ '^[a-z0-9][a-z0-9._-]{0,99}$'),
  scanner_mode text NOT NULL CHECK (scanner_mode IN ('REAL', 'SANDBOX', 'SIMULATED')),
  simulation jsonb,
  scanned_at timestamptz NOT NULL,
  PRIMARY KEY (tenant_id, scan_id),
  UNIQUE (tenant_id, document_id, attempt_no),
  FOREIGN KEY (tenant_id, document_id) REFERENCES sf_upload.document_metadata (tenant_id, document_id),
  CHECK (scanner_mode <> 'SIMULATED' OR simulation IS NOT NULL)
);
ALTER TABLE sf_upload.document_scan_status ENABLE ROW LEVEL SECURITY;
ALTER TABLE sf_upload.document_scan_status FORCE ROW LEVEL SECURITY;
CREATE POLICY document_scan_status_isolation ON sf_upload.document_scan_status TO sf_app
  USING (tenant_id = sf_platform.current_tenant_id())
  WITH CHECK (tenant_id = sf_platform.current_tenant_id());
ALTER TABLE sf_upload.document_scan_status OWNER TO sf_migrator;

-- sf:isolation sf_upload.idempotency_record TENANT_SCOPED owner=CMP-013
CREATE TABLE sf_upload.idempotency_record (
  tenant_id uuid NOT NULL,
  principal_id uuid NOT NULL,
  endpoint text NOT NULL,
  idempotency_key text NOT NULL,
  request_fingerprint text NOT NULL CHECK (request_fingerprint ~ '^sha256:[0-9a-f]{64}$'),
  status text NOT NULL CHECK (status IN ('IN_PROGRESS', 'COMPLETED', 'FAILED')),
  response_ref text,
  response_status integer,
  response_body jsonb,
  created_at timestamptz NOT NULL DEFAULT now(),
  expires_at timestamptz NOT NULL,
  PRIMARY KEY (tenant_id, principal_id, endpoint, idempotency_key)
);
ALTER TABLE sf_upload.idempotency_record ENABLE ROW LEVEL SECURITY;
ALTER TABLE sf_upload.idempotency_record FORCE ROW LEVEL SECURITY;
CREATE POLICY idempotency_record_isolation ON sf_upload.idempotency_record TO sf_app
  USING (tenant_id = sf_platform.current_tenant_id())
  WITH CHECK (tenant_id = sf_platform.current_tenant_id());
ALTER TABLE sf_upload.idempotency_record OWNER TO sf_migrator;

CREATE FUNCTION sf_upload.reject_mutation()
RETURNS trigger
LANGUAGE plpgsql
SET search_path = sf_upload, pg_temp
AS $$
BEGIN
  RAISE EXCEPTION 'insert-only upload row'
    USING ERRCODE = '42501';
END;
$$;
ALTER FUNCTION sf_upload.reject_mutation() OWNER TO sf_migrator;

CREATE TRIGGER upload_policy_immutable
  BEFORE UPDATE OR DELETE ON sf_upload.upload_policy
  FOR EACH ROW
  EXECUTE FUNCTION sf_upload.reject_mutation();

CREATE TRIGGER document_scan_status_immutable
  BEFORE UPDATE OR DELETE ON sf_upload.document_scan_status
  FOR EACH ROW
  EXECUTE FUNCTION sf_upload.reject_mutation();

CREATE FUNCTION sf_upload.guard_document_transition()
RETURNS trigger
LANGUAGE plpgsql
SET search_path = sf_upload, pg_temp
AS $$
BEGIN
  IF TG_OP = 'INSERT' THEN
    IF NEW.status <> 'PENDING_UPLOAD' THEN
      RAISE EXCEPTION 'document must start PENDING_UPLOAD';
    END IF;
    RETURN NEW;
  END IF;
  IF NEW.tenant_id IS DISTINCT FROM OLD.tenant_id
     OR NEW.document_id IS DISTINCT FROM OLD.document_id
     OR NEW.object_ref IS DISTINCT FROM OLD.object_ref
     OR NEW.policy_id IS DISTINCT FROM OLD.policy_id
     OR NEW.owner_actor_id IS DISTINCT FROM OLD.owner_actor_id THEN
    RAISE EXCEPTION 'document identity is immutable' USING ERRCODE = '42501';
  END IF;
  IF NOT (
       (OLD.status = 'PENDING_UPLOAD' AND NEW.status IN ('SCAN_PENDING', 'REJECTED'))
    OR (OLD.status = 'SCAN_PENDING' AND NEW.status IN ('SCAN_PENDING', 'AVAILABLE', 'REJECTED'))
  ) THEN
    RAISE EXCEPTION 'document transition % -> % refused', OLD.status, NEW.status;
  END IF;
  IF OLD.status = 'SCAN_PENDING'
     AND (NEW.checksum_sha256 IS DISTINCT FROM OLD.checksum_sha256
          OR NEW.byte_size IS DISTINCT FROM OLD.byte_size
          OR NEW.detected_content_type IS DISTINCT FROM OLD.detected_content_type) THEN
    RAISE EXCEPTION 'observed integrity fields are immutable once recorded' USING ERRCODE = '42501';
  END IF;
  IF NEW.status = 'AVAILABLE' AND NOT EXISTS (
       SELECT 1 FROM sf_upload.document_scan_status s
        WHERE s.tenant_id = NEW.tenant_id
          AND s.document_id = NEW.document_id
          AND s.verdict = 'CLEAN'
     ) THEN
    RAISE EXCEPTION 'document cannot become AVAILABLE without a CLEAN scan';
  END IF;
  RETURN NEW;
END;
$$;
ALTER FUNCTION sf_upload.guard_document_transition() OWNER TO sf_migrator;

CREATE TRIGGER document_metadata_transition_guard
  BEFORE INSERT OR UPDATE ON sf_upload.document_metadata
  FOR EACH ROW
  EXECUTE FUNCTION sf_upload.guard_document_transition();

CREATE TRIGGER document_metadata_no_delete
  BEFORE DELETE ON sf_upload.document_metadata
  FOR EACH ROW
  EXECUTE FUNCTION sf_upload.reject_mutation();

REVOKE ALL ON ALL TABLES IN SCHEMA sf_upload FROM PUBLIC;
REVOKE ALL ON ALL SEQUENCES IN SCHEMA sf_upload FROM PUBLIC;
REVOKE ALL ON ALL FUNCTIONS IN SCHEMA sf_upload FROM PUBLIC;

GRANT SELECT, INSERT ON sf_upload.upload_policy TO sf_cmp013_rw;
GRANT SELECT, INSERT,
  UPDATE (status, detected_content_type, byte_size, checksum_sha256, rejection_code,
          scan_attempts, aggregate_version, updated_at)
  ON sf_upload.document_metadata TO sf_cmp013_rw;
GRANT SELECT, INSERT, UPDATE (status, closed_at) ON sf_upload.upload_session TO sf_cmp013_rw;
GRANT SELECT, INSERT ON sf_upload.document_scan_status TO sf_cmp013_rw;
GRANT SELECT, INSERT, DELETE, UPDATE (status, response_ref, response_status, response_body)
  ON sf_upload.idempotency_record TO sf_cmp013_rw;

GRANT EXECUTE ON FUNCTION sf_upload.reject_mutation() TO sf_cmp013_rw;
GRANT EXECUTE ON FUNCTION sf_upload.guard_document_transition() TO sf_cmp013_rw;
;
INSERT INTO "public"."sf_schema_migrations" (name, run_on) VALUES ('1759530400000_cmp-013-document-upload', NOW());


### MIGRATION 1759530400001_cmp-013-outbox (UP) ###

-- Up Migration
-- SF-CON-OUTBOX v1: normative outbox and inbox layout for every component schema.
-- Copy into the component's own migration, replacing sf_upload with the component schema and
-- CMP-013 with its CMP id. Do not add columns or change grants without a Contract Change Request.
-- Requires db/migrations/1759490000000_shared-db-contracts.sql (sf_platform.current_tenant_id(),
-- role sf_outbox_publisher).
--
-- Rules (summary; the schema contracts/shared/schemas/outbox-record.schema.json is authoritative
-- for row content):
--  1. Producers INSERT exactly one row per event in the same transaction as the state change,
--     after validating the envelope against SF-CON-EVENT-ENVELOPE. Producers never SELECT,
--     UPDATE or DELETE outbox rows.
--  2. Envelopes with a tenant_id go to outbox_event; envelopes with tenant_id null go to
--     outbox_event_platform.
--  3. The publisher (packages/outbox, CMP-038) runs as a login role that is a member of
--     sf_outbox_publisher only. It claims PENDING rows by setting lease_owner/lease_expires_at
--     in one short transaction, publishes with no transaction open, then sets PUBLISHED (or
--     schedules a retry) in another. An expired lease makes a row claimable again, so delivery
--     is at-least-once.
--  4. For one partition_key, a row is claimable only when no row with a lower seq is PENDING or
--     DEAD_LETTERED. A DEAD_LETTERED row therefore holds its key until an operator replays or
--     discards it through an audited action.
--  5. Consumers record (consumer_group, event_id) in inbox_event or inbox_event_platform in the
--     same transaction as their own state change; a conflict means the event was already applied.
--  6. The publisher deletes PUBLISHED rows only after the topic's retention window in the CMP-038
--     topic registry.

-- sf:isolation sf_upload.outbox_event TENANT_SCOPED owner=CMP-013
CREATE TABLE sf_upload.outbox_event (
  seq bigint GENERATED ALWAYS AS IDENTITY PRIMARY KEY,
  event_id uuid NOT NULL UNIQUE,
  tenant_id uuid NOT NULL,
  topic text NOT NULL CHECK (topic ~ '^[a-zA-Z0-9._-]{3,249}$'),
  partition_key text NOT NULL CHECK (length(partition_key) BETWEEN 1 AND 200),
  event_type text NOT NULL,
  schema_version integer NOT NULL CHECK (schema_version >= 1),
  aggregate_type text NOT NULL,
  aggregate_id uuid NOT NULL,
  aggregate_version bigint NOT NULL CHECK (aggregate_version >= 0),
  envelope jsonb NOT NULL CHECK (octet_length(envelope::text) <= 262144),
  status text NOT NULL DEFAULT 'PENDING' CHECK (status IN ('PENDING', 'PUBLISHED', 'DEAD_LETTERED')),
  attempts integer NOT NULL DEFAULT 0 CHECK (attempts >= 0),
  next_attempt_at timestamptz NOT NULL DEFAULT now(),
  lease_owner text,
  lease_expires_at timestamptz,
  last_error_code text CHECK (last_error_code ~ '^[A-Z][A-Z0-9_]{1,63}$'),
  created_at timestamptz NOT NULL DEFAULT now(),
  published_at timestamptz,
  CHECK (envelope ->> 'event_id' = event_id::text),
  CHECK (envelope ->> 'tenant_id' = tenant_id::text),
  CHECK (envelope ->> 'aggregate_id' = aggregate_id::text),
  CHECK (envelope ->> 'event_type' = event_type)
);
CREATE INDEX outbox_event_claim_idx ON sf_upload.outbox_event (partition_key, seq) WHERE status <> 'PUBLISHED';
CREATE INDEX outbox_event_due_idx ON sf_upload.outbox_event (next_attempt_at) WHERE status = 'PENDING';
ALTER TABLE sf_upload.outbox_event ENABLE ROW LEVEL SECURITY;
ALTER TABLE sf_upload.outbox_event FORCE ROW LEVEL SECURITY;
CREATE POLICY outbox_event_tenant_insert ON sf_upload.outbox_event FOR INSERT TO sf_app
  WITH CHECK (tenant_id = sf_platform.current_tenant_id());
CREATE POLICY outbox_event_publisher ON sf_upload.outbox_event TO sf_outbox_publisher
  USING (true) WITH CHECK (true);
GRANT INSERT ON sf_upload.outbox_event TO sf_app;

-- sf:isolation sf_upload.outbox_event_platform PLATFORM_OPERATIONAL owner=CMP-013
CREATE TABLE sf_upload.outbox_event_platform (
  seq bigint GENERATED ALWAYS AS IDENTITY PRIMARY KEY,
  event_id uuid NOT NULL UNIQUE,
  topic text NOT NULL CHECK (topic ~ '^[a-zA-Z0-9._-]{3,249}$'),
  partition_key text NOT NULL CHECK (length(partition_key) BETWEEN 1 AND 200),
  event_type text NOT NULL,
  schema_version integer NOT NULL CHECK (schema_version >= 1),
  aggregate_type text NOT NULL,
  aggregate_id uuid NOT NULL,
  aggregate_version bigint NOT NULL CHECK (aggregate_version >= 0),
  envelope jsonb NOT NULL CHECK (octet_length(envelope::text) <= 262144),
  status text NOT NULL DEFAULT 'PENDING' CHECK (status IN ('PENDING', 'PUBLISHED', 'DEAD_LETTERED')),
  attempts integer NOT NULL DEFAULT 0 CHECK (attempts >= 0),
  next_attempt_at timestamptz NOT NULL DEFAULT now(),
  lease_owner text,
  lease_expires_at timestamptz,
  last_error_code text CHECK (last_error_code ~ '^[A-Z][A-Z0-9_]{1,63}$'),
  created_at timestamptz NOT NULL DEFAULT now(),
  published_at timestamptz,
  CHECK (envelope ->> 'event_id' = event_id::text),
  CHECK (jsonb_typeof(envelope -> 'tenant_id') = 'null'),
  CHECK (envelope ->> 'aggregate_id' = aggregate_id::text),
  CHECK (envelope ->> 'event_type' = event_type)
);
CREATE INDEX outbox_event_platform_claim_idx ON sf_upload.outbox_event_platform (partition_key, seq) WHERE status <> 'PUBLISHED';
CREATE INDEX outbox_event_platform_due_idx ON sf_upload.outbox_event_platform (next_attempt_at) WHERE status = 'PENDING';
GRANT INSERT ON sf_upload.outbox_event_platform TO sf_app;

GRANT USAGE ON SCHEMA sf_upload TO sf_outbox_publisher;
GRANT SELECT, DELETE ON sf_upload.outbox_event, sf_upload.outbox_event_platform TO sf_outbox_publisher;
GRANT UPDATE (status, attempts, next_attempt_at, lease_owner, lease_expires_at, last_error_code, published_at)
  ON sf_upload.outbox_event, sf_upload.outbox_event_platform TO sf_outbox_publisher;

-- sf:isolation sf_upload.inbox_event TENANT_SCOPED owner=CMP-013
CREATE TABLE sf_upload.inbox_event (
  consumer_group text NOT NULL CHECK (consumer_group ~ '^[a-z0-9][a-z0-9._-]{0,99}$'),
  event_id uuid NOT NULL,
  tenant_id uuid NOT NULL,
  processed_at timestamptz NOT NULL DEFAULT now(),
  PRIMARY KEY (consumer_group, event_id)
);
ALTER TABLE sf_upload.inbox_event ENABLE ROW LEVEL SECURITY;
ALTER TABLE sf_upload.inbox_event FORCE ROW LEVEL SECURITY;
CREATE POLICY inbox_event_tenant ON sf_upload.inbox_event TO sf_app
  USING (tenant_id = sf_platform.current_tenant_id())
  WITH CHECK (tenant_id = sf_platform.current_tenant_id());
GRANT SELECT, INSERT ON sf_upload.inbox_event TO sf_app;

-- sf:isolation sf_upload.inbox_event_platform PLATFORM_OPERATIONAL owner=CMP-013
CREATE TABLE sf_upload.inbox_event_platform (
  consumer_group text NOT NULL CHECK (consumer_group ~ '^[a-z0-9][a-z0-9._-]{0,99}$'),
  event_id uuid NOT NULL,
  processed_at timestamptz NOT NULL DEFAULT now(),
  PRIMARY KEY (consumer_group, event_id)
);
GRANT SELECT, INSERT ON sf_upload.inbox_event_platform TO sf_app;


-- Outside frozen SF-CON-OUTBOX template body (columns/policies/grants above unchanged).
-- ADR-0006 #5: authoritative tables owned by sf_migrator, not the migrate LOGIN.
ALTER TABLE sf_upload.outbox_event OWNER TO sf_migrator;
ALTER TABLE sf_upload.outbox_event_platform OWNER TO sf_migrator;
ALTER TABLE sf_upload.inbox_event OWNER TO sf_migrator;
ALTER TABLE sf_upload.inbox_event_platform OWNER TO sf_migrator;
;
INSERT INTO "public"."sf_schema_migrations" (name, run_on) VALUES ('1759530400001_cmp-013-outbox', NOW());


### MIGRATION 1759530500000_cmp-009-forms (UP) ###
--
-- Up Migration

DO $$
BEGIN
  IF NOT EXISTS (SELECT 1 FROM pg_roles WHERE rolname = 'sf_migrator') THEN
    CREATE ROLE sf_migrator NOLOGIN NOSUPERUSER NOCREATEDB NOCREATEROLE NOINHERIT NOBYPASSRLS;
  END IF;
END
$$;

DO $$
BEGIN
  IF NOT EXISTS (SELECT 1 FROM pg_roles WHERE rolname = 'sf_cmp009_rw') THEN
    CREATE ROLE sf_cmp009_rw NOLOGIN NOSUPERUSER NOCREATEDB NOCREATEROLE NOINHERIT NOBYPASSRLS;
  END IF;
END
$$;
COMMENT ON ROLE sf_cmp009_rw IS
  'ADR-0006: CMP-009 privilege role. NOLOGIN. Runtime logins inherit sf_app + this role only.';

CREATE SCHEMA sf_forms AUTHORIZATION sf_migrator;
COMMENT ON SCHEMA sf_forms IS
  'isolation_class=mixed; owner=CMP-009; pinned form snapshots and authoritative validation records';

REVOKE ALL ON SCHEMA sf_forms FROM PUBLIC;
GRANT USAGE ON SCHEMA sf_forms TO sf_cmp009_rw;
GRANT USAGE ON SCHEMA sf_forms TO sf_app;

ALTER DEFAULT PRIVILEGES FOR ROLE sf_migrator IN SCHEMA sf_forms REVOKE ALL ON TABLES FROM PUBLIC;
ALTER DEFAULT PRIVILEGES FOR ROLE sf_migrator IN SCHEMA sf_forms REVOKE ALL ON SEQUENCES FROM PUBLIC;
ALTER DEFAULT PRIVILEGES FOR ROLE sf_migrator IN SCHEMA sf_forms REVOKE ALL ON FUNCTIONS FROM PUBLIC;

GRANT USAGE ON SCHEMA sf_platform TO sf_migrator;

-- sf:isolation sf_forms.form_definition_snapshot TENANT_SCOPED owner=CMP-009
CREATE TABLE sf_forms.form_definition_snapshot (
  snapshot_id uuid PRIMARY KEY,
  tenant_id uuid NOT NULL,
  cell_id text NOT NULL CHECK (cell_id ~ '^cell-[a-z0-9-]{1,40}$'),
  form_key text NOT NULL CHECK (form_key ~ '^[a-z][a-z0-9._-]{1,127}$'),
  content_hash text NOT NULL CHECK (content_hash ~ '^sha256:[0-9a-f]{64}$'),
  payload_digest text NOT NULL CHECK (payload_digest ~ '^sha256:[0-9a-f]{64}$'),
  payload jsonb NOT NULL CHECK (octet_length(payload::text) <= 524288),
  created_by uuid NOT NULL,
  created_at timestamptz NOT NULL DEFAULT now(),
  UNIQUE (tenant_id, snapshot_id),
  UNIQUE (tenant_id, form_key, content_hash)
);
ALTER TABLE sf_forms.form_definition_snapshot ENABLE ROW LEVEL SECURITY;
ALTER TABLE sf_forms.form_definition_snapshot FORCE ROW LEVEL SECURITY;
CREATE POLICY form_definition_snapshot_tenant ON sf_forms.form_definition_snapshot TO sf_app
  USING (tenant_id = sf_platform.current_tenant_id())
  WITH CHECK (tenant_id = sf_platform.current_tenant_id());
ALTER TABLE sf_forms.form_definition_snapshot OWNER TO sf_migrator;

-- sf:isolation sf_forms.form_execution_record TENANT_SCOPED owner=CMP-009
CREATE TABLE sf_forms.form_execution_record (
  execution_id uuid PRIMARY KEY,
  tenant_id uuid NOT NULL,
  cell_id text NOT NULL CHECK (cell_id ~ '^cell-[a-z0-9-]{1,40}$'),
  snapshot_id uuid NOT NULL,
  form_key text NOT NULL CHECK (form_key ~ '^[a-z][a-z0-9._-]{1,127}$'),
  version_id uuid NOT NULL,
  content_hash text NOT NULL CHECK (content_hash ~ '^sha256:[0-9a-f]{64}$'),
  data_hash text NOT NULL CHECK (data_hash ~ '^sha256:[0-9a-f]{64}$'),
  purpose_code text NOT NULL CHECK (purpose_code ~ '^[A-Z][A-Z0-9_]{1,63}$'),
  locale text NOT NULL CHECK (char_length(locale) BETWEEN 2 AND 32),
  result_code text NOT NULL CHECK (result_code IN ('VALID', 'INVALID')),
  visible_fields jsonb NOT NULL CHECK (jsonb_typeof(visible_fields) = 'array'),
  required_fields jsonb NOT NULL CHECK (jsonb_typeof(required_fields) = 'array'),
  errors jsonb NOT NULL CHECK (jsonb_typeof(errors) = 'array' AND octet_length(errors::text) <= 65536),
  renderer_ids jsonb NOT NULL CHECK (jsonb_typeof(renderer_ids) = 'array'),
  requested_by uuid NOT NULL,
  evaluated_at timestamptz NOT NULL,
  created_at timestamptz NOT NULL DEFAULT now(),
  UNIQUE (tenant_id, execution_id),
  FOREIGN KEY (tenant_id, snapshot_id) REFERENCES sf_forms.form_definition_snapshot (tenant_id, snapshot_id)
);
CREATE INDEX form_execution_form_idx
  ON sf_forms.form_execution_record (tenant_id, form_key, evaluated_at DESC);
ALTER TABLE sf_forms.form_execution_record ENABLE ROW LEVEL SECURITY;
ALTER TABLE sf_forms.form_execution_record FORCE ROW LEVEL SECURITY;
CREATE POLICY form_execution_record_tenant ON sf_forms.form_execution_record TO sf_app
  USING (tenant_id = sf_platform.current_tenant_id())
  WITH CHECK (tenant_id = sf_platform.current_tenant_id());
ALTER TABLE sf_forms.form_execution_record OWNER TO sf_migrator;

CREATE FUNCTION sf_forms.prevent_record_mutation() RETURNS trigger
  LANGUAGE plpgsql
  AS $$
BEGIN
  RAISE EXCEPTION 'form definition snapshots and execution records are immutable'
    USING ERRCODE = 'P0001', HINT = 'SF_RECORD_IMMUTABLE';
END
$$;
ALTER FUNCTION sf_forms.prevent_record_mutation() OWNER TO sf_migrator;
REVOKE ALL ON FUNCTION sf_forms.prevent_record_mutation() FROM PUBLIC;
GRANT EXECUTE ON FUNCTION sf_forms.prevent_record_mutation() TO sf_app, sf_cmp009_rw;

CREATE TRIGGER form_definition_snapshot_immutable
  BEFORE UPDATE OR DELETE ON sf_forms.form_definition_snapshot
  FOR EACH ROW
  EXECUTE FUNCTION sf_forms.prevent_record_mutation();

CREATE TRIGGER form_execution_record_immutable
  BEFORE UPDATE OR DELETE ON sf_forms.form_execution_record
  FOR EACH ROW
  EXECUTE FUNCTION sf_forms.prevent_record_mutation();

-- sf:isolation sf_forms.idempotency_record TENANT_SCOPED owner=CMP-009
CREATE TABLE sf_forms.idempotency_record (
  tenant_id uuid NOT NULL,
  principal_id uuid NOT NULL,
  endpoint text NOT NULL,
  idempotency_key text NOT NULL,
  request_fingerprint text NOT NULL CHECK (request_fingerprint ~ '^sha256:[0-9a-f]{64}$'),
  status text NOT NULL CHECK (status IN ('IN_PROGRESS', 'COMPLETED', 'FAILED')),
  response_ref text,
  response_status integer,
  response_body jsonb,
  created_at timestamptz NOT NULL DEFAULT now(),
  expires_at timestamptz NOT NULL,
  PRIMARY KEY (tenant_id, principal_id, endpoint, idempotency_key)
);
ALTER TABLE sf_forms.idempotency_record ENABLE ROW LEVEL SECURITY;
ALTER TABLE sf_forms.idempotency_record FORCE ROW LEVEL SECURITY;
CREATE POLICY idempotency_tenant ON sf_forms.idempotency_record TO sf_app
  USING (tenant_id = sf_platform.current_tenant_id())
  WITH CHECK (tenant_id = sf_platform.current_tenant_id());
ALTER TABLE sf_forms.idempotency_record OWNER TO sf_migrator;

GRANT SELECT, INSERT ON sf_forms.form_definition_snapshot TO sf_cmp009_rw;
GRANT SELECT, INSERT ON sf_forms.form_execution_record TO sf_cmp009_rw;
GRANT SELECT, INSERT, DELETE, UPDATE (
  status, response_ref, response_status, response_body
) ON sf_forms.idempotency_record TO sf_cmp009_rw;

REVOKE ALL ON sf_forms.form_definition_snapshot FROM PUBLIC;
REVOKE ALL ON sf_forms.form_execution_record FROM PUBLIC;
REVOKE ALL ON sf_forms.idempotency_record FROM PUBLIC;
;
INSERT INTO "public"."sf_schema_migrations" (name, run_on) VALUES ('1759530500000_cmp-009-forms', NOW());


### MIGRATION 1759530500001_cmp-009-outbox (UP) ###
--
-- Up Migration

-- SF-CON-OUTBOX v1: normative outbox and inbox layout for every component schema.
-- Copy into the component's own migration, replacing sf_forms with the component schema and
-- CMP-009 with its CMP id. Do not add columns or change grants without a Contract Change Request.
-- Requires db/migrations/1759490000000_shared-db-contracts.sql (sf_platform.current_tenant_id(),
-- role sf_outbox_publisher).
--
-- Rules (summary; the schema contracts/shared/schemas/outbox-record.schema.json is authoritative
-- for row content):
--  1. Producers INSERT exactly one row per event in the same transaction as the state change,
--     after validating the envelope against SF-CON-EVENT-ENVELOPE. Producers never SELECT,
--     UPDATE or DELETE outbox rows.
--  2. Envelopes with a tenant_id go to outbox_event; envelopes with tenant_id null go to
--     outbox_event_platform.
--  3. The publisher (packages/outbox, CMP-038) runs as a login role that is a member of
--     sf_outbox_publisher only. It claims PENDING rows by setting lease_owner/lease_expires_at
--     in one short transaction, publishes with no transaction open, then sets PUBLISHED (or
--     schedules a retry) in another. An expired lease makes a row claimable again, so delivery
--     is at-least-once.
--  4. For one partition_key, a row is claimable only when no row with a lower seq is PENDING or
--     DEAD_LETTERED. A DEAD_LETTERED row therefore holds its key until an operator replays or
--     discards it through an audited action.
--  5. Consumers record (consumer_group, event_id) in inbox_event or inbox_event_platform in the
--     same transaction as their own state change; a conflict means the event was already applied.
--  6. The publisher deletes PUBLISHED rows only after the topic's retention window in the CMP-038
--     topic registry.

-- sf:isolation sf_forms.outbox_event TENANT_SCOPED owner=CMP-009
CREATE TABLE sf_forms.outbox_event (
  seq bigint GENERATED ALWAYS AS IDENTITY PRIMARY KEY,
  event_id uuid NOT NULL UNIQUE,
  tenant_id uuid NOT NULL,
  topic text NOT NULL CHECK (topic ~ '^[a-zA-Z0-9._-]{3,249}$'),
  partition_key text NOT NULL CHECK (length(partition_key) BETWEEN 1 AND 200),
  event_type text NOT NULL,
  schema_version integer NOT NULL CHECK (schema_version >= 1),
  aggregate_type text NOT NULL,
  aggregate_id uuid NOT NULL,
  aggregate_version bigint NOT NULL CHECK (aggregate_version >= 0),
  envelope jsonb NOT NULL CHECK (octet_length(envelope::text) <= 262144),
  status text NOT NULL DEFAULT 'PENDING' CHECK (status IN ('PENDING', 'PUBLISHED', 'DEAD_LETTERED')),
  attempts integer NOT NULL DEFAULT 0 CHECK (attempts >= 0),
  next_attempt_at timestamptz NOT NULL DEFAULT now(),
  lease_owner text,
  lease_expires_at timestamptz,
  last_error_code text CHECK (last_error_code ~ '^[A-Z][A-Z0-9_]{1,63}$'),
  created_at timestamptz NOT NULL DEFAULT now(),
  published_at timestamptz,
  CHECK (envelope ->> 'event_id' = event_id::text),
  CHECK (envelope ->> 'tenant_id' = tenant_id::text),
  CHECK (envelope ->> 'aggregate_id' = aggregate_id::text),
  CHECK (envelope ->> 'event_type' = event_type)
);
CREATE INDEX outbox_event_claim_idx ON sf_forms.outbox_event (partition_key, seq) WHERE status <> 'PUBLISHED';
CREATE INDEX outbox_event_due_idx ON sf_forms.outbox_event (next_attempt_at) WHERE status = 'PENDING';
ALTER TABLE sf_forms.outbox_event ENABLE ROW LEVEL SECURITY;
ALTER TABLE sf_forms.outbox_event FORCE ROW LEVEL SECURITY;
CREATE POLICY outbox_event_tenant_insert ON sf_forms.outbox_event FOR INSERT TO sf_app
  WITH CHECK (tenant_id = sf_platform.current_tenant_id());
CREATE POLICY outbox_event_publisher ON sf_forms.outbox_event TO sf_outbox_publisher
  USING (true) WITH CHECK (true);
GRANT INSERT ON sf_forms.outbox_event TO sf_app;

-- sf:isolation sf_forms.outbox_event_platform PLATFORM_OPERATIONAL owner=CMP-009
CREATE TABLE sf_forms.outbox_event_platform (
  seq bigint GENERATED ALWAYS AS IDENTITY PRIMARY KEY,
  event_id uuid NOT NULL UNIQUE,
  topic text NOT NULL CHECK (topic ~ '^[a-zA-Z0-9._-]{3,249}$'),
  partition_key text NOT NULL CHECK (length(partition_key) BETWEEN 1 AND 200),
  event_type text NOT NULL,
  schema_version integer NOT NULL CHECK (schema_version >= 1),
  aggregate_type text NOT NULL,
  aggregate_id uuid NOT NULL,
  aggregate_version bigint NOT NULL CHECK (aggregate_version >= 0),
  envelope jsonb NOT NULL CHECK (octet_length(envelope::text) <= 262144),
  status text NOT NULL DEFAULT 'PENDING' CHECK (status IN ('PENDING', 'PUBLISHED', 'DEAD_LETTERED')),
  attempts integer NOT NULL DEFAULT 0 CHECK (attempts >= 0),
  next_attempt_at timestamptz NOT NULL DEFAULT now(),
  lease_owner text,
  lease_expires_at timestamptz,
  last_error_code text CHECK (last_error_code ~ '^[A-Z][A-Z0-9_]{1,63}$'),
  created_at timestamptz NOT NULL DEFAULT now(),
  published_at timestamptz,
  CHECK (envelope ->> 'event_id' = event_id::text),
  CHECK (jsonb_typeof(envelope -> 'tenant_id') = 'null'),
  CHECK (envelope ->> 'aggregate_id' = aggregate_id::text),
  CHECK (envelope ->> 'event_type' = event_type)
);
CREATE INDEX outbox_event_platform_claim_idx ON sf_forms.outbox_event_platform (partition_key, seq) WHERE status <> 'PUBLISHED';
CREATE INDEX outbox_event_platform_due_idx ON sf_forms.outbox_event_platform (next_attempt_at) WHERE status = 'PENDING';
GRANT INSERT ON sf_forms.outbox_event_platform TO sf_app;

GRANT USAGE ON SCHEMA sf_forms TO sf_outbox_publisher;
GRANT SELECT, DELETE ON sf_forms.outbox_event, sf_forms.outbox_event_platform TO sf_outbox_publisher;
GRANT UPDATE (status, attempts, next_attempt_at, lease_owner, lease_expires_at, last_error_code, published_at)
  ON sf_forms.outbox_event, sf_forms.outbox_event_platform TO sf_outbox_publisher;

-- sf:isolation sf_forms.inbox_event TENANT_SCOPED owner=CMP-009
CREATE TABLE sf_forms.inbox_event (
  consumer_group text NOT NULL CHECK (consumer_group ~ '^[a-z0-9][a-z0-9._-]{0,99}$'),
  event_id uuid NOT NULL,
  tenant_id uuid NOT NULL,
  processed_at timestamptz NOT NULL DEFAULT now(),
  PRIMARY KEY (consumer_group, event_id)
);
ALTER TABLE sf_forms.inbox_event ENABLE ROW LEVEL SECURITY;
ALTER TABLE sf_forms.inbox_event FORCE ROW LEVEL SECURITY;
CREATE POLICY inbox_event_tenant ON sf_forms.inbox_event TO sf_app
  USING (tenant_id = sf_platform.current_tenant_id())
  WITH CHECK (tenant_id = sf_platform.current_tenant_id());
GRANT SELECT, INSERT ON sf_forms.inbox_event TO sf_app;

-- sf:isolation sf_forms.inbox_event_platform PLATFORM_OPERATIONAL owner=CMP-009
CREATE TABLE sf_forms.inbox_event_platform (
  consumer_group text NOT NULL CHECK (consumer_group ~ '^[a-z0-9][a-z0-9._-]{0,99}$'),
  event_id uuid NOT NULL,
  processed_at timestamptz NOT NULL DEFAULT now(),
  PRIMARY KEY (consumer_group, event_id)
);
GRANT SELECT, INSERT ON sf_forms.inbox_event_platform TO sf_app;

-- Identity sequences are required for the frozen template GRANT INSERT … TO sf_app.
-- Table grants in the template body above are unchanged (ADR-0006 condition 9).
GRANT USAGE, SELECT ON ALL SEQUENCES IN SCHEMA sf_forms TO sf_app;
REVOKE ALL ON ALL SEQUENCES IN SCHEMA sf_forms FROM PUBLIC;
ALTER TABLE sf_forms.outbox_event OWNER TO sf_migrator;
ALTER TABLE sf_forms.outbox_event_platform OWNER TO sf_migrator;
ALTER TABLE sf_forms.inbox_event OWNER TO sf_migrator;
ALTER TABLE sf_forms.inbox_event_platform OWNER TO sf_migrator;
;
INSERT INTO "public"."sf_schema_migrations" (name, run_on) VALUES ('1759530500001_cmp-009-outbox', NOW());


### MIGRATION 1759530600000_cmp-014-document-intelligence (UP) ###
--
-- Up Migration

DO $$
BEGIN
  IF NOT EXISTS (SELECT 1 FROM pg_roles WHERE rolname = 'sf_migrator') THEN
    CREATE ROLE sf_migrator NOLOGIN NOSUPERUSER NOCREATEDB NOCREATEROLE NOINHERIT NOBYPASSRLS;
  END IF;
END
$$;

DO $$
BEGIN
  IF NOT EXISTS (SELECT 1 FROM pg_roles WHERE rolname = 'sf_cmp014_rw') THEN
    CREATE ROLE sf_cmp014_rw NOLOGIN NOSUPERUSER NOCREATEDB NOCREATEROLE NOINHERIT NOBYPASSRLS;
  END IF;
END
$$;
COMMENT ON ROLE sf_cmp014_rw IS
  'ADR-0006: CMP-014 privilege role. NOLOGIN. Runtime logins inherit sf_app + this role only.';

CREATE SCHEMA sf_docintel AUTHORIZATION sf_migrator;
COMMENT ON SCHEMA sf_docintel IS
  'isolation_class=TENANT_SCOPED; owner=CMP-014; assistive OCR/classification/extraction jobs';

REVOKE ALL ON SCHEMA sf_docintel FROM PUBLIC;
GRANT USAGE ON SCHEMA sf_docintel TO sf_cmp014_rw;
GRANT USAGE ON SCHEMA sf_docintel TO sf_app;

ALTER DEFAULT PRIVILEGES FOR ROLE sf_migrator IN SCHEMA sf_docintel REVOKE ALL ON TABLES FROM PUBLIC;
ALTER DEFAULT PRIVILEGES FOR ROLE sf_migrator IN SCHEMA sf_docintel REVOKE ALL ON SEQUENCES FROM PUBLIC;
ALTER DEFAULT PRIVILEGES FOR ROLE sf_migrator IN SCHEMA sf_docintel REVOKE ALL ON FUNCTIONS FROM PUBLIC;

GRANT USAGE ON SCHEMA sf_platform TO sf_migrator;

-- sf:isolation sf_docintel.extraction_policy TENANT_SCOPED owner=CMP-014
CREATE TABLE sf_docintel.extraction_policy (
  tenant_id uuid NOT NULL,
  policy_id uuid NOT NULL,
  policy_code text NOT NULL CHECK (policy_code ~ '^[A-Z][A-Z0-9_]{1,63}$'),
  version_no bigint NOT NULL CHECK (version_no >= 1),
  status text NOT NULL CHECK (status IN ('ACTIVE', 'RETIRED')),
  allowed_content_types text[] NOT NULL
    CHECK (cardinality(allowed_content_types) BETWEEN 1 AND 16),
  min_confidence numeric(4,3) NOT NULL CHECK (min_confidence >= 0 AND min_confidence <= 1),
  max_excerpt_chars integer NOT NULL CHECK (max_excerpt_chars BETWEEN 32 AND 20000),
  gateway_policy_id text NOT NULL CHECK (gateway_policy_id ~ '^[a-z0-9][a-z0-9._-]{2,63}$'),
  gateway_policy_version integer NOT NULL CHECK (gateway_policy_version >= 1),
  latency_budget_ms integer NOT NULL CHECK (latency_budget_ms BETWEEN 100 AND 120000),
  created_by uuid NOT NULL,
  created_at timestamptz NOT NULL DEFAULT now(),
  PRIMARY KEY (tenant_id, policy_id),
  UNIQUE (tenant_id, policy_code, version_no)
);
ALTER TABLE sf_docintel.extraction_policy ENABLE ROW LEVEL SECURITY;
ALTER TABLE sf_docintel.extraction_policy FORCE ROW LEVEL SECURITY;
CREATE POLICY extraction_policy_isolation ON sf_docintel.extraction_policy TO sf_app
  USING (tenant_id = sf_platform.current_tenant_id())
  WITH CHECK (tenant_id = sf_platform.current_tenant_id());
ALTER TABLE sf_docintel.extraction_policy OWNER TO sf_migrator;

-- sf:isolation sf_docintel.intelligence_job TENANT_SCOPED owner=CMP-014
CREATE TABLE sf_docintel.intelligence_job (
  tenant_id uuid NOT NULL,
  job_id uuid NOT NULL,
  cell_id text NOT NULL CHECK (cell_id ~ '^cell-[a-z0-9-]{1,40}$'),
  policy_id uuid NOT NULL,
  source_document_id uuid NOT NULL,
  source_checksum_sha256 text NOT NULL CHECK (source_checksum_sha256 ~ '^[0-9a-f]{64}$'),
  source_content_type text NOT NULL CHECK (char_length(source_content_type) BETWEEN 3 AND 100),
  purpose text NOT NULL CHECK (char_length(purpose) BETWEEN 1 AND 200),
  data_classification text NOT NULL CHECK (
    data_classification IN ('PUBLIC', 'INTERNAL', 'PERSONAL', 'SENSITIVE')
  ),
  status text NOT NULL CHECK (status IN (
    'ACCEPTED', 'CLASSIFYING', 'EXTRACTING', 'COMPLETED', 'NEEDS_REVIEW',
    'REVIEWED', 'FAILED', 'REJECTED'
  )),
  document_class text CHECK (
    document_class IS NULL OR document_class IN (
      'UNKNOWN', 'IDENTITY_DOCUMENT', 'ADDRESS_PROOF', 'GENERIC'
    )
  ),
  class_confidence numeric(4,3) CHECK (class_confidence IS NULL OR (class_confidence >= 0 AND class_confidence <= 1)),
  overall_confidence numeric(4,3) CHECK (overall_confidence IS NULL OR (overall_confidence >= 0 AND overall_confidence <= 1)),
  ocr_text_hash text CHECK (ocr_text_hash IS NULL OR ocr_text_hash ~ '^sha256:[0-9a-f]{64}$'),
  ocr_confidence numeric(4,3) CHECK (ocr_confidence IS NULL OR (ocr_confidence >= 0 AND ocr_confidence <= 1)),
  redaction_summary jsonb NOT NULL DEFAULT '{}'::jsonb CHECK (
    jsonb_typeof(redaction_summary) = 'object' AND octet_length(redaction_summary::text) <= 1024
  ),
  extracted_fields jsonb NOT NULL DEFAULT '[]'::jsonb CHECK (
    jsonb_typeof(extracted_fields) = 'array' AND octet_length(extracted_fields::text) <= 65536
  ),
  provider_id text,
  model_id text,
  model_version text,
  prompt_id text,
  prompt_version integer CHECK (prompt_version IS NULL OR prompt_version >= 1),
  prompt_hash text CHECK (prompt_hash IS NULL OR prompt_hash ~ '^sha256:[0-9a-f]{64}$'),
  gateway_request_id uuid,
  provenance jsonb NOT NULL DEFAULT '{}'::jsonb CHECK (
    jsonb_typeof(provenance) = 'object' AND octet_length(provenance::text) <= 8192
  ),
  rejection_code text CHECK (rejection_code IS NULL OR rejection_code ~ '^[A-Z][A-Z0-9_]{1,63}$'),
  review_decision text CHECK (
    review_decision IS NULL OR review_decision IN ('CONFIRM_ASSISTIVE', 'DISCARD')
  ),
  reviewed_by uuid,
  reviewed_at timestamptz,
  ocr_mode text NOT NULL CHECK (ocr_mode IN ('SIMULATED')),
  simulation jsonb,
  advisory_only boolean NOT NULL DEFAULT true CHECK (advisory_only),
  statutory_decision boolean NOT NULL DEFAULT false CHECK (NOT statutory_decision),
  evidence_satisfied boolean NOT NULL DEFAULT false CHECK (NOT evidence_satisfied),
  entitlement_issued boolean NOT NULL DEFAULT false CHECK (NOT entitlement_issued),
  aggregate_version bigint NOT NULL DEFAULT 1 CHECK (aggregate_version >= 1),
  created_at timestamptz NOT NULL DEFAULT now(),
  updated_at timestamptz NOT NULL DEFAULT now(),
  PRIMARY KEY (tenant_id, job_id),
  FOREIGN KEY (tenant_id, policy_id) REFERENCES sf_docintel.extraction_policy (tenant_id, policy_id),
  CHECK (status NOT IN ('REJECTED', 'FAILED') OR rejection_code IS NOT NULL),
  CHECK (ocr_mode <> 'SIMULATED' OR simulation IS NOT NULL),
  CHECK (
    (status <> 'REVIEWED')
    OR (review_decision IS NOT NULL AND reviewed_by IS NOT NULL AND reviewed_at IS NOT NULL)
  )
);
CREATE INDEX intelligence_job_source_idx
  ON sf_docintel.intelligence_job (tenant_id, source_document_id);
ALTER TABLE sf_docintel.intelligence_job ENABLE ROW LEVEL SECURITY;
ALTER TABLE sf_docintel.intelligence_job FORCE ROW LEVEL SECURITY;
CREATE POLICY intelligence_job_isolation ON sf_docintel.intelligence_job TO sf_app
  USING (tenant_id = sf_platform.current_tenant_id())
  WITH CHECK (tenant_id = sf_platform.current_tenant_id());
ALTER TABLE sf_docintel.intelligence_job OWNER TO sf_migrator;

-- sf:isolation sf_docintel.idempotency_record TENANT_SCOPED owner=CMP-014
CREATE TABLE sf_docintel.idempotency_record (
  tenant_id uuid NOT NULL,
  principal_id uuid NOT NULL,
  endpoint text NOT NULL,
  idempotency_key text NOT NULL,
  request_fingerprint text NOT NULL CHECK (request_fingerprint ~ '^sha256:[0-9a-f]{64}$'),
  status text NOT NULL CHECK (status IN ('IN_PROGRESS', 'COMPLETED', 'FAILED')),
  response_ref text,
  response_status integer,
  response_body jsonb,
  created_at timestamptz NOT NULL DEFAULT now(),
  expires_at timestamptz NOT NULL,
  PRIMARY KEY (tenant_id, principal_id, endpoint, idempotency_key)
);
ALTER TABLE sf_docintel.idempotency_record ENABLE ROW LEVEL SECURITY;
ALTER TABLE sf_docintel.idempotency_record FORCE ROW LEVEL SECURITY;
CREATE POLICY idempotency_record_isolation ON sf_docintel.idempotency_record TO sf_app
  USING (tenant_id = sf_platform.current_tenant_id())
  WITH CHECK (tenant_id = sf_platform.current_tenant_id());
ALTER TABLE sf_docintel.idempotency_record OWNER TO sf_migrator;

CREATE FUNCTION sf_docintel.reject_mutation()
RETURNS trigger
LANGUAGE plpgsql
SET search_path = sf_docintel, pg_temp
AS $$
BEGIN
  RAISE EXCEPTION 'insert-only document intelligence row'
    USING ERRCODE = '42501';
END;
$$;
ALTER FUNCTION sf_docintel.reject_mutation() OWNER TO sf_migrator;

CREATE TRIGGER extraction_policy_immutable
  BEFORE UPDATE OR DELETE ON sf_docintel.extraction_policy
  FOR EACH ROW
  EXECUTE FUNCTION sf_docintel.reject_mutation();

CREATE FUNCTION sf_docintel.guard_job_transition()
RETURNS trigger
LANGUAGE plpgsql
SET search_path = sf_docintel, pg_temp
AS $$
BEGIN
  IF TG_OP = 'DELETE' THEN
    RAISE EXCEPTION 'intelligence jobs are retained' USING ERRCODE = '42501';
  END IF;
  IF TG_OP = 'INSERT' THEN
    IF NEW.status <> 'ACCEPTED' THEN
      RAISE EXCEPTION 'intelligence job must start ACCEPTED';
    END IF;
    IF NEW.advisory_only IS NOT TRUE OR NEW.statutory_decision IS NOT FALSE THEN
      RAISE EXCEPTION 'AI output is assistive only';
    END IF;
    RETURN NEW;
  END IF;
  IF NEW.tenant_id IS DISTINCT FROM OLD.tenant_id
     OR NEW.job_id IS DISTINCT FROM OLD.job_id
     OR NEW.source_document_id IS DISTINCT FROM OLD.source_document_id
     OR NEW.source_checksum_sha256 IS DISTINCT FROM OLD.source_checksum_sha256
     OR NEW.policy_id IS DISTINCT FROM OLD.policy_id
     OR NEW.advisory_only IS DISTINCT FROM TRUE
     OR NEW.statutory_decision IS DISTINCT FROM FALSE
     OR NEW.evidence_satisfied IS DISTINCT FROM FALSE
     OR NEW.entitlement_issued IS DISTINCT FROM FALSE THEN
    RAISE EXCEPTION 'intelligence job identity/decision boundary is immutable' USING ERRCODE = '42501';
  END IF;
  IF NOT (
       (OLD.status = 'ACCEPTED' AND NEW.status IN ('CLASSIFYING', 'REJECTED', 'FAILED'))
    OR (OLD.status = 'CLASSIFYING' AND NEW.status IN ('EXTRACTING', 'FAILED'))
    OR (OLD.status = 'EXTRACTING' AND NEW.status IN ('COMPLETED', 'NEEDS_REVIEW', 'FAILED'))
    OR (OLD.status = 'NEEDS_REVIEW' AND NEW.status = 'REVIEWED')
  ) THEN
    RAISE EXCEPTION 'intelligence job transition % -> % refused', OLD.status, NEW.status;
  END IF;
  RETURN NEW;
END;
$$;
ALTER FUNCTION sf_docintel.guard_job_transition() OWNER TO sf_migrator;

CREATE TRIGGER intelligence_job_transition_guard
  BEFORE INSERT OR UPDATE OR DELETE ON sf_docintel.intelligence_job
  FOR EACH ROW
  EXECUTE FUNCTION sf_docintel.guard_job_transition();

REVOKE ALL ON ALL TABLES IN SCHEMA sf_docintel FROM PUBLIC;
REVOKE ALL ON ALL SEQUENCES IN SCHEMA sf_docintel FROM PUBLIC;
REVOKE ALL ON ALL FUNCTIONS IN SCHEMA sf_docintel FROM PUBLIC;

GRANT SELECT, INSERT ON sf_docintel.extraction_policy TO sf_cmp014_rw;
GRANT SELECT, INSERT,
  UPDATE (
    status, document_class, class_confidence, overall_confidence, ocr_text_hash, ocr_confidence,
    redaction_summary, extracted_fields, provider_id, model_id, model_version, prompt_id,
    prompt_version, prompt_hash, gateway_request_id, provenance, rejection_code,
    review_decision, reviewed_by, reviewed_at, aggregate_version, updated_at
  )
  ON sf_docintel.intelligence_job TO sf_cmp014_rw;
GRANT SELECT, INSERT, DELETE, UPDATE (status, response_ref, response_status, response_body)
  ON sf_docintel.idempotency_record TO sf_cmp014_rw;

GRANT EXECUTE ON FUNCTION sf_docintel.reject_mutation() TO sf_cmp014_rw;
GRANT EXECUTE ON FUNCTION sf_docintel.guard_job_transition() TO sf_cmp014_rw;
;
INSERT INTO "public"."sf_schema_migrations" (name, run_on) VALUES ('1759530600000_cmp-014-document-intelligence', NOW());


### MIGRATION 1759530600001_cmp-014-outbox (UP) ###
--
-- Up Migration

-- SF-CON-OUTBOX v1: normative outbox and inbox layout for every component schema.
-- Copy into the component's own migration, replacing sf_docintel with the component schema and
-- CMP-014 with its CMP id. Do not add columns or change grants without a Contract Change Request.
-- Requires db/migrations/1759490000000_shared-db-contracts.sql (sf_platform.current_tenant_id(),
-- role sf_outbox_publisher).
--
-- Rules (summary; the schema contracts/shared/schemas/outbox-record.schema.json is authoritative
-- for row content):
--  1. Producers INSERT exactly one row per event in the same transaction as the state change,
--     after validating the envelope against SF-CON-EVENT-ENVELOPE. Producers never SELECT,
--     UPDATE or DELETE outbox rows.
--  2. Envelopes with a tenant_id go to outbox_event; envelopes with tenant_id null go to
--     outbox_event_platform.
--  3. The publisher (packages/outbox, CMP-038) runs as a login role that is a member of
--     sf_outbox_publisher only. It claims PENDING rows by setting lease_owner/lease_expires_at
--     in one short transaction, publishes with no transaction open, then sets PUBLISHED (or
--     schedules a retry) in another. An expired lease makes a row claimable again, so delivery
--     is at-least-once.
--  4. For one partition_key, a row is claimable only when no row with a lower seq is PENDING or
--     DEAD_LETTERED. A DEAD_LETTERED row therefore holds its key until an operator replays or
--     discards it through an audited action.
--  5. Consumers record (consumer_group, event_id) in inbox_event or inbox_event_platform in the
--     same transaction as their own state change; a conflict means the event was already applied.
--  6. The publisher deletes PUBLISHED rows only after the topic's retention window in the CMP-038
--     topic registry.

-- sf:isolation sf_docintel.outbox_event TENANT_SCOPED owner=CMP-014
CREATE TABLE sf_docintel.outbox_event (
  seq bigint GENERATED ALWAYS AS IDENTITY PRIMARY KEY,
  event_id uuid NOT NULL UNIQUE,
  tenant_id uuid NOT NULL,
  topic text NOT NULL CHECK (topic ~ '^[a-zA-Z0-9._-]{3,249}$'),
  partition_key text NOT NULL CHECK (length(partition_key) BETWEEN 1 AND 200),
  event_type text NOT NULL,
  schema_version integer NOT NULL CHECK (schema_version >= 1),
  aggregate_type text NOT NULL,
  aggregate_id uuid NOT NULL,
  aggregate_version bigint NOT NULL CHECK (aggregate_version >= 0),
  envelope jsonb NOT NULL CHECK (octet_length(envelope::text) <= 262144),
  status text NOT NULL DEFAULT 'PENDING' CHECK (status IN ('PENDING', 'PUBLISHED', 'DEAD_LETTERED')),
  attempts integer NOT NULL DEFAULT 0 CHECK (attempts >= 0),
  next_attempt_at timestamptz NOT NULL DEFAULT now(),
  lease_owner text,
  lease_expires_at timestamptz,
  last_error_code text CHECK (last_error_code ~ '^[A-Z][A-Z0-9_]{1,63}$'),
  created_at timestamptz NOT NULL DEFAULT now(),
  published_at timestamptz,
  CHECK (envelope ->> 'event_id' = event_id::text),
  CHECK (envelope ->> 'tenant_id' = tenant_id::text),
  CHECK (envelope ->> 'aggregate_id' = aggregate_id::text),
  CHECK (envelope ->> 'event_type' = event_type)
);
CREATE INDEX outbox_event_claim_idx ON sf_docintel.outbox_event (partition_key, seq) WHERE status <> 'PUBLISHED';
CREATE INDEX outbox_event_due_idx ON sf_docintel.outbox_event (next_attempt_at) WHERE status = 'PENDING';
ALTER TABLE sf_docintel.outbox_event ENABLE ROW LEVEL SECURITY;
ALTER TABLE sf_docintel.outbox_event FORCE ROW LEVEL SECURITY;
CREATE POLICY outbox_event_tenant_insert ON sf_docintel.outbox_event FOR INSERT TO sf_app
  WITH CHECK (tenant_id = sf_platform.current_tenant_id());
CREATE POLICY outbox_event_publisher ON sf_docintel.outbox_event TO sf_outbox_publisher
  USING (true) WITH CHECK (true);
GRANT INSERT ON sf_docintel.outbox_event TO sf_app;

-- sf:isolation sf_docintel.outbox_event_platform PLATFORM_OPERATIONAL owner=CMP-014
CREATE TABLE sf_docintel.outbox_event_platform (
  seq bigint GENERATED ALWAYS AS IDENTITY PRIMARY KEY,
  event_id uuid NOT NULL UNIQUE,
  topic text NOT NULL CHECK (topic ~ '^[a-zA-Z0-9._-]{3,249}$'),
  partition_key text NOT NULL CHECK (length(partition_key) BETWEEN 1 AND 200),
  event_type text NOT NULL,
  schema_version integer NOT NULL CHECK (schema_version >= 1),
  aggregate_type text NOT NULL,
  aggregate_id uuid NOT NULL,
  aggregate_version bigint NOT NULL CHECK (aggregate_version >= 0),
  envelope jsonb NOT NULL CHECK (octet_length(envelope::text) <= 262144),
  status text NOT NULL DEFAULT 'PENDING' CHECK (status IN ('PENDING', 'PUBLISHED', 'DEAD_LETTERED')),
  attempts integer NOT NULL DEFAULT 0 CHECK (attempts >= 0),
  next_attempt_at timestamptz NOT NULL DEFAULT now(),
  lease_owner text,
  lease_expires_at timestamptz,
  last_error_code text CHECK (last_error_code ~ '^[A-Z][A-Z0-9_]{1,63}$'),
  created_at timestamptz NOT NULL DEFAULT now(),
  published_at timestamptz,
  CHECK (envelope ->> 'event_id' = event_id::text),
  CHECK (jsonb_typeof(envelope -> 'tenant_id') = 'null'),
  CHECK (envelope ->> 'aggregate_id' = aggregate_id::text),
  CHECK (envelope ->> 'event_type' = event_type)
);
CREATE INDEX outbox_event_platform_claim_idx ON sf_docintel.outbox_event_platform (partition_key, seq) WHERE status <> 'PUBLISHED';
CREATE INDEX outbox_event_platform_due_idx ON sf_docintel.outbox_event_platform (next_attempt_at) WHERE status = 'PENDING';
GRANT INSERT ON sf_docintel.outbox_event_platform TO sf_app;

GRANT USAGE ON SCHEMA sf_docintel TO sf_outbox_publisher;
GRANT SELECT, DELETE ON sf_docintel.outbox_event, sf_docintel.outbox_event_platform TO sf_outbox_publisher;
GRANT UPDATE (status, attempts, next_attempt_at, lease_owner, lease_expires_at, last_error_code, published_at)
  ON sf_docintel.outbox_event, sf_docintel.outbox_event_platform TO sf_outbox_publisher;

-- sf:isolation sf_docintel.inbox_event TENANT_SCOPED owner=CMP-014
CREATE TABLE sf_docintel.inbox_event (
  consumer_group text NOT NULL CHECK (consumer_group ~ '^[a-z0-9][a-z0-9._-]{0,99}$'),
  event_id uuid NOT NULL,
  tenant_id uuid NOT NULL,
  processed_at timestamptz NOT NULL DEFAULT now(),
  PRIMARY KEY (consumer_group, event_id)
);
ALTER TABLE sf_docintel.inbox_event ENABLE ROW LEVEL SECURITY;
ALTER TABLE sf_docintel.inbox_event FORCE ROW LEVEL SECURITY;
CREATE POLICY inbox_event_tenant ON sf_docintel.inbox_event TO sf_app
  USING (tenant_id = sf_platform.current_tenant_id())
  WITH CHECK (tenant_id = sf_platform.current_tenant_id());
GRANT SELECT, INSERT ON sf_docintel.inbox_event TO sf_app;

-- sf:isolation sf_docintel.inbox_event_platform PLATFORM_OPERATIONAL owner=CMP-014
CREATE TABLE sf_docintel.inbox_event_platform (
  consumer_group text NOT NULL CHECK (consumer_group ~ '^[a-z0-9][a-z0-9._-]{0,99}$'),
  event_id uuid NOT NULL,
  processed_at timestamptz NOT NULL DEFAULT now(),
  PRIMARY KEY (consumer_group, event_id)
);
GRANT SELECT, INSERT ON sf_docintel.inbox_event_platform TO sf_app;

-- Identity sequences are required for the frozen template GRANT INSERT … TO sf_app.
-- Table grants in the template body above are unchanged (ADR-0006 condition 9).
GRANT USAGE, SELECT ON ALL SEQUENCES IN SCHEMA sf_docintel TO sf_app;
REVOKE ALL ON ALL SEQUENCES IN SCHEMA sf_docintel FROM PUBLIC;
ALTER TABLE sf_docintel.outbox_event OWNER TO sf_migrator;
ALTER TABLE sf_docintel.outbox_event_platform OWNER TO sf_migrator;
ALTER TABLE sf_docintel.inbox_event OWNER TO sf_migrator;
ALTER TABLE sf_docintel.inbox_event_platform OWNER TO sf_migrator;
;
INSERT INTO "public"."sf_schema_migrations" (name, run_on) VALUES ('1759530600001_cmp-014-outbox', NOW());


### MIGRATION 1759540150000_cmp-015-application-case (UP) ###
--
-- Up Migration

DO $$
BEGIN
  IF NOT EXISTS (SELECT 1 FROM pg_roles WHERE rolname = 'sf_migrator') THEN
    CREATE ROLE sf_migrator NOLOGIN NOSUPERUSER NOCREATEDB NOCREATEROLE NOINHERIT NOBYPASSRLS;
  END IF;
END
$$;

DO $$
BEGIN
  IF NOT EXISTS (SELECT 1 FROM pg_roles WHERE rolname = 'sf_cmp015_rw') THEN
    CREATE ROLE sf_cmp015_rw NOLOGIN NOSUPERUSER NOCREATEDB NOCREATEROLE NOINHERIT NOBYPASSRLS;
  END IF;
END
$$;
COMMENT ON ROLE sf_cmp015_rw IS
  'ADR-0006: CMP-015 privilege role. NOLOGIN. Runtime logins inherit sf_app + this role only.';

CREATE SCHEMA sf_application_case AUTHORIZATION sf_migrator;
COMMENT ON SCHEMA sf_application_case IS
  'isolation_class=mixed; owner=CMP-015; authoritative application/case state, transitions, request references';

REVOKE ALL ON SCHEMA sf_application_case FROM PUBLIC;
GRANT USAGE ON SCHEMA sf_application_case TO sf_cmp015_rw;
GRANT USAGE ON SCHEMA sf_application_case TO sf_app;

ALTER DEFAULT PRIVILEGES FOR ROLE sf_migrator IN SCHEMA sf_application_case REVOKE ALL ON TABLES FROM PUBLIC;
ALTER DEFAULT PRIVILEGES FOR ROLE sf_migrator IN SCHEMA sf_application_case REVOKE ALL ON SEQUENCES FROM PUBLIC;
ALTER DEFAULT PRIVILEGES FOR ROLE sf_migrator IN SCHEMA sf_application_case REVOKE ALL ON FUNCTIONS FROM PUBLIC;

GRANT USAGE ON SCHEMA sf_platform TO sf_migrator;

-- sf:isolation sf_application_case.application_case TENANT_SCOPED owner=CMP-015
CREATE TABLE sf_application_case.application_case (
  application_id uuid PRIMARY KEY,
  tenant_id uuid NOT NULL,
  cell_id text NOT NULL CHECK (cell_id ~ '^cell-[a-z0-9-]{1,40}$'),
  service_id uuid NOT NULL,
  applicant_id uuid NOT NULL,
  organisation_id uuid,
  jurisdiction_id uuid,
  state text NOT NULL CHECK (state IN (
    'DRAFT', 'READY_TO_SUBMIT', 'SUBMITTED', 'PAYMENT_PENDING', 'RECEIVED', 'UNDER_SCRUTINY',
    'DEFICIENCY_RAISED', 'CITIZEN_RESPONSE', 'VERIFICATION', 'DECISION_PENDING', 'APPROVED',
    'REJECTED', 'SIGNING_PENDING', 'ISSUED', 'CLOSED', 'WITHDRAWN', 'CANCELLED'
  )),
  aggregate_version bigint NOT NULL CHECK (aggregate_version >= 1),
  tenant_service_binding_id uuid NOT NULL,
  form_version_id uuid NOT NULL,
  rule_version_id uuid NOT NULL,
  workflow_version_id uuid NOT NULL,
  evidence_policy_version_id uuid NOT NULL,
  sla_policy_version_id uuid NOT NULL,
  fee_policy_version_id uuid,
  credential_template_version_id uuid,
  notification_version_id uuid,
  authorization_policy_version_id uuid,
  pin_graph_hash text NOT NULL CHECK (pin_graph_hash ~ '^sha256:[0-9a-f]{64}$'),
  created_by uuid NOT NULL,
  created_at timestamptz NOT NULL,
  updated_at timestamptz NOT NULL,
  submitted_at timestamptz,
  last_correlation_id uuid NOT NULL,
  UNIQUE (tenant_id, application_id)
);
CREATE INDEX application_case_state_idx
  ON sf_application_case.application_case (tenant_id, state, updated_at DESC);
CREATE INDEX application_case_applicant_idx
  ON sf_application_case.application_case (tenant_id, applicant_id, created_at DESC);
ALTER TABLE sf_application_case.application_case ENABLE ROW LEVEL SECURITY;
ALTER TABLE sf_application_case.application_case FORCE ROW LEVEL SECURITY;
CREATE POLICY application_case_tenant ON sf_application_case.application_case TO sf_app
  USING (tenant_id = sf_platform.current_tenant_id())
  WITH CHECK (tenant_id = sf_platform.current_tenant_id());
ALTER TABLE sf_application_case.application_case OWNER TO sf_migrator;

-- Local reference to a withdrawal/cancellation workflow request construct (ADR-0003). The
-- request record itself belongs to CMP-016/CMP-017; CMP-015 keeps only the committed-resolution
-- reference it needs to gate WITHDRAWN / CANCELLED. Never an application state.
-- sf:isolation sf_application_case.case_request_reference TENANT_SCOPED owner=CMP-015
CREATE TABLE sf_application_case.case_request_reference (
  request_id uuid PRIMARY KEY,
  tenant_id uuid NOT NULL,
  application_id uuid NOT NULL,
  kind text NOT NULL CHECK (kind IN ('WITHDRAWAL', 'CANCELLATION')),
  status text NOT NULL CHECK (status IN ('SUBMITTED', 'UNDER_REVIEW', 'REJECTED', 'EXPIRED', 'COMMITTED')),
  workflow_ref text CHECK (workflow_ref IS NULL OR char_length(workflow_ref) BETWEEN 1 AND 200),
  status_reason_code text CHECK (status_reason_code IS NULL OR status_reason_code ~ '^[A-Z][A-Z0-9_]{1,63}$'),
  case_state_at_request text NOT NULL,
  consumed_at_version bigint CHECK (consumed_at_version IS NULL OR consumed_at_version >= 2),
  created_by uuid NOT NULL,
  created_at timestamptz NOT NULL,
  updated_at timestamptz NOT NULL,
  last_correlation_id uuid NOT NULL,
  UNIQUE (tenant_id, request_id),
  FOREIGN KEY (tenant_id, application_id)
    REFERENCES sf_application_case.application_case (tenant_id, application_id),
  CHECK (consumed_at_version IS NULL OR status = 'COMMITTED')
);
CREATE UNIQUE INDEX case_request_reference_open_uniq
  ON sf_application_case.case_request_reference (tenant_id, application_id, kind)
  WHERE status IN ('SUBMITTED', 'UNDER_REVIEW') OR (status = 'COMMITTED' AND consumed_at_version IS NULL);
ALTER TABLE sf_application_case.case_request_reference ENABLE ROW LEVEL SECURITY;
ALTER TABLE sf_application_case.case_request_reference FORCE ROW LEVEL SECURITY;
CREATE POLICY case_request_reference_tenant ON sf_application_case.case_request_reference TO sf_app
  USING (tenant_id = sf_platform.current_tenant_id())
  WITH CHECK (tenant_id = sf_platform.current_tenant_id());
ALTER TABLE sf_application_case.case_request_reference OWNER TO sf_migrator;

-- sf:isolation sf_application_case.case_transition TENANT_SCOPED owner=CMP-015
CREATE TABLE sf_application_case.case_transition (
  transition_id uuid PRIMARY KEY,
  tenant_id uuid NOT NULL,
  application_id uuid NOT NULL,
  command text NOT NULL CHECK (command ~ '^[A-Z][A-Z0-9_]{1,63}$'),
  from_state text,
  to_state text NOT NULL,
  transition_key text,
  transition_class text CHECK (transition_class IS NULL OR transition_class IN (
    'ALWAYS_LEGAL', 'POLICY_GATED_WITHDRAWAL', 'POLICY_GATED_CANCELLATION'
  )),
  aggregate_version bigint NOT NULL CHECK (aggregate_version >= 1),
  idempotency_key text NOT NULL CHECK (idempotency_key ~ '^[A-Za-z0-9_.:-]{8,128}$'),
  authz_decision_id uuid NOT NULL,
  authz_policy_revision text NOT NULL CHECK (char_length(authz_policy_revision) BETWEEN 1 AND 128),
  correlation_id uuid NOT NULL,
  actor_type text NOT NULL CHECK (actor_type IN ('CITIZEN', 'OFFICER', 'SYSTEM', 'INTEGRATION', 'PRIVILEGED_ADMIN')),
  actor_id uuid NOT NULL,
  reason_code text CHECK (reason_code IS NULL OR reason_code ~ '^[A-Z][A-Z0-9_]{1,63}$'),
  request_id uuid,
  policy_ref text CHECK (policy_ref IS NULL OR char_length(policy_ref) BETWEEN 1 AND 200),
  occurred_at timestamptz NOT NULL,
  UNIQUE (tenant_id, application_id, aggregate_version),
  FOREIGN KEY (tenant_id, application_id)
    REFERENCES sf_application_case.application_case (tenant_id, application_id),
  CHECK ((from_state IS NULL) = (transition_key IS NULL)),
  CHECK (CASE WHEN transition_class IN ('POLICY_GATED_WITHDRAWAL', 'POLICY_GATED_CANCELLATION')
              THEN request_id IS NOT NULL ELSE request_id IS NULL END)
);
ALTER TABLE sf_application_case.case_transition ENABLE ROW LEVEL SECURITY;
ALTER TABLE sf_application_case.case_transition FORCE ROW LEVEL SECURITY;
CREATE POLICY case_transition_tenant ON sf_application_case.case_transition TO sf_app
  USING (tenant_id = sf_platform.current_tenant_id())
  WITH CHECK (tenant_id = sf_platform.current_tenant_id());
ALTER TABLE sf_application_case.case_transition OWNER TO sf_migrator;

-- sf:isolation sf_application_case.idempotency_record TENANT_SCOPED owner=CMP-015
CREATE TABLE sf_application_case.idempotency_record (
  tenant_id uuid NOT NULL,
  principal_id uuid NOT NULL,
  endpoint text NOT NULL,
  idempotency_key text NOT NULL,
  request_fingerprint text NOT NULL CHECK (request_fingerprint ~ '^sha256:[0-9a-f]{64}$'),
  status text NOT NULL CHECK (status IN ('IN_PROGRESS', 'COMPLETED', 'FAILED')),
  response_ref text,
  response_status integer,
  response_body jsonb,
  created_at timestamptz NOT NULL DEFAULT now(),
  expires_at timestamptz NOT NULL,
  PRIMARY KEY (tenant_id, principal_id, endpoint, idempotency_key)
);
ALTER TABLE sf_application_case.idempotency_record ENABLE ROW LEVEL SECURITY;
ALTER TABLE sf_application_case.idempotency_record FORCE ROW LEVEL SECURITY;
CREATE POLICY idempotency_tenant ON sf_application_case.idempotency_record TO sf_app
  USING (tenant_id = sf_platform.current_tenant_id())
  WITH CHECK (tenant_id = sf_platform.current_tenant_id());
ALTER TABLE sf_application_case.idempotency_record OWNER TO sf_migrator;

-- Frozen SF-CON-APPLICATION-CASE-SM transition table, enforced again at the database so no
-- caller (including a misconfigured workflow worker) can commit an illegal case state.
CREATE FUNCTION sf_application_case.enforce_case_transition() RETURNS trigger
  LANGUAGE plpgsql
  AS $$
DECLARE
  legal constant text[] := ARRAY[
    'DRAFT>READY_TO_SUBMIT', 'READY_TO_SUBMIT>SUBMITTED', 'READY_TO_SUBMIT>DRAFT',
    'SUBMITTED>PAYMENT_PENDING', 'SUBMITTED>RECEIVED', 'PAYMENT_PENDING>RECEIVED',
    'RECEIVED>UNDER_SCRUTINY', 'UNDER_SCRUTINY>DEFICIENCY_RAISED', 'UNDER_SCRUTINY>VERIFICATION',
    'UNDER_SCRUTINY>DECISION_PENDING', 'DEFICIENCY_RAISED>CITIZEN_RESPONSE',
    'CITIZEN_RESPONSE>UNDER_SCRUTINY', 'VERIFICATION>UNDER_SCRUTINY', 'VERIFICATION>DECISION_PENDING',
    'DECISION_PENDING>APPROVED', 'DECISION_PENDING>REJECTED', 'APPROVED>SIGNING_PENDING',
    'APPROVED>ISSUED', 'REJECTED>CLOSED', 'SIGNING_PENDING>ISSUED', 'ISSUED>CLOSED',
    'DRAFT>WITHDRAWN', 'READY_TO_SUBMIT>WITHDRAWN', 'SUBMITTED>WITHDRAWN', 'PAYMENT_PENDING>WITHDRAWN',
    'RECEIVED>WITHDRAWN', 'UNDER_SCRUTINY>WITHDRAWN', 'DEFICIENCY_RAISED>WITHDRAWN',
    'CITIZEN_RESPONSE>WITHDRAWN', 'VERIFICATION>WITHDRAWN', 'DECISION_PENDING>WITHDRAWN',
    'PAYMENT_PENDING>CANCELLED', 'DEFICIENCY_RAISED>CANCELLED', 'SUBMITTED>CANCELLED',
    'RECEIVED>CANCELLED', 'UNDER_SCRUTINY>CANCELLED', 'CITIZEN_RESPONSE>CANCELLED',
    'VERIFICATION>CANCELLED', 'DECISION_PENDING>CANCELLED'
  ];
  request_kind text;
BEGIN
  IF TG_OP = 'DELETE' THEN
    RAISE EXCEPTION 'application cases are never deleted'
      USING ERRCODE = 'P0001', HINT = 'SF_RECORD_IMMUTABLE';
  END IF;
  IF TG_OP = 'INSERT' THEN
    IF NEW.state <> 'DRAFT' OR NEW.aggregate_version <> 1 THEN
      RAISE EXCEPTION 'a case is created only as DRAFT at aggregate_version 1'
        USING ERRCODE = 'P0001', HINT = 'SF_INVALID_TRANSITION';
    END IF;
    RETURN NEW;
  END IF;
  IF (NEW.tenant_service_binding_id, NEW.form_version_id, NEW.rule_version_id, NEW.workflow_version_id,
      NEW.evidence_policy_version_id, NEW.sla_policy_version_id, NEW.fee_policy_version_id,
      NEW.credential_template_version_id, NEW.notification_version_id,
      NEW.authorization_policy_version_id, NEW.pin_graph_hash)
     IS DISTINCT FROM
     (OLD.tenant_service_binding_id, OLD.form_version_id, OLD.rule_version_id, OLD.workflow_version_id,
      OLD.evidence_policy_version_id, OLD.sla_policy_version_id, OLD.fee_policy_version_id,
      OLD.credential_template_version_id, OLD.notification_version_id,
      OLD.authorization_policy_version_id, OLD.pin_graph_hash) THEN
    RAISE EXCEPTION 'pinned versions are immutable; repoint only through a governed migration'
      USING ERRCODE = 'P0001', HINT = 'SF_PIN_IMMUTABLE';
  END IF;
  IF (NEW.application_id, NEW.tenant_id, NEW.cell_id, NEW.service_id, NEW.applicant_id,
      NEW.organisation_id, NEW.jurisdiction_id, NEW.created_by, NEW.created_at)
     IS DISTINCT FROM
     (OLD.application_id, OLD.tenant_id, OLD.cell_id, OLD.service_id, OLD.applicant_id,
      OLD.organisation_id, OLD.jurisdiction_id, OLD.created_by, OLD.created_at) THEN
    RAISE EXCEPTION 'case identity columns are immutable'
      USING ERRCODE = 'P0001', HINT = 'SF_RECORD_IMMUTABLE';
  END IF;
  IF NEW.aggregate_version <> OLD.aggregate_version + 1 THEN
    RAISE EXCEPTION 'aggregate_version must advance by exactly one'
      USING ERRCODE = 'P0001', HINT = 'SF_STALE_VERSION';
  END IF;
  IF NOT ((OLD.state || '>' || NEW.state) = ANY (legal)) THEN
    RAISE EXCEPTION 'illegal case transition'
      USING ERRCODE = 'P0001', HINT = 'SF_INVALID_TRANSITION';
  END IF;
  IF NEW.state IN ('WITHDRAWN', 'CANCELLED') THEN
    request_kind := CASE WHEN NEW.state = 'WITHDRAWN' THEN 'WITHDRAWAL' ELSE 'CANCELLATION' END;
    IF NOT EXISTS (
      SELECT 1 FROM sf_application_case.case_request_reference r
       WHERE r.tenant_id = NEW.tenant_id
         AND r.application_id = NEW.application_id
         AND r.kind = request_kind
         AND r.status = 'COMMITTED'
         AND r.consumed_at_version = NEW.aggregate_version
    ) THEN
      RAISE EXCEPTION 'WITHDRAWN/CANCELLED requires a committed request construct'
        USING ERRCODE = 'P0001', HINT = 'SF_REQUEST_NOT_COMMITTED';
    END IF;
  END IF;
  RETURN NEW;
END
$$;
ALTER FUNCTION sf_application_case.enforce_case_transition() OWNER TO sf_migrator;
REVOKE ALL ON FUNCTION sf_application_case.enforce_case_transition() FROM PUBLIC;
GRANT EXECUTE ON FUNCTION sf_application_case.enforce_case_transition() TO sf_cmp015_rw;

CREATE TRIGGER application_case_transition_guard
  BEFORE INSERT OR UPDATE OR DELETE ON sf_application_case.application_case
  FOR EACH ROW
  EXECUTE FUNCTION sf_application_case.enforce_case_transition();

CREATE FUNCTION sf_application_case.enforce_request_reference() RETURNS trigger
  LANGUAGE plpgsql
  AS $$
BEGIN
  IF TG_OP = 'DELETE' THEN
    RAISE EXCEPTION 'request references are never deleted'
      USING ERRCODE = 'P0001', HINT = 'SF_RECORD_IMMUTABLE';
  END IF;
  IF TG_OP = 'INSERT' THEN
    IF NEW.status <> 'SUBMITTED' OR NEW.consumed_at_version IS NOT NULL THEN
      RAISE EXCEPTION 'a request reference starts as SUBMITTED and unconsumed'
        USING ERRCODE = 'P0001', HINT = 'SF_INVALID_TRANSITION';
    END IF;
    RETURN NEW;
  END IF;
  IF (NEW.request_id, NEW.tenant_id, NEW.application_id, NEW.kind, NEW.case_state_at_request,
      NEW.created_by, NEW.created_at)
     IS DISTINCT FROM
     (OLD.request_id, OLD.tenant_id, OLD.application_id, OLD.kind, OLD.case_state_at_request,
      OLD.created_by, OLD.created_at) THEN
    RAISE EXCEPTION 'request reference identity columns are immutable'
      USING ERRCODE = 'P0001', HINT = 'SF_RECORD_IMMUTABLE';
  END IF;
  IF NEW.status = OLD.status THEN
    IF NEW.status = 'COMMITTED' AND OLD.consumed_at_version IS NULL
       AND NEW.consumed_at_version IS NOT NULL THEN
      RETURN NEW;
    END IF;
    RAISE EXCEPTION 'request reference unchanged or already consumed'
      USING ERRCODE = 'P0001', HINT = 'SF_INVALID_TRANSITION';
  END IF;
  IF NEW.consumed_at_version IS NOT NULL THEN
    RAISE EXCEPTION 'a request is consumed only after it is COMMITTED'
      USING ERRCODE = 'P0001', HINT = 'SF_INVALID_TRANSITION';
  END IF;
  IF NOT (
    (OLD.status = 'SUBMITTED' AND NEW.status IN ('UNDER_REVIEW', 'REJECTED', 'EXPIRED', 'COMMITTED'))
    OR (OLD.status = 'UNDER_REVIEW' AND NEW.status IN ('REJECTED', 'EXPIRED', 'COMMITTED'))
  ) THEN
    RAISE EXCEPTION 'illegal request reference status change'
      USING ERRCODE = 'P0001', HINT = 'SF_INVALID_TRANSITION';
  END IF;
  RETURN NEW;
END
$$;
ALTER FUNCTION sf_application_case.enforce_request_reference() OWNER TO sf_migrator;
REVOKE ALL ON FUNCTION sf_application_case.enforce_request_reference() FROM PUBLIC;
GRANT EXECUTE ON FUNCTION sf_application_case.enforce_request_reference() TO sf_cmp015_rw;

CREATE TRIGGER case_request_reference_guard
  BEFORE INSERT OR UPDATE OR DELETE ON sf_application_case.case_request_reference
  FOR EACH ROW
  EXECUTE FUNCTION sf_application_case.enforce_request_reference();

CREATE FUNCTION sf_application_case.prevent_transition_mutation() RETURNS trigger
  LANGUAGE plpgsql
  AS $$
BEGIN
  RAISE EXCEPTION 'case transitions are append-only'
    USING ERRCODE = 'P0001', HINT = 'SF_RECORD_IMMUTABLE';
END
$$;
ALTER FUNCTION sf_application_case.prevent_transition_mutation() OWNER TO sf_migrator;
REVOKE ALL ON FUNCTION sf_application_case.prevent_transition_mutation() FROM PUBLIC;
GRANT EXECUTE ON FUNCTION sf_application_case.prevent_transition_mutation() TO sf_cmp015_rw;

CREATE TRIGGER case_transition_immutable
  BEFORE UPDATE OR DELETE ON sf_application_case.case_transition
  FOR EACH ROW
  EXECUTE FUNCTION sf_application_case.prevent_transition_mutation();

GRANT SELECT, INSERT ON sf_application_case.application_case TO sf_cmp015_rw;
GRANT UPDATE (state, aggregate_version, updated_at, submitted_at, last_correlation_id)
  ON sf_application_case.application_case TO sf_cmp015_rw;
GRANT SELECT, INSERT ON sf_application_case.case_request_reference TO sf_cmp015_rw;
GRANT UPDATE (status, status_reason_code, consumed_at_version, updated_at, last_correlation_id)
  ON sf_application_case.case_request_reference TO sf_cmp015_rw;
GRANT SELECT, INSERT ON sf_application_case.case_transition TO sf_cmp015_rw;
GRANT SELECT, INSERT, DELETE, UPDATE (
  status, response_ref, response_status, response_body
) ON sf_application_case.idempotency_record TO sf_cmp015_rw;

REVOKE ALL ON sf_application_case.application_case FROM PUBLIC;
REVOKE ALL ON sf_application_case.case_request_reference FROM PUBLIC;
REVOKE ALL ON sf_application_case.case_transition FROM PUBLIC;
REVOKE ALL ON sf_application_case.idempotency_record FROM PUBLIC;
;
INSERT INTO "public"."sf_schema_migrations" (name, run_on) VALUES ('1759540150000_cmp-015-application-case', NOW());


### MIGRATION 1759540150001_cmp-015-outbox (UP) ###
--
-- Up Migration

-- SF-CON-OUTBOX v1: normative outbox and inbox layout for every component schema.
-- Copy into the component's own migration, replacing sf_application_case with the component schema and
-- CMP-015 with its CMP id. Do not add columns or change grants without a Contract Change Request.
-- Requires db/migrations/1759490000000_shared-db-contracts.sql (sf_platform.current_tenant_id(),
-- role sf_outbox_publisher).
--
-- Rules (summary; the schema contracts/shared/schemas/outbox-record.schema.json is authoritative
-- for row content):
--  1. Producers INSERT exactly one row per event in the same transaction as the state change,
--     after validating the envelope against SF-CON-EVENT-ENVELOPE. Producers never SELECT,
--     UPDATE or DELETE outbox rows.
--  2. Envelopes with a tenant_id go to outbox_event; envelopes with tenant_id null go to
--     outbox_event_platform.
--  3. The publisher (packages/outbox, CMP-038) runs as a login role that is a member of
--     sf_outbox_publisher only. It claims PENDING rows by setting lease_owner/lease_expires_at
--     in one short transaction, publishes with no transaction open, then sets PUBLISHED (or
--     schedules a retry) in another. An expired lease makes a row claimable again, so delivery
--     is at-least-once.
--  4. For one partition_key, a row is claimable only when no row with a lower seq is PENDING or
--     DEAD_LETTERED. A DEAD_LETTERED row therefore holds its key until an operator replays or
--     discards it through an audited action.
--  5. Consumers record (consumer_group, event_id) in inbox_event or inbox_event_platform in the
--     same transaction as their own state change; a conflict means the event was already applied.
--  6. The publisher deletes PUBLISHED rows only after the topic's retention window in the CMP-038
--     topic registry.

-- sf:isolation sf_application_case.outbox_event TENANT_SCOPED owner=CMP-015
CREATE TABLE sf_application_case.outbox_event (
  seq bigint GENERATED ALWAYS AS IDENTITY PRIMARY KEY,
  event_id uuid NOT NULL UNIQUE,
  tenant_id uuid NOT NULL,
  topic text NOT NULL CHECK (topic ~ '^[a-zA-Z0-9._-]{3,249}$'),
  partition_key text NOT NULL CHECK (length(partition_key) BETWEEN 1 AND 200),
  event_type text NOT NULL,
  schema_version integer NOT NULL CHECK (schema_version >= 1),
  aggregate_type text NOT NULL,
  aggregate_id uuid NOT NULL,
  aggregate_version bigint NOT NULL CHECK (aggregate_version >= 0),
  envelope jsonb NOT NULL CHECK (octet_length(envelope::text) <= 262144),
  status text NOT NULL DEFAULT 'PENDING' CHECK (status IN ('PENDING', 'PUBLISHED', 'DEAD_LETTERED')),
  attempts integer NOT NULL DEFAULT 0 CHECK (attempts >= 0),
  next_attempt_at timestamptz NOT NULL DEFAULT now(),
  lease_owner text,
  lease_expires_at timestamptz,
  last_error_code text CHECK (last_error_code ~ '^[A-Z][A-Z0-9_]{1,63}$'),
  created_at timestamptz NOT NULL DEFAULT now(),
  published_at timestamptz,
  CHECK (envelope ->> 'event_id' = event_id::text),
  CHECK (envelope ->> 'tenant_id' = tenant_id::text),
  CHECK (envelope ->> 'aggregate_id' = aggregate_id::text),
  CHECK (envelope ->> 'event_type' = event_type)
);
CREATE INDEX outbox_event_claim_idx ON sf_application_case.outbox_event (partition_key, seq) WHERE status <> 'PUBLISHED';
CREATE INDEX outbox_event_due_idx ON sf_application_case.outbox_event (next_attempt_at) WHERE status = 'PENDING';
ALTER TABLE sf_application_case.outbox_event ENABLE ROW LEVEL SECURITY;
ALTER TABLE sf_application_case.outbox_event FORCE ROW LEVEL SECURITY;
CREATE POLICY outbox_event_tenant_insert ON sf_application_case.outbox_event FOR INSERT TO sf_app
  WITH CHECK (tenant_id = sf_platform.current_tenant_id());
CREATE POLICY outbox_event_publisher ON sf_application_case.outbox_event TO sf_outbox_publisher
  USING (true) WITH CHECK (true);
GRANT INSERT ON sf_application_case.outbox_event TO sf_app;

-- sf:isolation sf_application_case.outbox_event_platform PLATFORM_OPERATIONAL owner=CMP-015
CREATE TABLE sf_application_case.outbox_event_platform (
  seq bigint GENERATED ALWAYS AS IDENTITY PRIMARY KEY,
  event_id uuid NOT NULL UNIQUE,
  topic text NOT NULL CHECK (topic ~ '^[a-zA-Z0-9._-]{3,249}$'),
  partition_key text NOT NULL CHECK (length(partition_key) BETWEEN 1 AND 200),
  event_type text NOT NULL,
  schema_version integer NOT NULL CHECK (schema_version >= 1),
  aggregate_type text NOT NULL,
  aggregate_id uuid NOT NULL,
  aggregate_version bigint NOT NULL CHECK (aggregate_version >= 0),
  envelope jsonb NOT NULL CHECK (octet_length(envelope::text) <= 262144),
  status text NOT NULL DEFAULT 'PENDING' CHECK (status IN ('PENDING', 'PUBLISHED', 'DEAD_LETTERED')),
  attempts integer NOT NULL DEFAULT 0 CHECK (attempts >= 0),
  next_attempt_at timestamptz NOT NULL DEFAULT now(),
  lease_owner text,
  lease_expires_at timestamptz,
  last_error_code text CHECK (last_error_code ~ '^[A-Z][A-Z0-9_]{1,63}$'),
  created_at timestamptz NOT NULL DEFAULT now(),
  published_at timestamptz,
  CHECK (envelope ->> 'event_id' = event_id::text),
  CHECK (jsonb_typeof(envelope -> 'tenant_id') = 'null'),
  CHECK (envelope ->> 'aggregate_id' = aggregate_id::text),
  CHECK (envelope ->> 'event_type' = event_type)
);
CREATE INDEX outbox_event_platform_claim_idx ON sf_application_case.outbox_event_platform (partition_key, seq) WHERE status <> 'PUBLISHED';
CREATE INDEX outbox_event_platform_due_idx ON sf_application_case.outbox_event_platform (next_attempt_at) WHERE status = 'PENDING';
GRANT INSERT ON sf_application_case.outbox_event_platform TO sf_app;

GRANT USAGE ON SCHEMA sf_application_case TO sf_outbox_publisher;
GRANT SELECT, DELETE ON sf_application_case.outbox_event, sf_application_case.outbox_event_platform TO sf_outbox_publisher;
GRANT UPDATE (status, attempts, next_attempt_at, lease_owner, lease_expires_at, last_error_code, published_at)
  ON sf_application_case.outbox_event, sf_application_case.outbox_event_platform TO sf_outbox_publisher;

-- sf:isolation sf_application_case.inbox_event TENANT_SCOPED owner=CMP-015
CREATE TABLE sf_application_case.inbox_event (
  consumer_group text NOT NULL CHECK (consumer_group ~ '^[a-z0-9][a-z0-9._-]{0,99}$'),
  event_id uuid NOT NULL,
  tenant_id uuid NOT NULL,
  processed_at timestamptz NOT NULL DEFAULT now(),
  PRIMARY KEY (consumer_group, event_id)
);
ALTER TABLE sf_application_case.inbox_event ENABLE ROW LEVEL SECURITY;
ALTER TABLE sf_application_case.inbox_event FORCE ROW LEVEL SECURITY;
CREATE POLICY inbox_event_tenant ON sf_application_case.inbox_event TO sf_app
  USING (tenant_id = sf_platform.current_tenant_id())
  WITH CHECK (tenant_id = sf_platform.current_tenant_id());
GRANT SELECT, INSERT ON sf_application_case.inbox_event TO sf_app;

-- sf:isolation sf_application_case.inbox_event_platform PLATFORM_OPERATIONAL owner=CMP-015
CREATE TABLE sf_application_case.inbox_event_platform (
  consumer_group text NOT NULL CHECK (consumer_group ~ '^[a-z0-9][a-z0-9._-]{0,99}$'),
  event_id uuid NOT NULL,
  processed_at timestamptz NOT NULL DEFAULT now(),
  PRIMARY KEY (consumer_group, event_id)
);
GRANT SELECT, INSERT ON sf_application_case.inbox_event_platform TO sf_app;

-- Identity sequences are required for the frozen template GRANT INSERT … TO sf_app.
-- Table grants in the template body above are unchanged (ADR-0006 condition 9).
GRANT USAGE, SELECT ON ALL SEQUENCES IN SCHEMA sf_application_case TO sf_app;
REVOKE ALL ON ALL SEQUENCES IN SCHEMA sf_application_case FROM PUBLIC;
ALTER TABLE sf_application_case.outbox_event OWNER TO sf_migrator;
ALTER TABLE sf_application_case.outbox_event_platform OWNER TO sf_migrator;
ALTER TABLE sf_application_case.inbox_event OWNER TO sf_migrator;
ALTER TABLE sf_application_case.inbox_event_platform OWNER TO sf_migrator;
;
INSERT INTO "public"."sf_schema_migrations" (name, run_on) VALUES ('1759540150001_cmp-015-outbox', NOW());


### MIGRATION 1759540160000_cmp-016-workflow-engine (UP) ###
--
-- Up Migration

DO $$
BEGIN
  IF NOT EXISTS (SELECT 1 FROM pg_roles WHERE rolname = 'sf_migrator') THEN
    CREATE ROLE sf_migrator NOLOGIN NOSUPERUSER NOCREATEDB NOCREATEROLE NOINHERIT NOBYPASSRLS;
  END IF;
END
$$;

DO $$
BEGIN
  IF NOT EXISTS (SELECT 1 FROM pg_roles WHERE rolname = 'sf_cmp016_rw') THEN
    CREATE ROLE sf_cmp016_rw NOLOGIN NOSUPERUSER NOCREATEDB NOCREATEROLE NOINHERIT NOBYPASSRLS;
  END IF;
END
$$;
COMMENT ON ROLE sf_cmp016_rw IS
  'ADR-0006: CMP-016 privilege role. NOLOGIN. Runtime logins inherit sf_app + this role only.';

CREATE SCHEMA sf_workflow AUTHORIZATION sf_migrator;
COMMENT ON SCHEMA sf_workflow IS
  'isolation_class=mixed; owner=CMP-016; canonical workflow model versions and Temporal sequencing bindings (never case state)';

REVOKE ALL ON SCHEMA sf_workflow FROM PUBLIC;
GRANT USAGE ON SCHEMA sf_workflow TO sf_cmp016_rw;
GRANT USAGE ON SCHEMA sf_workflow TO sf_app;

ALTER DEFAULT PRIVILEGES FOR ROLE sf_migrator IN SCHEMA sf_workflow REVOKE ALL ON TABLES FROM PUBLIC;
ALTER DEFAULT PRIVILEGES FOR ROLE sf_migrator IN SCHEMA sf_workflow REVOKE ALL ON SEQUENCES FROM PUBLIC;
ALTER DEFAULT PRIVILEGES FOR ROLE sf_migrator IN SCHEMA sf_workflow REVOKE ALL ON FUNCTIONS FROM PUBLIC;

GRANT USAGE ON SCHEMA sf_platform TO sf_migrator;

-- sf:isolation sf_workflow.workflow_definition TENANT_SCOPED owner=CMP-016
CREATE TABLE sf_workflow.workflow_definition (
  definition_id uuid PRIMARY KEY,
  tenant_id uuid NOT NULL,
  cell_id text NOT NULL CHECK (cell_id ~ '^cell-[a-z0-9-]{1,40}$'),
  definition_key text NOT NULL CHECK (definition_key ~ '^[a-z][a-z0-9._-]{1,127}$'),
  created_by uuid NOT NULL,
  created_at timestamptz NOT NULL DEFAULT now(),
  UNIQUE (tenant_id, definition_id),
  UNIQUE (tenant_id, definition_key)
);
ALTER TABLE sf_workflow.workflow_definition ENABLE ROW LEVEL SECURITY;
ALTER TABLE sf_workflow.workflow_definition FORCE ROW LEVEL SECURITY;
CREATE POLICY workflow_definition_tenant ON sf_workflow.workflow_definition TO sf_app
  USING (tenant_id = sf_platform.current_tenant_id())
  WITH CHECK (tenant_id = sf_platform.current_tenant_id());
ALTER TABLE sf_workflow.workflow_definition OWNER TO sf_migrator;

-- sf:isolation sf_workflow.workflow_version TENANT_SCOPED owner=CMP-016
-- A PUBLISHED or RETIRED version is immutable (Constitution #8); only PUBLISHED -> RETIRED is legal.
CREATE TABLE sf_workflow.workflow_version (
  version_id uuid PRIMARY KEY,
  tenant_id uuid NOT NULL,
  definition_id uuid NOT NULL,
  version_no integer NOT NULL CHECK (version_no >= 1),
  status text NOT NULL CHECK (status IN ('DRAFT', 'PUBLISHED', 'RETIRED')),
  origin text NOT NULL CHECK (origin IN ('STUDIO', 'BPMN_IMPORT')),
  model jsonb NOT NULL CHECK (jsonb_typeof(model) = 'object' AND octet_length(model::text) <= 524288),
  graph_hash text NOT NULL CHECK (graph_hash ~ '^sha256:[0-9a-f]{64}$'),
  authored_by uuid NOT NULL,
  published_by uuid,
  publication_approval_ref text CHECK (publication_approval_ref ~ '^[A-Za-z0-9_.:-]{1,200}$'),
  published_at timestamptz,
  retired_at timestamptz,
  created_at timestamptz NOT NULL DEFAULT now(),
  UNIQUE (tenant_id, version_id),
  UNIQUE (tenant_id, definition_id, version_no),
  FOREIGN KEY (tenant_id, definition_id)
    REFERENCES sf_workflow.workflow_definition (tenant_id, definition_id),
  CHECK (
    status = 'DRAFT'
    OR (published_by IS NOT NULL AND publication_approval_ref IS NOT NULL AND published_at IS NOT NULL)
  ),
  CHECK (published_by IS NULL OR published_by <> authored_by),
  CHECK ((status = 'RETIRED') = (retired_at IS NOT NULL))
);
CREATE INDEX workflow_version_definition_idx
  ON sf_workflow.workflow_version (tenant_id, definition_id, version_no DESC);
ALTER TABLE sf_workflow.workflow_version ENABLE ROW LEVEL SECURITY;
ALTER TABLE sf_workflow.workflow_version FORCE ROW LEVEL SECURITY;
CREATE POLICY workflow_version_tenant ON sf_workflow.workflow_version TO sf_app
  USING (tenant_id = sf_platform.current_tenant_id())
  WITH CHECK (tenant_id = sf_platform.current_tenant_id());
ALTER TABLE sf_workflow.workflow_version OWNER TO sf_migrator;

CREATE FUNCTION sf_workflow.guard_version_immutability() RETURNS trigger
  LANGUAGE plpgsql
  SET search_path = pg_catalog
  AS $$
BEGIN
  IF TG_OP = 'DELETE' THEN
    IF OLD.status <> 'DRAFT' THEN
      RAISE EXCEPTION 'published workflow versions are immutable'
        USING ERRCODE = 'P0001', HINT = 'SF_PUBLISHED_IMMUTABLE';
    END IF;
    RETURN OLD;
  END IF;
  IF NEW.version_id IS DISTINCT FROM OLD.version_id
     OR NEW.tenant_id IS DISTINCT FROM OLD.tenant_id
     OR NEW.definition_id IS DISTINCT FROM OLD.definition_id
     OR NEW.version_no IS DISTINCT FROM OLD.version_no
     OR NEW.origin IS DISTINCT FROM OLD.origin
     OR NEW.authored_by IS DISTINCT FROM OLD.authored_by
     OR NEW.created_at IS DISTINCT FROM OLD.created_at THEN
    RAISE EXCEPTION 'workflow version identity is immutable'
      USING ERRCODE = 'P0001', HINT = 'SF_PUBLISHED_IMMUTABLE';
  END IF;
  IF OLD.status = 'DRAFT' THEN
    IF NEW.status = 'RETIRED' THEN
      RAISE EXCEPTION 'a draft cannot be retired'
        USING ERRCODE = 'P0001', HINT = 'SF_VERSION_TRANSITION';
    END IF;
    RETURN NEW;
  END IF;
  IF NEW.model IS DISTINCT FROM OLD.model
     OR NEW.graph_hash IS DISTINCT FROM OLD.graph_hash
     OR NEW.published_by IS DISTINCT FROM OLD.published_by
     OR NEW.publication_approval_ref IS DISTINCT FROM OLD.publication_approval_ref
     OR NEW.published_at IS DISTINCT FROM OLD.published_at THEN
    RAISE EXCEPTION 'published workflow versions are immutable'
      USING ERRCODE = 'P0001', HINT = 'SF_PUBLISHED_IMMUTABLE';
  END IF;
  IF NOT (OLD.status = 'PUBLISHED' AND NEW.status = 'RETIRED') THEN
    RAISE EXCEPTION 'illegal workflow version status change'
      USING ERRCODE = 'P0001', HINT = 'SF_VERSION_TRANSITION';
  END IF;
  RETURN NEW;
END
$$;
ALTER FUNCTION sf_workflow.guard_version_immutability() OWNER TO sf_migrator;
REVOKE ALL ON FUNCTION sf_workflow.guard_version_immutability() FROM PUBLIC;
GRANT EXECUTE ON FUNCTION sf_workflow.guard_version_immutability() TO sf_app, sf_cmp016_rw;

CREATE TRIGGER workflow_version_immutable
  BEFORE UPDATE OR DELETE ON sf_workflow.workflow_version
  FOR EACH ROW
  EXECUTE FUNCTION sf_workflow.guard_version_immutability();

-- sf:isolation sf_workflow.migration_plan TENANT_SCOPED owner=CMP-016
-- Constitution #35: explicit, simulated, maker-checker approved, evidence-backed. Append-only.
CREATE TABLE sf_workflow.migration_plan (
  migration_id uuid PRIMARY KEY,
  tenant_id uuid NOT NULL,
  from_version_id uuid NOT NULL,
  to_version_id uuid NOT NULL,
  node_mapping jsonb NOT NULL CHECK (jsonb_typeof(node_mapping) = 'object'),
  approval_ref text NOT NULL CHECK (approval_ref ~ '^[A-Za-z0-9_.:-]{1,200}$'),
  simulation_evidence_ref text NOT NULL CHECK (simulation_evidence_ref ~ '^[A-Za-z0-9_.:/-]{1,200}$'),
  requested_by uuid NOT NULL,
  approved_by uuid NOT NULL,
  created_at timestamptz NOT NULL DEFAULT now(),
  UNIQUE (tenant_id, migration_id),
  CHECK (from_version_id <> to_version_id),
  CHECK (requested_by <> approved_by),
  FOREIGN KEY (tenant_id, from_version_id) REFERENCES sf_workflow.workflow_version (tenant_id, version_id),
  FOREIGN KEY (tenant_id, to_version_id) REFERENCES sf_workflow.workflow_version (tenant_id, version_id)
);
ALTER TABLE sf_workflow.migration_plan ENABLE ROW LEVEL SECURITY;
ALTER TABLE sf_workflow.migration_plan FORCE ROW LEVEL SECURITY;
CREATE POLICY migration_plan_tenant ON sf_workflow.migration_plan TO sf_app
  USING (tenant_id = sf_platform.current_tenant_id())
  WITH CHECK (tenant_id = sf_platform.current_tenant_id());
ALTER TABLE sf_workflow.migration_plan OWNER TO sf_migrator;

CREATE FUNCTION sf_workflow.guard_migration_plan() RETURNS trigger
  LANGUAGE plpgsql
  SET search_path = pg_catalog
  AS $$
DECLARE
  from_def uuid;
  to_def uuid;
BEGIN
  IF TG_OP <> 'INSERT' THEN
    RAISE EXCEPTION 'migration plans are immutable'
      USING ERRCODE = 'P0001', HINT = 'SF_RECORD_IMMUTABLE';
  END IF;
  SELECT definition_id INTO from_def FROM sf_workflow.workflow_version
    WHERE tenant_id = NEW.tenant_id AND version_id = NEW.from_version_id AND status IN ('PUBLISHED', 'RETIRED');
  SELECT definition_id INTO to_def FROM sf_workflow.workflow_version
    WHERE tenant_id = NEW.tenant_id AND version_id = NEW.to_version_id AND status = 'PUBLISHED';
  IF from_def IS NULL OR to_def IS NULL OR from_def <> to_def THEN
    RAISE EXCEPTION 'migration requires published versions of one definition'
      USING ERRCODE = 'P0001', HINT = 'SF_MIGRATION_INVALID';
  END IF;
  RETURN NEW;
END
$$;
ALTER FUNCTION sf_workflow.guard_migration_plan() OWNER TO sf_migrator;
REVOKE ALL ON FUNCTION sf_workflow.guard_migration_plan() FROM PUBLIC;
GRANT EXECUTE ON FUNCTION sf_workflow.guard_migration_plan() TO sf_app, sf_cmp016_rw;

CREATE TRIGGER migration_plan_guard
  BEFORE INSERT OR UPDATE OR DELETE ON sf_workflow.migration_plan
  FOR EACH ROW
  EXECUTE FUNCTION sf_workflow.guard_migration_plan();

-- sf:isolation sf_workflow.workflow_instance TENANT_SCOPED owner=CMP-016
-- Temporal sequencing binding for one application. active_nodes is a sequencing projection,
-- not case state. The pinned version changes only through an approved migration_plan.
CREATE TABLE sf_workflow.workflow_instance (
  instance_id uuid PRIMARY KEY,
  tenant_id uuid NOT NULL,
  cell_id text NOT NULL CHECK (cell_id ~ '^cell-[a-z0-9-]{1,40}$'),
  application_id uuid NOT NULL,
  workflow_version_id uuid NOT NULL,
  graph_hash text NOT NULL CHECK (graph_hash ~ '^sha256:[0-9a-f]{64}$'),
  temporal_workflow_id text NOT NULL CHECK (temporal_workflow_id ~ '^sf-wf:[0-9a-f-]{36}:[0-9a-f-]{36}$'),
  status text NOT NULL CHECK (status IN ('RUNNING', 'COMPLETED', 'TERMINATED', 'FAULTED')),
  active_nodes jsonb NOT NULL CHECK (jsonb_typeof(active_nodes) = 'array'),
  last_signal_id uuid,
  migration_id uuid,
  created_at timestamptz NOT NULL DEFAULT now(),
  updated_at timestamptz NOT NULL DEFAULT now(),
  UNIQUE (tenant_id, instance_id),
  UNIQUE (tenant_id, application_id),
  UNIQUE (temporal_workflow_id),
  FOREIGN KEY (tenant_id, workflow_version_id) REFERENCES sf_workflow.workflow_version (tenant_id, version_id),
  FOREIGN KEY (tenant_id, migration_id) REFERENCES sf_workflow.migration_plan (tenant_id, migration_id)
);
ALTER TABLE sf_workflow.workflow_instance ENABLE ROW LEVEL SECURITY;
ALTER TABLE sf_workflow.workflow_instance FORCE ROW LEVEL SECURITY;
CREATE POLICY workflow_instance_tenant ON sf_workflow.workflow_instance TO sf_app
  USING (tenant_id = sf_platform.current_tenant_id())
  WITH CHECK (tenant_id = sf_platform.current_tenant_id());
ALTER TABLE sf_workflow.workflow_instance OWNER TO sf_migrator;

CREATE FUNCTION sf_workflow.guard_instance_pin() RETURNS trigger
  LANGUAGE plpgsql
  SET search_path = pg_catalog
  AS $$
DECLARE
  pinned_hash text;
  plan_ok boolean;
BEGIN
  IF TG_OP = 'DELETE' THEN
    RAISE EXCEPTION 'workflow instances are retained'
      USING ERRCODE = 'P0001', HINT = 'SF_RECORD_IMMUTABLE';
  END IF;
  SELECT graph_hash INTO pinned_hash FROM sf_workflow.workflow_version
    WHERE tenant_id = NEW.tenant_id AND version_id = NEW.workflow_version_id AND status = 'PUBLISHED';
  IF TG_OP = 'INSERT' THEN
    IF pinned_hash IS NULL OR pinned_hash <> NEW.graph_hash THEN
      RAISE EXCEPTION 'workflow instances run only published canonical versions'
        USING ERRCODE = 'P0001', HINT = 'SF_VERSION_NOT_PUBLISHED';
    END IF;
    IF NEW.migration_id IS NOT NULL THEN
      RAISE EXCEPTION 'a new instance cannot carry a migration'
        USING ERRCODE = 'P0001', HINT = 'SF_SILENT_REPOINT';
    END IF;
    RETURN NEW;
  END IF;
  IF NEW.instance_id IS DISTINCT FROM OLD.instance_id
     OR NEW.tenant_id IS DISTINCT FROM OLD.tenant_id
     OR NEW.cell_id IS DISTINCT FROM OLD.cell_id
     OR NEW.application_id IS DISTINCT FROM OLD.application_id
     OR NEW.temporal_workflow_id IS DISTINCT FROM OLD.temporal_workflow_id
     OR NEW.created_at IS DISTINCT FROM OLD.created_at THEN
    RAISE EXCEPTION 'workflow instance identity is immutable'
      USING ERRCODE = 'P0001', HINT = 'SF_RECORD_IMMUTABLE';
  END IF;
  IF OLD.status <> 'RUNNING' AND NEW.status IS DISTINCT FROM OLD.status THEN
    RAISE EXCEPTION 'terminal workflow instance cannot change status'
      USING ERRCODE = 'P0001', HINT = 'SF_INSTANCE_TERMINAL';
  END IF;
  IF NEW.workflow_version_id IS DISTINCT FROM OLD.workflow_version_id
     OR NEW.graph_hash IS DISTINCT FROM OLD.graph_hash
     OR NEW.migration_id IS DISTINCT FROM OLD.migration_id THEN
    SELECT EXISTS (
      SELECT 1 FROM sf_workflow.migration_plan p
       WHERE p.tenant_id = NEW.tenant_id
         AND p.migration_id = NEW.migration_id
         AND p.from_version_id = OLD.workflow_version_id
         AND p.to_version_id = NEW.workflow_version_id
    ) INTO plan_ok;
    IF NOT plan_ok OR NEW.migration_id IS NOT DISTINCT FROM OLD.migration_id
       OR pinned_hash IS NULL OR pinned_hash <> NEW.graph_hash OR OLD.status <> 'RUNNING' THEN
      RAISE EXCEPTION 'pinned workflow version changes only through an approved migration'
        USING ERRCODE = 'P0001', HINT = 'SF_SILENT_REPOINT';
    END IF;
  END IF;
  RETURN NEW;
END
$$;
ALTER FUNCTION sf_workflow.guard_instance_pin() OWNER TO sf_migrator;
REVOKE ALL ON FUNCTION sf_workflow.guard_instance_pin() FROM PUBLIC;
GRANT EXECUTE ON FUNCTION sf_workflow.guard_instance_pin() TO sf_app, sf_cmp016_rw;

CREATE TRIGGER workflow_instance_pin_guard
  BEFORE INSERT OR UPDATE OR DELETE ON sf_workflow.workflow_instance
  FOR EACH ROW
  EXECUTE FUNCTION sf_workflow.guard_instance_pin();

-- sf:isolation sf_workflow.workflow_request TENANT_SCOPED owner=CMP-016
-- ADR-0003: withdrawal/cancellation requests are workflow records, never CMP-015 states.
CREATE TABLE sf_workflow.workflow_request (
  request_id uuid PRIMARY KEY,
  tenant_id uuid NOT NULL,
  instance_id uuid NOT NULL,
  application_id uuid NOT NULL,
  request_kind text NOT NULL CHECK (request_kind IN ('WITHDRAWAL', 'CANCELLATION')),
  request_node_id text NOT NULL CHECK (request_node_id ~ '^[A-Z][A-Z0-9_]{0,63}$'),
  outcome text NOT NULL CHECK (outcome ~ '^[A-Z][A-Z0-9_]{1,63}$'),
  status text NOT NULL CHECK (status IN ('PENDING_REVIEW', 'REJECTED', 'EXPIRED', 'RESOLVED')),
  requested_by uuid NOT NULL,
  idempotency_key text NOT NULL CHECK (idempotency_key ~ '^[A-Za-z0-9_.:-]{8,128}$'),
  created_at timestamptz NOT NULL DEFAULT now(),
  updated_at timestamptz NOT NULL DEFAULT now(),
  UNIQUE (tenant_id, request_id),
  UNIQUE (tenant_id, application_id, idempotency_key),
  FOREIGN KEY (tenant_id, instance_id) REFERENCES sf_workflow.workflow_instance (tenant_id, instance_id)
);
CREATE UNIQUE INDEX workflow_request_one_pending_idx
  ON sf_workflow.workflow_request (tenant_id, application_id, request_kind)
  WHERE status = 'PENDING_REVIEW';
ALTER TABLE sf_workflow.workflow_request ENABLE ROW LEVEL SECURITY;
ALTER TABLE sf_workflow.workflow_request FORCE ROW LEVEL SECURITY;
CREATE POLICY workflow_request_tenant ON sf_workflow.workflow_request TO sf_app
  USING (tenant_id = sf_platform.current_tenant_id())
  WITH CHECK (tenant_id = sf_platform.current_tenant_id());
ALTER TABLE sf_workflow.workflow_request OWNER TO sf_migrator;

CREATE FUNCTION sf_workflow.guard_request_status() RETURNS trigger
  LANGUAGE plpgsql
  SET search_path = pg_catalog
  AS $$
BEGIN
  IF TG_OP = 'DELETE'
     OR NEW.request_id IS DISTINCT FROM OLD.request_id
     OR NEW.tenant_id IS DISTINCT FROM OLD.tenant_id
     OR NEW.instance_id IS DISTINCT FROM OLD.instance_id
     OR NEW.application_id IS DISTINCT FROM OLD.application_id
     OR NEW.request_kind IS DISTINCT FROM OLD.request_kind
     OR NEW.request_node_id IS DISTINCT FROM OLD.request_node_id
     OR NEW.outcome IS DISTINCT FROM OLD.outcome
     OR NEW.requested_by IS DISTINCT FROM OLD.requested_by
     OR NEW.idempotency_key IS DISTINCT FROM OLD.idempotency_key
     OR NEW.created_at IS DISTINCT FROM OLD.created_at THEN
    RAISE EXCEPTION 'workflow request identity is immutable'
      USING ERRCODE = 'P0001', HINT = 'SF_RECORD_IMMUTABLE';
  END IF;
  IF OLD.status <> 'PENDING_REVIEW' AND NEW.status IS DISTINCT FROM OLD.status THEN
    RAISE EXCEPTION 'resolved workflow request cannot change status'
      USING ERRCODE = 'P0001', HINT = 'SF_RECORD_IMMUTABLE';
  END IF;
  RETURN NEW;
END
$$;
ALTER FUNCTION sf_workflow.guard_request_status() OWNER TO sf_migrator;
REVOKE ALL ON FUNCTION sf_workflow.guard_request_status() FROM PUBLIC;
GRANT EXECUTE ON FUNCTION sf_workflow.guard_request_status() TO sf_app, sf_cmp016_rw;

CREATE TRIGGER workflow_request_status_guard
  BEFORE UPDATE OR DELETE ON sf_workflow.workflow_request
  FOR EACH ROW
  EXECUTE FUNCTION sf_workflow.guard_request_status();

-- sf:isolation sf_workflow.idempotency_record TENANT_SCOPED owner=CMP-016
CREATE TABLE sf_workflow.idempotency_record (
  tenant_id uuid NOT NULL,
  principal_id uuid NOT NULL,
  endpoint text NOT NULL,
  idempotency_key text NOT NULL,
  request_fingerprint text NOT NULL CHECK (request_fingerprint ~ '^sha256:[0-9a-f]{64}$'),
  status text NOT NULL CHECK (status IN ('IN_PROGRESS', 'COMPLETED', 'FAILED')),
  response_ref text,
  response_status integer,
  response_body jsonb,
  created_at timestamptz NOT NULL DEFAULT now(),
  expires_at timestamptz NOT NULL,
  PRIMARY KEY (tenant_id, principal_id, endpoint, idempotency_key)
);
ALTER TABLE sf_workflow.idempotency_record ENABLE ROW LEVEL SECURITY;
ALTER TABLE sf_workflow.idempotency_record FORCE ROW LEVEL SECURITY;
CREATE POLICY idempotency_tenant ON sf_workflow.idempotency_record TO sf_app
  USING (tenant_id = sf_platform.current_tenant_id())
  WITH CHECK (tenant_id = sf_platform.current_tenant_id());
ALTER TABLE sf_workflow.idempotency_record OWNER TO sf_migrator;

GRANT SELECT, INSERT ON sf_workflow.workflow_definition TO sf_cmp016_rw;
GRANT SELECT, INSERT, DELETE, UPDATE (
  status, model, graph_hash, published_by, publication_approval_ref, published_at, retired_at
) ON sf_workflow.workflow_version TO sf_cmp016_rw;
GRANT SELECT, INSERT ON sf_workflow.migration_plan TO sf_cmp016_rw;
GRANT SELECT, INSERT, UPDATE (
  workflow_version_id, graph_hash, status, active_nodes, last_signal_id, migration_id, updated_at
) ON sf_workflow.workflow_instance TO sf_cmp016_rw;
GRANT SELECT, INSERT, UPDATE (status, updated_at) ON sf_workflow.workflow_request TO sf_cmp016_rw;
GRANT SELECT, INSERT, DELETE, UPDATE (
  status, response_ref, response_status, response_body
) ON sf_workflow.idempotency_record TO sf_cmp016_rw;

REVOKE ALL ON sf_workflow.workflow_definition FROM PUBLIC;
REVOKE ALL ON sf_workflow.workflow_version FROM PUBLIC;
REVOKE ALL ON sf_workflow.migration_plan FROM PUBLIC;
REVOKE ALL ON sf_workflow.workflow_instance FROM PUBLIC;
REVOKE ALL ON sf_workflow.workflow_request FROM PUBLIC;
REVOKE ALL ON sf_workflow.idempotency_record FROM PUBLIC;
;
INSERT INTO "public"."sf_schema_migrations" (name, run_on) VALUES ('1759540160000_cmp-016-workflow-engine', NOW());


### MIGRATION 1759540160001_cmp-016-outbox (UP) ###
--
-- Up Migration

-- SF-CON-OUTBOX v1: normative outbox and inbox layout for every component schema.
-- Copy into the component's own migration, replacing sf_workflow with the component schema and
-- CMP-016 with its CMP id. Do not add columns or change grants without a Contract Change Request.
-- Requires db/migrations/1759490000000_shared-db-contracts.sql (sf_platform.current_tenant_id(),
-- role sf_outbox_publisher).
--
-- Rules (summary; the schema contracts/shared/schemas/outbox-record.schema.json is authoritative
-- for row content):
--  1. Producers INSERT exactly one row per event in the same transaction as the state change,
--     after validating the envelope against SF-CON-EVENT-ENVELOPE. Producers never SELECT,
--     UPDATE or DELETE outbox rows.
--  2. Envelopes with a tenant_id go to outbox_event; envelopes with tenant_id null go to
--     outbox_event_platform.
--  3. The publisher (packages/outbox, CMP-038) runs as a login role that is a member of
--     sf_outbox_publisher only. It claims PENDING rows by setting lease_owner/lease_expires_at
--     in one short transaction, publishes with no transaction open, then sets PUBLISHED (or
--     schedules a retry) in another. An expired lease makes a row claimable again, so delivery
--     is at-least-once.
--  4. For one partition_key, a row is claimable only when no row with a lower seq is PENDING or
--     DEAD_LETTERED. A DEAD_LETTERED row therefore holds its key until an operator replays or
--     discards it through an audited action.
--  5. Consumers record (consumer_group, event_id) in inbox_event or inbox_event_platform in the
--     same transaction as their own state change; a conflict means the event was already applied.
--  6. The publisher deletes PUBLISHED rows only after the topic's retention window in the CMP-038
--     topic registry.

-- sf:isolation sf_workflow.outbox_event TENANT_SCOPED owner=CMP-016
CREATE TABLE sf_workflow.outbox_event (
  seq bigint GENERATED ALWAYS AS IDENTITY PRIMARY KEY,
  event_id uuid NOT NULL UNIQUE,
  tenant_id uuid NOT NULL,
  topic text NOT NULL CHECK (topic ~ '^[a-zA-Z0-9._-]{3,249}$'),
  partition_key text NOT NULL CHECK (length(partition_key) BETWEEN 1 AND 200),
  event_type text NOT NULL,
  schema_version integer NOT NULL CHECK (schema_version >= 1),
  aggregate_type text NOT NULL,
  aggregate_id uuid NOT NULL,
  aggregate_version bigint NOT NULL CHECK (aggregate_version >= 0),
  envelope jsonb NOT NULL CHECK (octet_length(envelope::text) <= 262144),
  status text NOT NULL DEFAULT 'PENDING' CHECK (status IN ('PENDING', 'PUBLISHED', 'DEAD_LETTERED')),
  attempts integer NOT NULL DEFAULT 0 CHECK (attempts >= 0),
  next_attempt_at timestamptz NOT NULL DEFAULT now(),
  lease_owner text,
  lease_expires_at timestamptz,
  last_error_code text CHECK (last_error_code ~ '^[A-Z][A-Z0-9_]{1,63}$'),
  created_at timestamptz NOT NULL DEFAULT now(),
  published_at timestamptz,
  CHECK (envelope ->> 'event_id' = event_id::text),
  CHECK (envelope ->> 'tenant_id' = tenant_id::text),
  CHECK (envelope ->> 'aggregate_id' = aggregate_id::text),
  CHECK (envelope ->> 'event_type' = event_type)
);
CREATE INDEX outbox_event_claim_idx ON sf_workflow.outbox_event (partition_key, seq) WHERE status <> 'PUBLISHED';
CREATE INDEX outbox_event_due_idx ON sf_workflow.outbox_event (next_attempt_at) WHERE status = 'PENDING';
ALTER TABLE sf_workflow.outbox_event ENABLE ROW LEVEL SECURITY;
ALTER TABLE sf_workflow.outbox_event FORCE ROW LEVEL SECURITY;
CREATE POLICY outbox_event_tenant_insert ON sf_workflow.outbox_event FOR INSERT TO sf_app
  WITH CHECK (tenant_id = sf_platform.current_tenant_id());
CREATE POLICY outbox_event_publisher ON sf_workflow.outbox_event TO sf_outbox_publisher
  USING (true) WITH CHECK (true);
GRANT INSERT ON sf_workflow.outbox_event TO sf_app;

-- sf:isolation sf_workflow.outbox_event_platform PLATFORM_OPERATIONAL owner=CMP-016
CREATE TABLE sf_workflow.outbox_event_platform (
  seq bigint GENERATED ALWAYS AS IDENTITY PRIMARY KEY,
  event_id uuid NOT NULL UNIQUE,
  topic text NOT NULL CHECK (topic ~ '^[a-zA-Z0-9._-]{3,249}$'),
  partition_key text NOT NULL CHECK (length(partition_key) BETWEEN 1 AND 200),
  event_type text NOT NULL,
  schema_version integer NOT NULL CHECK (schema_version >= 1),
  aggregate_type text NOT NULL,
  aggregate_id uuid NOT NULL,
  aggregate_version bigint NOT NULL CHECK (aggregate_version >= 0),
  envelope jsonb NOT NULL CHECK (octet_length(envelope::text) <= 262144),
  status text NOT NULL DEFAULT 'PENDING' CHECK (status IN ('PENDING', 'PUBLISHED', 'DEAD_LETTERED')),
  attempts integer NOT NULL DEFAULT 0 CHECK (attempts >= 0),
  next_attempt_at timestamptz NOT NULL DEFAULT now(),
  lease_owner text,
  lease_expires_at timestamptz,
  last_error_code text CHECK (last_error_code ~ '^[A-Z][A-Z0-9_]{1,63}$'),
  created_at timestamptz NOT NULL DEFAULT now(),
  published_at timestamptz,
  CHECK (envelope ->> 'event_id' = event_id::text),
  CHECK (jsonb_typeof(envelope -> 'tenant_id') = 'null'),
  CHECK (envelope ->> 'aggregate_id' = aggregate_id::text),
  CHECK (envelope ->> 'event_type' = event_type)
);
CREATE INDEX outbox_event_platform_claim_idx ON sf_workflow.outbox_event_platform (partition_key, seq) WHERE status <> 'PUBLISHED';
CREATE INDEX outbox_event_platform_due_idx ON sf_workflow.outbox_event_platform (next_attempt_at) WHERE status = 'PENDING';
GRANT INSERT ON sf_workflow.outbox_event_platform TO sf_app;

GRANT USAGE ON SCHEMA sf_workflow TO sf_outbox_publisher;
GRANT SELECT, DELETE ON sf_workflow.outbox_event, sf_workflow.outbox_event_platform TO sf_outbox_publisher;
GRANT UPDATE (status, attempts, next_attempt_at, lease_owner, lease_expires_at, last_error_code, published_at)
  ON sf_workflow.outbox_event, sf_workflow.outbox_event_platform TO sf_outbox_publisher;

-- sf:isolation sf_workflow.inbox_event TENANT_SCOPED owner=CMP-016
CREATE TABLE sf_workflow.inbox_event (
  consumer_group text NOT NULL CHECK (consumer_group ~ '^[a-z0-9][a-z0-9._-]{0,99}$'),
  event_id uuid NOT NULL,
  tenant_id uuid NOT NULL,
  processed_at timestamptz NOT NULL DEFAULT now(),
  PRIMARY KEY (consumer_group, event_id)
);
ALTER TABLE sf_workflow.inbox_event ENABLE ROW LEVEL SECURITY;
ALTER TABLE sf_workflow.inbox_event FORCE ROW LEVEL SECURITY;
CREATE POLICY inbox_event_tenant ON sf_workflow.inbox_event TO sf_app
  USING (tenant_id = sf_platform.current_tenant_id())
  WITH CHECK (tenant_id = sf_platform.current_tenant_id());
GRANT SELECT, INSERT ON sf_workflow.inbox_event TO sf_app;

-- sf:isolation sf_workflow.inbox_event_platform PLATFORM_OPERATIONAL owner=CMP-016
CREATE TABLE sf_workflow.inbox_event_platform (
  consumer_group text NOT NULL CHECK (consumer_group ~ '^[a-z0-9][a-z0-9._-]{0,99}$'),
  event_id uuid NOT NULL,
  processed_at timestamptz NOT NULL DEFAULT now(),
  PRIMARY KEY (consumer_group, event_id)
);
GRANT SELECT, INSERT ON sf_workflow.inbox_event_platform TO sf_app;

-- Identity sequences are required for the frozen template GRANT INSERT … TO sf_app.
-- Table grants in the template body above are unchanged (ADR-0006 condition 9).
GRANT USAGE, SELECT ON ALL SEQUENCES IN SCHEMA sf_workflow TO sf_app;
REVOKE ALL ON ALL SEQUENCES IN SCHEMA sf_workflow FROM PUBLIC;
ALTER TABLE sf_workflow.outbox_event OWNER TO sf_migrator;
ALTER TABLE sf_workflow.outbox_event_platform OWNER TO sf_migrator;
ALTER TABLE sf_workflow.inbox_event OWNER TO sf_migrator;
ALTER TABLE sf_workflow.inbox_event_platform OWNER TO sf_migrator;
;
INSERT INTO "public"."sf_schema_migrations" (name, run_on) VALUES ('1759540160001_cmp-016-outbox', NOW());


### MIGRATION 1759540170000_cmp-017-work-queue-tasks (UP) ###
--
-- Up Migration

DO $$
BEGIN
  IF NOT EXISTS (SELECT 1 FROM pg_roles WHERE rolname = 'sf_migrator') THEN
    CREATE ROLE sf_migrator NOLOGIN NOSUPERUSER NOCREATEDB NOCREATEROLE NOINHERIT NOBYPASSRLS;
  END IF;
END
$$;

DO $$
BEGIN
  IF NOT EXISTS (SELECT 1 FROM pg_roles WHERE rolname = 'sf_cmp017_rw') THEN
    CREATE ROLE sf_cmp017_rw NOLOGIN NOSUPERUSER NOCREATEDB NOCREATEROLE NOINHERIT NOBYPASSRLS;
  END IF;
END
$$;
COMMENT ON ROLE sf_cmp017_rw IS
  'ADR-0006: CMP-017 privilege role. NOLOGIN. Runtime logins inherit sf_app + this role only.';

CREATE SCHEMA sf_tasks AUTHORIZATION sf_migrator;
COMMENT ON SCHEMA sf_tasks IS
  'isolation_class=TENANT_SCOPED; owner=CMP-017; human task lifecycle, claim and assignment history';

REVOKE ALL ON SCHEMA sf_tasks FROM PUBLIC;
GRANT USAGE ON SCHEMA sf_tasks TO sf_cmp017_rw;
GRANT USAGE ON SCHEMA sf_tasks TO sf_app;

ALTER DEFAULT PRIVILEGES FOR ROLE sf_migrator IN SCHEMA sf_tasks REVOKE ALL ON TABLES FROM PUBLIC;
ALTER DEFAULT PRIVILEGES FOR ROLE sf_migrator IN SCHEMA sf_tasks REVOKE ALL ON SEQUENCES FROM PUBLIC;
ALTER DEFAULT PRIVILEGES FOR ROLE sf_migrator IN SCHEMA sf_tasks REVOKE ALL ON FUNCTIONS FROM PUBLIC;

GRANT USAGE ON SCHEMA sf_platform TO sf_migrator;

-- sf:isolation sf_tasks.human_task TENANT_SCOPED owner=CMP-017
CREATE TABLE sf_tasks.human_task (
  tenant_id uuid NOT NULL,
  task_id uuid NOT NULL,
  application_id uuid NOT NULL,
  workflow_node_id text CHECK (workflow_node_id IS NULL OR workflow_node_id ~ '^[A-Z][A-Z0-9_]{0,63}$'),
  cell_id text NOT NULL CHECK (cell_id ~ '^cell-[a-z0-9-]{1,40}$'),
  task_state text NOT NULL CHECK (task_state IN ('OPEN', 'CLAIMED', 'COMPLETED', 'CANCELLED_CLOSED')),
  role_code text NOT NULL CHECK (role_code ~ '^[A-Z][A-Z0-9_]{1,63}$'),
  organisation_id uuid NOT NULL,
  office_id uuid,
  jurisdiction_id uuid NOT NULL,
  service_scope_id uuid,
  claimed_principal_id uuid,
  claimed_at timestamptz,
  outcome text CHECK (outcome IS NULL OR outcome ~ '^[A-Z][A-Z0-9_]{1,63}$'),
  created_by uuid NOT NULL,
  correlation_id uuid NOT NULL,
  aggregate_version bigint NOT NULL DEFAULT 1 CHECK (aggregate_version >= 1),
  created_at timestamptz NOT NULL DEFAULT now(),
  updated_at timestamptz NOT NULL DEFAULT now(),
  PRIMARY KEY (tenant_id, task_id),
  CHECK (task_state <> 'OPEN' OR (claimed_principal_id IS NULL AND claimed_at IS NULL)),
  CHECK (task_state <> 'CLAIMED' OR (claimed_principal_id IS NOT NULL AND claimed_at IS NOT NULL)),
  CHECK (task_state <> 'COMPLETED' OR (claimed_principal_id IS NOT NULL AND outcome IS NOT NULL)),
  CHECK (task_state <> 'CANCELLED_CLOSED' OR outcome IS NOT NULL)
);
CREATE UNIQUE INDEX human_task_active_node_uidx
  ON sf_tasks.human_task (tenant_id, application_id, workflow_node_id)
  WHERE task_state IN ('OPEN', 'CLAIMED') AND workflow_node_id IS NOT NULL;
CREATE INDEX human_task_application_idx ON sf_tasks.human_task (tenant_id, application_id);
CREATE INDEX human_task_available_idx
  ON sf_tasks.human_task (tenant_id, role_code, organisation_id, jurisdiction_id)
  WHERE task_state = 'OPEN';
ALTER TABLE sf_tasks.human_task ENABLE ROW LEVEL SECURITY;
ALTER TABLE sf_tasks.human_task FORCE ROW LEVEL SECURITY;
CREATE POLICY human_task_isolation ON sf_tasks.human_task TO sf_app
  USING (tenant_id = sf_platform.current_tenant_id())
  WITH CHECK (tenant_id = sf_platform.current_tenant_id());
ALTER TABLE sf_tasks.human_task OWNER TO sf_migrator;

-- sf:isolation sf_tasks.task_history TENANT_SCOPED owner=CMP-017
CREATE TABLE sf_tasks.task_history (
  tenant_id uuid NOT NULL,
  history_id uuid NOT NULL,
  task_id uuid NOT NULL,
  seq integer NOT NULL CHECK (seq >= 1),
  operation text NOT NULL CHECK (operation IN (
    'CREATE', 'CLAIM', 'UNCLAIM', 'REASSIGN', 'COMPLETE', 'CANCEL_CLOSE'
  )),
  from_state text CHECK (from_state IS NULL OR from_state IN ('OPEN', 'CLAIMED', 'COMPLETED', 'CANCELLED_CLOSED')),
  to_state text NOT NULL CHECK (to_state IN ('OPEN', 'CLAIMED', 'COMPLETED', 'CANCELLED_CLOSED')),
  actor_type text NOT NULL CHECK (actor_type IN ('CITIZEN', 'OFFICER', 'SYSTEM', 'INTEGRATION', 'PRIVILEGED_ADMIN')),
  actor_id uuid NOT NULL,
  role_code text NOT NULL CHECK (role_code ~ '^[A-Z][A-Z0-9_]{1,63}$'),
  organisation_id uuid NOT NULL,
  office_id uuid,
  jurisdiction_id uuid NOT NULL,
  service_scope_id uuid,
  claimed_principal_id uuid,
  outcome text CHECK (outcome IS NULL OR outcome ~ '^[A-Z][A-Z0-9_]{1,63}$'),
  authz_decision_id uuid NOT NULL,
  policy_revision text NOT NULL CHECK (char_length(policy_revision) BETWEEN 1 AND 128),
  target_authz_decision_id uuid,
  idempotency_key text NOT NULL CHECK (idempotency_key ~ '^[A-Za-z0-9_.:-]{8,128}$'),
  correlation_id uuid NOT NULL,
  occurred_at timestamptz NOT NULL DEFAULT now(),
  PRIMARY KEY (tenant_id, history_id),
  UNIQUE (tenant_id, task_id, seq),
  FOREIGN KEY (tenant_id, task_id) REFERENCES sf_tasks.human_task (tenant_id, task_id)
);
ALTER TABLE sf_tasks.task_history ENABLE ROW LEVEL SECURITY;
ALTER TABLE sf_tasks.task_history FORCE ROW LEVEL SECURITY;
CREATE POLICY task_history_isolation ON sf_tasks.task_history TO sf_app
  USING (tenant_id = sf_platform.current_tenant_id())
  WITH CHECK (tenant_id = sf_platform.current_tenant_id());
ALTER TABLE sf_tasks.task_history OWNER TO sf_migrator;

-- sf:isolation sf_tasks.idempotency_record TENANT_SCOPED owner=CMP-017
CREATE TABLE sf_tasks.idempotency_record (
  tenant_id uuid NOT NULL,
  principal_id uuid NOT NULL,
  endpoint text NOT NULL,
  idempotency_key text NOT NULL,
  request_fingerprint text NOT NULL CHECK (request_fingerprint ~ '^sha256:[0-9a-f]{64}$'),
  status text NOT NULL CHECK (status IN ('IN_PROGRESS', 'COMPLETED', 'FAILED')),
  response_ref text,
  response_status integer,
  response_body jsonb,
  created_at timestamptz NOT NULL DEFAULT now(),
  expires_at timestamptz NOT NULL,
  PRIMARY KEY (tenant_id, principal_id, endpoint, idempotency_key)
);
ALTER TABLE sf_tasks.idempotency_record ENABLE ROW LEVEL SECURITY;
ALTER TABLE sf_tasks.idempotency_record FORCE ROW LEVEL SECURITY;
CREATE POLICY idempotency_record_isolation ON sf_tasks.idempotency_record TO sf_app
  USING (tenant_id = sf_platform.current_tenant_id())
  WITH CHECK (tenant_id = sf_platform.current_tenant_id());
ALTER TABLE sf_tasks.idempotency_record OWNER TO sf_migrator;

CREATE FUNCTION sf_tasks.reject_mutation()
RETURNS trigger
LANGUAGE plpgsql
SET search_path = sf_tasks, pg_temp
AS $$
BEGIN
  RAISE EXCEPTION 'insert-only task history row'
    USING ERRCODE = '42501';
END;
$$;
ALTER FUNCTION sf_tasks.reject_mutation() OWNER TO sf_migrator;

CREATE TRIGGER task_history_immutable
  BEFORE UPDATE OR DELETE ON sf_tasks.task_history
  FOR EACH ROW
  EXECUTE FUNCTION sf_tasks.reject_mutation();

CREATE FUNCTION sf_tasks.guard_task_transition()
RETURNS trigger
LANGUAGE plpgsql
SET search_path = sf_tasks, pg_temp
AS $$
DECLARE
  assignment_changed boolean;
BEGIN
  IF TG_OP = 'DELETE' THEN
    RAISE EXCEPTION 'human tasks are retained' USING ERRCODE = '42501';
  END IF;
  IF TG_OP = 'INSERT' THEN
    IF NEW.task_state <> 'OPEN' OR NEW.claimed_principal_id IS NOT NULL THEN
      RAISE EXCEPTION 'human task must start OPEN and unclaimed';
    END IF;
    RETURN NEW;
  END IF;

  IF OLD.task_state IN ('COMPLETED', 'CANCELLED_CLOSED') THEN
    RAISE EXCEPTION 'terminal human task % is immutable', OLD.task_state USING ERRCODE = 'P0001';
  END IF;
  IF NEW.tenant_id IS DISTINCT FROM OLD.tenant_id
     OR NEW.task_id IS DISTINCT FROM OLD.task_id
     OR NEW.application_id IS DISTINCT FROM OLD.application_id
     OR NEW.workflow_node_id IS DISTINCT FROM OLD.workflow_node_id
     OR NEW.cell_id IS DISTINCT FROM OLD.cell_id
     OR NEW.created_by IS DISTINCT FROM OLD.created_by
     OR NEW.created_at IS DISTINCT FROM OLD.created_at THEN
    RAISE EXCEPTION 'human task identity is immutable' USING ERRCODE = '42501';
  END IF;
  IF NEW.aggregate_version IS DISTINCT FROM OLD.aggregate_version + 1 THEN
    RAISE EXCEPTION 'aggregate_version must advance by exactly one' USING ERRCODE = 'P0001';
  END IF;

  assignment_changed :=
       NEW.role_code IS DISTINCT FROM OLD.role_code
    OR NEW.organisation_id IS DISTINCT FROM OLD.organisation_id
    OR NEW.office_id IS DISTINCT FROM OLD.office_id
    OR NEW.jurisdiction_id IS DISTINCT FROM OLD.jurisdiction_id
    OR NEW.service_scope_id IS DISTINCT FROM OLD.service_scope_id;

  IF NOT (
       (OLD.task_state = 'OPEN' AND NEW.task_state = 'CLAIMED'
          AND NOT assignment_changed AND NEW.claimed_principal_id IS NOT NULL)
    OR (OLD.task_state = 'CLAIMED' AND NEW.task_state = 'OPEN'
          AND NOT assignment_changed AND NEW.claimed_principal_id IS NULL)
    OR (OLD.task_state IN ('OPEN', 'CLAIMED') AND NEW.task_state = 'OPEN'
          AND assignment_changed AND NEW.claimed_principal_id IS NULL)
    OR (OLD.task_state = 'CLAIMED' AND NEW.task_state = 'COMPLETED'
          AND NOT assignment_changed
          AND NEW.claimed_principal_id IS NOT DISTINCT FROM OLD.claimed_principal_id)
    OR (OLD.task_state IN ('OPEN', 'CLAIMED') AND NEW.task_state = 'CANCELLED_CLOSED'
          AND NOT assignment_changed)
  ) THEN
    RAISE EXCEPTION 'human task transition % -> % refused', OLD.task_state, NEW.task_state
      USING ERRCODE = 'P0001';
  END IF;
  RETURN NEW;
END;
$$;
ALTER FUNCTION sf_tasks.guard_task_transition() OWNER TO sf_migrator;

CREATE TRIGGER human_task_transition_guard
  BEFORE INSERT OR UPDATE OR DELETE ON sf_tasks.human_task
  FOR EACH ROW
  EXECUTE FUNCTION sf_tasks.guard_task_transition();

REVOKE ALL ON ALL TABLES IN SCHEMA sf_tasks FROM PUBLIC;
REVOKE ALL ON ALL SEQUENCES IN SCHEMA sf_tasks FROM PUBLIC;
REVOKE ALL ON ALL FUNCTIONS IN SCHEMA sf_tasks FROM PUBLIC;

GRANT SELECT, INSERT,
  UPDATE (
    task_state, role_code, organisation_id, office_id, jurisdiction_id, service_scope_id,
    claimed_principal_id, claimed_at, outcome, aggregate_version, updated_at
  )
  ON sf_tasks.human_task TO sf_cmp017_rw;
GRANT SELECT, INSERT ON sf_tasks.task_history TO sf_cmp017_rw;
GRANT SELECT, INSERT, DELETE, UPDATE (status, response_ref, response_status, response_body)
  ON sf_tasks.idempotency_record TO sf_cmp017_rw;

GRANT EXECUTE ON FUNCTION sf_tasks.reject_mutation() TO sf_cmp017_rw;
GRANT EXECUTE ON FUNCTION sf_tasks.guard_task_transition() TO sf_cmp017_rw;
;
INSERT INTO "public"."sf_schema_migrations" (name, run_on) VALUES ('1759540170000_cmp-017-work-queue-tasks', NOW());


### MIGRATION 1759540170001_cmp-017-outbox (UP) ###
--
-- Up Migration

-- SF-CON-OUTBOX v1: normative outbox and inbox layout for every component schema.
-- Copy into the component's own migration, replacing sf_tasks with the component schema and
-- CMP-017 with its CMP id. Do not add columns or change grants without a Contract Change Request.
-- Requires db/migrations/1759490000000_shared-db-contracts.sql (sf_platform.current_tenant_id(),
-- role sf_outbox_publisher).
--
-- Rules (summary; the schema contracts/shared/schemas/outbox-record.schema.json is authoritative
-- for row content):
--  1. Producers INSERT exactly one row per event in the same transaction as the state change,
--     after validating the envelope against SF-CON-EVENT-ENVELOPE. Producers never SELECT,
--     UPDATE or DELETE outbox rows.
--  2. Envelopes with a tenant_id go to outbox_event; envelopes with tenant_id null go to
--     outbox_event_platform.
--  3. The publisher (packages/outbox, CMP-038) runs as a login role that is a member of
--     sf_outbox_publisher only. It claims PENDING rows by setting lease_owner/lease_expires_at
--     in one short transaction, publishes with no transaction open, then sets PUBLISHED (or
--     schedules a retry) in another. An expired lease makes a row claimable again, so delivery
--     is at-least-once.
--  4. For one partition_key, a row is claimable only when no row with a lower seq is PENDING or
--     DEAD_LETTERED. A DEAD_LETTERED row therefore holds its key until an operator replays or
--     discards it through an audited action.
--  5. Consumers record (consumer_group, event_id) in inbox_event or inbox_event_platform in the
--     same transaction as their own state change; a conflict means the event was already applied.
--  6. The publisher deletes PUBLISHED rows only after the topic's retention window in the CMP-038
--     topic registry.

-- sf:isolation sf_tasks.outbox_event TENANT_SCOPED owner=CMP-017
CREATE TABLE sf_tasks.outbox_event (
  seq bigint GENERATED ALWAYS AS IDENTITY PRIMARY KEY,
  event_id uuid NOT NULL UNIQUE,
  tenant_id uuid NOT NULL,
  topic text NOT NULL CHECK (topic ~ '^[a-zA-Z0-9._-]{3,249}$'),
  partition_key text NOT NULL CHECK (length(partition_key) BETWEEN 1 AND 200),
  event_type text NOT NULL,
  schema_version integer NOT NULL CHECK (schema_version >= 1),
  aggregate_type text NOT NULL,
  aggregate_id uuid NOT NULL,
  aggregate_version bigint NOT NULL CHECK (aggregate_version >= 0),
  envelope jsonb NOT NULL CHECK (octet_length(envelope::text) <= 262144),
  status text NOT NULL DEFAULT 'PENDING' CHECK (status IN ('PENDING', 'PUBLISHED', 'DEAD_LETTERED')),
  attempts integer NOT NULL DEFAULT 0 CHECK (attempts >= 0),
  next_attempt_at timestamptz NOT NULL DEFAULT now(),
  lease_owner text,
  lease_expires_at timestamptz,
  last_error_code text CHECK (last_error_code ~ '^[A-Z][A-Z0-9_]{1,63}$'),
  created_at timestamptz NOT NULL DEFAULT now(),
  published_at timestamptz,
  CHECK (envelope ->> 'event_id' = event_id::text),
  CHECK (envelope ->> 'tenant_id' = tenant_id::text),
  CHECK (envelope ->> 'aggregate_id' = aggregate_id::text),
  CHECK (envelope ->> 'event_type' = event_type)
);
CREATE INDEX outbox_event_claim_idx ON sf_tasks.outbox_event (partition_key, seq) WHERE status <> 'PUBLISHED';
CREATE INDEX outbox_event_due_idx ON sf_tasks.outbox_event (next_attempt_at) WHERE status = 'PENDING';
ALTER TABLE sf_tasks.outbox_event ENABLE ROW LEVEL SECURITY;
ALTER TABLE sf_tasks.outbox_event FORCE ROW LEVEL SECURITY;
CREATE POLICY outbox_event_tenant_insert ON sf_tasks.outbox_event FOR INSERT TO sf_app
  WITH CHECK (tenant_id = sf_platform.current_tenant_id());
CREATE POLICY outbox_event_publisher ON sf_tasks.outbox_event TO sf_outbox_publisher
  USING (true) WITH CHECK (true);
GRANT INSERT ON sf_tasks.outbox_event TO sf_app;

-- sf:isolation sf_tasks.outbox_event_platform PLATFORM_OPERATIONAL owner=CMP-017
CREATE TABLE sf_tasks.outbox_event_platform (
  seq bigint GENERATED ALWAYS AS IDENTITY PRIMARY KEY,
  event_id uuid NOT NULL UNIQUE,
  topic text NOT NULL CHECK (topic ~ '^[a-zA-Z0-9._-]{3,249}$'),
  partition_key text NOT NULL CHECK (length(partition_key) BETWEEN 1 AND 200),
  event_type text NOT NULL,
  schema_version integer NOT NULL CHECK (schema_version >= 1),
  aggregate_type text NOT NULL,
  aggregate_id uuid NOT NULL,
  aggregate_version bigint NOT NULL CHECK (aggregate_version >= 0),
  envelope jsonb NOT NULL CHECK (octet_length(envelope::text) <= 262144),
  status text NOT NULL DEFAULT 'PENDING' CHECK (status IN ('PENDING', 'PUBLISHED', 'DEAD_LETTERED')),
  attempts integer NOT NULL DEFAULT 0 CHECK (attempts >= 0),
  next_attempt_at timestamptz NOT NULL DEFAULT now(),
  lease_owner text,
  lease_expires_at timestamptz,
  last_error_code text CHECK (last_error_code ~ '^[A-Z][A-Z0-9_]{1,63}$'),
  created_at timestamptz NOT NULL DEFAULT now(),
  published_at timestamptz,
  CHECK (envelope ->> 'event_id' = event_id::text),
  CHECK (jsonb_typeof(envelope -> 'tenant_id') = 'null'),
  CHECK (envelope ->> 'aggregate_id' = aggregate_id::text),
  CHECK (envelope ->> 'event_type' = event_type)
);
CREATE INDEX outbox_event_platform_claim_idx ON sf_tasks.outbox_event_platform (partition_key, seq) WHERE status <> 'PUBLISHED';
CREATE INDEX outbox_event_platform_due_idx ON sf_tasks.outbox_event_platform (next_attempt_at) WHERE status = 'PENDING';
GRANT INSERT ON sf_tasks.outbox_event_platform TO sf_app;

GRANT USAGE ON SCHEMA sf_tasks TO sf_outbox_publisher;
GRANT SELECT, DELETE ON sf_tasks.outbox_event, sf_tasks.outbox_event_platform TO sf_outbox_publisher;
GRANT UPDATE (status, attempts, next_attempt_at, lease_owner, lease_expires_at, last_error_code, published_at)
  ON sf_tasks.outbox_event, sf_tasks.outbox_event_platform TO sf_outbox_publisher;

-- sf:isolation sf_tasks.inbox_event TENANT_SCOPED owner=CMP-017
CREATE TABLE sf_tasks.inbox_event (
  consumer_group text NOT NULL CHECK (consumer_group ~ '^[a-z0-9][a-z0-9._-]{0,99}$'),
  event_id uuid NOT NULL,
  tenant_id uuid NOT NULL,
  processed_at timestamptz NOT NULL DEFAULT now(),
  PRIMARY KEY (consumer_group, event_id)
);
ALTER TABLE sf_tasks.inbox_event ENABLE ROW LEVEL SECURITY;
ALTER TABLE sf_tasks.inbox_event FORCE ROW LEVEL SECURITY;
CREATE POLICY inbox_event_tenant ON sf_tasks.inbox_event TO sf_app
  USING (tenant_id = sf_platform.current_tenant_id())
  WITH CHECK (tenant_id = sf_platform.current_tenant_id());
GRANT SELECT, INSERT ON sf_tasks.inbox_event TO sf_app;

-- sf:isolation sf_tasks.inbox_event_platform PLATFORM_OPERATIONAL owner=CMP-017
CREATE TABLE sf_tasks.inbox_event_platform (
  consumer_group text NOT NULL CHECK (consumer_group ~ '^[a-z0-9][a-z0-9._-]{0,99}$'),
  event_id uuid NOT NULL,
  processed_at timestamptz NOT NULL DEFAULT now(),
  PRIMARY KEY (consumer_group, event_id)
);
GRANT SELECT, INSERT ON sf_tasks.inbox_event_platform TO sf_app;

-- Identity sequences are required for the frozen template GRANT INSERT … TO sf_app.
-- Table grants in the template body above are unchanged (ADR-0006 condition 9).
GRANT USAGE, SELECT ON ALL SEQUENCES IN SCHEMA sf_tasks TO sf_app;
REVOKE ALL ON ALL SEQUENCES IN SCHEMA sf_tasks FROM PUBLIC;
ALTER TABLE sf_tasks.outbox_event OWNER TO sf_migrator;
ALTER TABLE sf_tasks.outbox_event_platform OWNER TO sf_migrator;
ALTER TABLE sf_tasks.inbox_event OWNER TO sf_migrator;
ALTER TABLE sf_tasks.inbox_event_platform OWNER TO sf_migrator;
;
INSERT INTO "public"."sf_schema_migrations" (name, run_on) VALUES ('1759540170001_cmp-017-outbox', NOW());


### MIGRATION 1759540180000_cmp-018-inspection-verification (UP) ###
--
-- Up Migration

DO $$
BEGIN
  IF NOT EXISTS (SELECT 1 FROM pg_roles WHERE rolname = 'sf_migrator') THEN
    CREATE ROLE sf_migrator NOLOGIN NOSUPERUSER NOCREATEDB NOCREATEROLE NOINHERIT NOBYPASSRLS;
  END IF;
END
$$;

DO $$
BEGIN
  IF NOT EXISTS (SELECT 1 FROM pg_roles WHERE rolname = 'sf_cmp018_rw') THEN
    CREATE ROLE sf_cmp018_rw NOLOGIN NOSUPERUSER NOCREATEDB NOCREATEROLE NOINHERIT NOBYPASSRLS;
  END IF;
END
$$;
COMMENT ON ROLE sf_cmp018_rw IS
  'ADR-0006: CMP-018 privilege role. NOLOGIN. Runtime logins inherit sf_app + this role only.';

CREATE SCHEMA sf_inspection AUTHORIZATION sf_migrator;
COMMENT ON SCHEMA sf_inspection IS
  'isolation_class=TENANT_SCOPED; owner=CMP-018; inspection request, checklist, observations, findings';

REVOKE ALL ON SCHEMA sf_inspection FROM PUBLIC;
GRANT USAGE ON SCHEMA sf_inspection TO sf_cmp018_rw;
GRANT USAGE ON SCHEMA sf_inspection TO sf_app;

ALTER DEFAULT PRIVILEGES FOR ROLE sf_migrator IN SCHEMA sf_inspection REVOKE ALL ON TABLES FROM PUBLIC;
ALTER DEFAULT PRIVILEGES FOR ROLE sf_migrator IN SCHEMA sf_inspection REVOKE ALL ON SEQUENCES FROM PUBLIC;
ALTER DEFAULT PRIVILEGES FOR ROLE sf_migrator IN SCHEMA sf_inspection REVOKE ALL ON FUNCTIONS FROM PUBLIC;

GRANT USAGE ON SCHEMA sf_platform TO sf_migrator;

-- sf:isolation sf_inspection.inspection TENANT_SCOPED owner=CMP-018
CREATE TABLE sf_inspection.inspection (
  tenant_id uuid NOT NULL,
  inspection_id uuid NOT NULL,
  application_id uuid NOT NULL,
  prior_inspection_id uuid,
  workflow_node_id text CHECK (workflow_node_id IS NULL OR workflow_node_id ~ '^[A-Z][A-Z0-9_]{0,63}$'),
  cell_id text NOT NULL CHECK (cell_id ~ '^cell-[a-z0-9-]{1,40}$'),
  inspection_state text NOT NULL CHECK (inspection_state IN (
    'REQUESTED', 'SCHEDULED', 'IN_PROGRESS', 'COMPLETED', 'CANCELLED'
  )),
  role_code text NOT NULL CHECK (role_code ~ '^[A-Z][A-Z0-9_]{1,63}$'),
  organisation_id uuid NOT NULL,
  office_id uuid,
  jurisdiction_id uuid NOT NULL,
  service_scope_id uuid,
  claimed_principal_id uuid,
  claimed_at timestamptz,
  window_start timestamptz,
  window_end timestamptz,
  slot_ref text CHECK (slot_ref IS NULL OR slot_ref ~ '^[A-Za-z0-9_.:/-]{1,128}$'),
  location_ref text CHECK (location_ref IS NULL OR location_ref ~ '^[A-Za-z0-9_.:/-]{1,128}$'),
  timezone_iana text CHECK (timezone_iana IS NULL OR timezone_iana ~ '^[A-Za-z0-9_+\-/]{1,64}$'),
  verification_result text CHECK (verification_result IS NULL OR verification_result IN (
    'VERIFIED', 'NOT_VERIFIED', 'INCONCLUSIVE', 'DEFICIENCY_NOTED'
  )),
  statutory_effect boolean NOT NULL DEFAULT false CHECK (statutory_effect = false),
  created_by uuid NOT NULL,
  correlation_id uuid NOT NULL,
  aggregate_version bigint NOT NULL DEFAULT 1 CHECK (aggregate_version >= 1),
  created_at timestamptz NOT NULL DEFAULT now(),
  updated_at timestamptz NOT NULL DEFAULT now(),
  PRIMARY KEY (tenant_id, inspection_id),
  CHECK (window_end IS NULL OR window_start IS NULL OR window_end >= window_start),
  CHECK (inspection_state <> 'COMPLETED' OR verification_result IS NOT NULL),
  CHECK (inspection_state <> 'IN_PROGRESS' OR claimed_principal_id IS NOT NULL),
  CHECK (inspection_state IN ('REQUESTED', 'SCHEDULED', 'CANCELLED') OR claimed_principal_id IS NOT NULL OR inspection_state = 'COMPLETED'),
  FOREIGN KEY (tenant_id, prior_inspection_id)
    REFERENCES sf_inspection.inspection (tenant_id, inspection_id)
);
CREATE INDEX inspection_application_idx ON sf_inspection.inspection (tenant_id, application_id);
CREATE INDEX inspection_available_idx
  ON sf_inspection.inspection (tenant_id, role_code, organisation_id, jurisdiction_id)
  WHERE inspection_state IN ('REQUESTED', 'SCHEDULED');
ALTER TABLE sf_inspection.inspection ENABLE ROW LEVEL SECURITY;
ALTER TABLE sf_inspection.inspection FORCE ROW LEVEL SECURITY;
CREATE POLICY inspection_isolation ON sf_inspection.inspection TO sf_app
  USING (tenant_id = sf_platform.current_tenant_id())
  WITH CHECK (tenant_id = sf_platform.current_tenant_id());
ALTER TABLE sf_inspection.inspection OWNER TO sf_migrator;

-- sf:isolation sf_inspection.inspection_history TENANT_SCOPED owner=CMP-018
CREATE TABLE sf_inspection.inspection_history (
  tenant_id uuid NOT NULL,
  history_id uuid NOT NULL,
  inspection_id uuid NOT NULL,
  seq integer NOT NULL CHECK (seq >= 1),
  operation text NOT NULL CHECK (operation IN (
    'CREATE', 'SCHEDULE', 'REASSIGN', 'START', 'RECORD_CHECKLIST', 'RECORD_OBSERVATION',
    'ATTACH_EVIDENCE', 'RECORD_FINDING', 'RECORD_RESULT', 'COMPLETE', 'CANCEL', 'REINSPECT'
  )),
  from_state text CHECK (from_state IS NULL OR from_state IN (
    'REQUESTED', 'SCHEDULED', 'IN_PROGRESS', 'COMPLETED', 'CANCELLED'
  )),
  to_state text NOT NULL CHECK (to_state IN (
    'REQUESTED', 'SCHEDULED', 'IN_PROGRESS', 'COMPLETED', 'CANCELLED'
  )),
  actor_type text NOT NULL CHECK (actor_type IN ('CITIZEN', 'OFFICER', 'SYSTEM', 'INTEGRATION', 'PRIVILEGED_ADMIN')),
  actor_id uuid NOT NULL,
  role_code text NOT NULL CHECK (role_code ~ '^[A-Z][A-Z0-9_]{1,63}$'),
  organisation_id uuid NOT NULL,
  office_id uuid,
  jurisdiction_id uuid NOT NULL,
  service_scope_id uuid,
  claimed_principal_id uuid,
  verification_result text CHECK (verification_result IS NULL OR verification_result IN (
    'VERIFIED', 'NOT_VERIFIED', 'INCONCLUSIVE', 'DEFICIENCY_NOTED'
  )),
  statutory_effect boolean NOT NULL DEFAULT false CHECK (statutory_effect = false),
  authz_decision_id uuid NOT NULL,
  policy_revision text NOT NULL CHECK (char_length(policy_revision) BETWEEN 1 AND 128),
  idempotency_key text NOT NULL CHECK (idempotency_key ~ '^[A-Za-z0-9_.:-]{8,128}$'),
  correlation_id uuid NOT NULL,
  occurred_at timestamptz NOT NULL DEFAULT now(),
  PRIMARY KEY (tenant_id, history_id),
  UNIQUE (tenant_id, inspection_id, seq),
  FOREIGN KEY (tenant_id, inspection_id) REFERENCES sf_inspection.inspection (tenant_id, inspection_id)
);
ALTER TABLE sf_inspection.inspection_history ENABLE ROW LEVEL SECURITY;
ALTER TABLE sf_inspection.inspection_history FORCE ROW LEVEL SECURITY;
CREATE POLICY inspection_history_isolation ON sf_inspection.inspection_history TO sf_app
  USING (tenant_id = sf_platform.current_tenant_id())
  WITH CHECK (tenant_id = sf_platform.current_tenant_id());
ALTER TABLE sf_inspection.inspection_history OWNER TO sf_migrator;

-- sf:isolation sf_inspection.checklist_item TENANT_SCOPED owner=CMP-018
CREATE TABLE sf_inspection.checklist_item (
  tenant_id uuid NOT NULL,
  item_id uuid NOT NULL,
  inspection_id uuid NOT NULL,
  item_code text NOT NULL CHECK (item_code ~ '^[A-Z][A-Z0-9_]{1,63}$'),
  required boolean NOT NULL DEFAULT true,
  item_state text NOT NULL CHECK (item_state IN ('PENDING', 'SATISFIED', 'NOT_SATISFIED', 'NOT_APPLICABLE')),
  created_at timestamptz NOT NULL DEFAULT now(),
  updated_at timestamptz NOT NULL DEFAULT now(),
  PRIMARY KEY (tenant_id, item_id),
  UNIQUE (tenant_id, inspection_id, item_code),
  FOREIGN KEY (tenant_id, inspection_id) REFERENCES sf_inspection.inspection (tenant_id, inspection_id)
);
ALTER TABLE sf_inspection.checklist_item ENABLE ROW LEVEL SECURITY;
ALTER TABLE sf_inspection.checklist_item FORCE ROW LEVEL SECURITY;
CREATE POLICY checklist_item_isolation ON sf_inspection.checklist_item TO sf_app
  USING (tenant_id = sf_platform.current_tenant_id())
  WITH CHECK (tenant_id = sf_platform.current_tenant_id());
ALTER TABLE sf_inspection.checklist_item OWNER TO sf_migrator;

-- sf:isolation sf_inspection.observation TENANT_SCOPED owner=CMP-018
CREATE TABLE sf_inspection.observation (
  tenant_id uuid NOT NULL,
  observation_id uuid NOT NULL,
  inspection_id uuid NOT NULL,
  item_code text NOT NULL CHECK (item_code ~ '^[A-Z][A-Z0-9_]{1,63}$'),
  note_ref text NOT NULL CHECK (note_ref ~ '^[A-Za-z0-9_.:/-]{1,200}$'),
  geo_ref text CHECK (geo_ref IS NULL OR geo_ref ~ '^[A-Za-z0-9_.:/-]{1,200}$'),
  captured_at timestamptz NOT NULL,
  actor_id uuid NOT NULL,
  created_at timestamptz NOT NULL DEFAULT now(),
  PRIMARY KEY (tenant_id, observation_id),
  FOREIGN KEY (tenant_id, inspection_id) REFERENCES sf_inspection.inspection (tenant_id, inspection_id)
);
ALTER TABLE sf_inspection.observation ENABLE ROW LEVEL SECURITY;
ALTER TABLE sf_inspection.observation FORCE ROW LEVEL SECURITY;
CREATE POLICY observation_isolation ON sf_inspection.observation TO sf_app
  USING (tenant_id = sf_platform.current_tenant_id())
  WITH CHECK (tenant_id = sf_platform.current_tenant_id());
ALTER TABLE sf_inspection.observation OWNER TO sf_migrator;

-- sf:isolation sf_inspection.evidence_ref TENANT_SCOPED owner=CMP-018
CREATE TABLE sf_inspection.evidence_ref (
  tenant_id uuid NOT NULL,
  evidence_ref_id uuid NOT NULL,
  inspection_id uuid NOT NULL,
  evidence_id uuid,
  document_id uuid,
  ocr_job_id uuid,
  technical_acceptance text NOT NULL CHECK (technical_acceptance IN (
    'PENDING', 'ACCEPTED', 'REJECTED_TECHNICAL'
  )),
  simulation_marker jsonb,
  created_at timestamptz NOT NULL DEFAULT now(),
  PRIMARY KEY (tenant_id, evidence_ref_id),
  CHECK (evidence_id IS NOT NULL OR document_id IS NOT NULL),
  FOREIGN KEY (tenant_id, inspection_id) REFERENCES sf_inspection.inspection (tenant_id, inspection_id)
);
ALTER TABLE sf_inspection.evidence_ref ENABLE ROW LEVEL SECURITY;
ALTER TABLE sf_inspection.evidence_ref FORCE ROW LEVEL SECURITY;
CREATE POLICY evidence_ref_isolation ON sf_inspection.evidence_ref TO sf_app
  USING (tenant_id = sf_platform.current_tenant_id())
  WITH CHECK (tenant_id = sf_platform.current_tenant_id());
ALTER TABLE sf_inspection.evidence_ref OWNER TO sf_migrator;

-- sf:isolation sf_inspection.finding TENANT_SCOPED owner=CMP-018
CREATE TABLE sf_inspection.finding (
  tenant_id uuid NOT NULL,
  finding_id uuid NOT NULL,
  inspection_id uuid NOT NULL,
  finding_code text NOT NULL CHECK (finding_code ~ '^[A-Z][A-Z0-9_]{1,63}$'),
  severity text NOT NULL CHECK (severity IN ('INFO', 'ADVISORY', 'MATERIAL')),
  related_item_code text CHECK (related_item_code IS NULL OR related_item_code ~ '^[A-Z][A-Z0-9_]{1,63}$'),
  created_at timestamptz NOT NULL DEFAULT now(),
  PRIMARY KEY (tenant_id, finding_id),
  FOREIGN KEY (tenant_id, inspection_id) REFERENCES sf_inspection.inspection (tenant_id, inspection_id)
);
ALTER TABLE sf_inspection.finding ENABLE ROW LEVEL SECURITY;
ALTER TABLE sf_inspection.finding FORCE ROW LEVEL SECURITY;
CREATE POLICY finding_isolation ON sf_inspection.finding TO sf_app
  USING (tenant_id = sf_platform.current_tenant_id())
  WITH CHECK (tenant_id = sf_platform.current_tenant_id());
ALTER TABLE sf_inspection.finding OWNER TO sf_migrator;

-- sf:isolation sf_inspection.idempotency_record TENANT_SCOPED owner=CMP-018
CREATE TABLE sf_inspection.idempotency_record (
  tenant_id uuid NOT NULL,
  principal_id uuid NOT NULL,
  endpoint text NOT NULL,
  idempotency_key text NOT NULL,
  request_fingerprint text NOT NULL CHECK (request_fingerprint ~ '^sha256:[0-9a-f]{64}$'),
  status text NOT NULL CHECK (status IN ('IN_PROGRESS', 'COMPLETED', 'FAILED')),
  response_ref text,
  response_status integer,
  response_body jsonb,
  created_at timestamptz NOT NULL DEFAULT now(),
  expires_at timestamptz NOT NULL,
  PRIMARY KEY (tenant_id, principal_id, endpoint, idempotency_key)
);
ALTER TABLE sf_inspection.idempotency_record ENABLE ROW LEVEL SECURITY;
ALTER TABLE sf_inspection.idempotency_record FORCE ROW LEVEL SECURITY;
CREATE POLICY idempotency_record_isolation ON sf_inspection.idempotency_record TO sf_app
  USING (tenant_id = sf_platform.current_tenant_id())
  WITH CHECK (tenant_id = sf_platform.current_tenant_id());
ALTER TABLE sf_inspection.idempotency_record OWNER TO sf_migrator;

CREATE FUNCTION sf_inspection.reject_mutation()
RETURNS trigger
LANGUAGE plpgsql
SET search_path = sf_inspection, pg_temp
AS $$
BEGIN
  RAISE EXCEPTION 'append-only inspection row'
    USING ERRCODE = '42501';
END;
$$;
ALTER FUNCTION sf_inspection.reject_mutation() OWNER TO sf_migrator;

CREATE TRIGGER inspection_history_immutable
  BEFORE UPDATE OR DELETE ON sf_inspection.inspection_history
  FOR EACH ROW
  EXECUTE FUNCTION sf_inspection.reject_mutation();

CREATE TRIGGER observation_immutable
  BEFORE UPDATE OR DELETE ON sf_inspection.observation
  FOR EACH ROW
  EXECUTE FUNCTION sf_inspection.reject_mutation();

CREATE TRIGGER evidence_ref_immutable
  BEFORE UPDATE OR DELETE ON sf_inspection.evidence_ref
  FOR EACH ROW
  EXECUTE FUNCTION sf_inspection.reject_mutation();

CREATE TRIGGER finding_immutable
  BEFORE UPDATE OR DELETE ON sf_inspection.finding
  FOR EACH ROW
  EXECUTE FUNCTION sf_inspection.reject_mutation();

CREATE FUNCTION sf_inspection.guard_inspection_transition()
RETURNS trigger
LANGUAGE plpgsql
SET search_path = sf_inspection, pg_temp
AS $$
DECLARE
  assignment_changed boolean;
  schedule_set boolean;
BEGIN
  IF TG_OP = 'DELETE' THEN
    RAISE EXCEPTION 'inspections are retained' USING ERRCODE = '42501';
  END IF;
  IF TG_OP = 'INSERT' THEN
    IF NEW.inspection_state <> 'REQUESTED' THEN
      RAISE EXCEPTION 'inspection must start REQUESTED';
    END IF;
    IF NEW.verification_result IS NOT NULL THEN
      RAISE EXCEPTION 'inspection must start without a verification result';
    END IF;
    IF NEW.statutory_effect IS DISTINCT FROM false THEN
      RAISE EXCEPTION 'inspection statutory_effect must remain false';
    END IF;
    IF NEW.claimed_principal_id IS NOT NULL THEN
      RAISE EXCEPTION 'inspection must start unclaimed';
    END IF;
    RETURN NEW;
  END IF;

  IF OLD.inspection_state IN ('COMPLETED', 'CANCELLED') THEN
    RAISE EXCEPTION 'terminal inspection % is immutable', OLD.inspection_state USING ERRCODE = 'P0001';
  END IF;
  IF NEW.tenant_id IS DISTINCT FROM OLD.tenant_id
     OR NEW.inspection_id IS DISTINCT FROM OLD.inspection_id
     OR NEW.application_id IS DISTINCT FROM OLD.application_id
     OR NEW.prior_inspection_id IS DISTINCT FROM OLD.prior_inspection_id
     OR NEW.workflow_node_id IS DISTINCT FROM OLD.workflow_node_id
     OR NEW.cell_id IS DISTINCT FROM OLD.cell_id
     OR NEW.created_by IS DISTINCT FROM OLD.created_by
     OR NEW.created_at IS DISTINCT FROM OLD.created_at THEN
    RAISE EXCEPTION 'inspection identity is immutable' USING ERRCODE = '42501';
  END IF;
  IF NEW.statutory_effect IS DISTINCT FROM false THEN
    RAISE EXCEPTION 'inspection statutory_effect must remain false' USING ERRCODE = 'P0001';
  END IF;
  IF NEW.aggregate_version IS DISTINCT FROM OLD.aggregate_version + 1 THEN
    RAISE EXCEPTION 'aggregate_version must advance by exactly one' USING ERRCODE = 'P0001';
  END IF;

  assignment_changed :=
       NEW.role_code IS DISTINCT FROM OLD.role_code
    OR NEW.organisation_id IS DISTINCT FROM OLD.organisation_id
    OR NEW.office_id IS DISTINCT FROM OLD.office_id
    OR NEW.jurisdiction_id IS DISTINCT FROM OLD.jurisdiction_id
    OR NEW.service_scope_id IS DISTINCT FROM OLD.service_scope_id;

  schedule_set :=
       NEW.window_start IS DISTINCT FROM OLD.window_start
    OR NEW.window_end IS DISTINCT FROM OLD.window_end
    OR NEW.slot_ref IS DISTINCT FROM OLD.slot_ref
    OR NEW.location_ref IS DISTINCT FROM OLD.location_ref
    OR NEW.timezone_iana IS DISTINCT FROM OLD.timezone_iana;

  IF NOT (
       (OLD.inspection_state = 'REQUESTED' AND NEW.inspection_state = 'SCHEDULED'
          AND NOT assignment_changed AND schedule_set)
    OR (OLD.inspection_state IN ('REQUESTED', 'SCHEDULED') AND NEW.inspection_state = OLD.inspection_state
          AND assignment_changed
          AND NEW.claimed_principal_id IS NOT DISTINCT FROM OLD.claimed_principal_id)
    OR (OLD.inspection_state IN ('REQUESTED', 'SCHEDULED') AND NEW.inspection_state = 'IN_PROGRESS'
          AND NOT assignment_changed AND NEW.claimed_principal_id IS NOT NULL)
    OR (OLD.inspection_state = 'IN_PROGRESS' AND NEW.inspection_state = 'IN_PROGRESS'
          AND NOT assignment_changed
          AND NEW.claimed_principal_id IS NOT DISTINCT FROM OLD.claimed_principal_id)
    OR (OLD.inspection_state = 'IN_PROGRESS' AND NEW.inspection_state = 'COMPLETED'
          AND NOT assignment_changed AND NEW.verification_result IS NOT NULL)
    OR (OLD.inspection_state IN ('REQUESTED', 'SCHEDULED', 'IN_PROGRESS') AND NEW.inspection_state = 'CANCELLED'
          AND NOT assignment_changed)
  ) THEN
    RAISE EXCEPTION 'inspection transition % -> % refused', OLD.inspection_state, NEW.inspection_state
      USING ERRCODE = 'P0001';
  END IF;
  RETURN NEW;
END;
$$;
ALTER FUNCTION sf_inspection.guard_inspection_transition() OWNER TO sf_migrator;

CREATE TRIGGER inspection_transition_guard
  BEFORE INSERT OR UPDATE OR DELETE ON sf_inspection.inspection
  FOR EACH ROW
  EXECUTE FUNCTION sf_inspection.guard_inspection_transition();

REVOKE ALL ON ALL TABLES IN SCHEMA sf_inspection FROM PUBLIC;
REVOKE ALL ON ALL SEQUENCES IN SCHEMA sf_inspection FROM PUBLIC;
REVOKE ALL ON ALL FUNCTIONS IN SCHEMA sf_inspection FROM PUBLIC;

GRANT SELECT, INSERT,
  UPDATE (
    inspection_state, role_code, organisation_id, office_id, jurisdiction_id, service_scope_id,
    claimed_principal_id, claimed_at, window_start, window_end, slot_ref, location_ref,
    timezone_iana, verification_result, aggregate_version, updated_at
  )
  ON sf_inspection.inspection TO sf_cmp018_rw;
GRANT SELECT, INSERT ON sf_inspection.inspection_history TO sf_cmp018_rw;
GRANT SELECT, INSERT, UPDATE (item_state, updated_at) ON sf_inspection.checklist_item TO sf_cmp018_rw;
GRANT SELECT, INSERT ON sf_inspection.observation TO sf_cmp018_rw;
GRANT SELECT, INSERT ON sf_inspection.evidence_ref TO sf_cmp018_rw;
GRANT SELECT, INSERT ON sf_inspection.finding TO sf_cmp018_rw;
GRANT SELECT, INSERT, DELETE, UPDATE (status, response_ref, response_status, response_body)
  ON sf_inspection.idempotency_record TO sf_cmp018_rw;

GRANT EXECUTE ON FUNCTION sf_inspection.reject_mutation() TO sf_cmp018_rw;
GRANT EXECUTE ON FUNCTION sf_inspection.guard_inspection_transition() TO sf_cmp018_rw;
;
INSERT INTO "public"."sf_schema_migrations" (name, run_on) VALUES ('1759540180000_cmp-018-inspection-verification', NOW());


### MIGRATION 1759540180001_cmp-018-outbox (UP) ###
--
-- Up Migration

-- SF-CON-OUTBOX v1: normative outbox and inbox layout for every component schema.
-- Copy into the component's own migration, replacing sf_inspection with the component schema and
-- CMP-018 with its CMP id. Do not add columns or change grants without a Contract Change Request.
-- Requires db/migrations/1759490000000_shared-db-contracts.sql (sf_platform.current_tenant_id(),
-- role sf_outbox_publisher).
--
-- Rules (summary; the schema contracts/shared/schemas/outbox-record.schema.json is authoritative
-- for row content):
--  1. Producers INSERT exactly one row per event in the same transaction as the state change,
--     after validating the envelope against SF-CON-EVENT-ENVELOPE. Producers never SELECT,
--     UPDATE or DELETE outbox rows.
--  2. Envelopes with a tenant_id go to outbox_event; envelopes with tenant_id null go to
--     outbox_event_platform.
--  3. The publisher (packages/outbox, CMP-038) runs as a login role that is a member of
--     sf_outbox_publisher only. It claims PENDING rows by setting lease_owner/lease_expires_at
--     in one short transaction, publishes with no transaction open, then sets PUBLISHED (or
--     schedules a retry) in another. An expired lease makes a row claimable again, so delivery
--     is at-least-once.
--  4. For one partition_key, a row is claimable only when no row with a lower seq is PENDING or
--     DEAD_LETTERED. A DEAD_LETTERED row therefore holds its key until an operator replays or
--     discards it through an audited action.
--  5. Consumers record (consumer_group, event_id) in inbox_event or inbox_event_platform in the
--     same transaction as their own state change; a conflict means the event was already applied.
--  6. The publisher deletes PUBLISHED rows only after the topic's retention window in the CMP-038
--     topic registry.

-- sf:isolation sf_inspection.outbox_event TENANT_SCOPED owner=CMP-018
CREATE TABLE sf_inspection.outbox_event (
  seq bigint GENERATED ALWAYS AS IDENTITY PRIMARY KEY,
  event_id uuid NOT NULL UNIQUE,
  tenant_id uuid NOT NULL,
  topic text NOT NULL CHECK (topic ~ '^[a-zA-Z0-9._-]{3,249}$'),
  partition_key text NOT NULL CHECK (length(partition_key) BETWEEN 1 AND 200),
  event_type text NOT NULL,
  schema_version integer NOT NULL CHECK (schema_version >= 1),
  aggregate_type text NOT NULL,
  aggregate_id uuid NOT NULL,
  aggregate_version bigint NOT NULL CHECK (aggregate_version >= 0),
  envelope jsonb NOT NULL CHECK (octet_length(envelope::text) <= 262144),
  status text NOT NULL DEFAULT 'PENDING' CHECK (status IN ('PENDING', 'PUBLISHED', 'DEAD_LETTERED')),
  attempts integer NOT NULL DEFAULT 0 CHECK (attempts >= 0),
  next_attempt_at timestamptz NOT NULL DEFAULT now(),
  lease_owner text,
  lease_expires_at timestamptz,
  last_error_code text CHECK (last_error_code ~ '^[A-Z][A-Z0-9_]{1,63}$'),
  created_at timestamptz NOT NULL DEFAULT now(),
  published_at timestamptz,
  CHECK (envelope ->> 'event_id' = event_id::text),
  CHECK (envelope ->> 'tenant_id' = tenant_id::text),
  CHECK (envelope ->> 'aggregate_id' = aggregate_id::text),
  CHECK (envelope ->> 'event_type' = event_type)
);
CREATE INDEX outbox_event_claim_idx ON sf_inspection.outbox_event (partition_key, seq) WHERE status <> 'PUBLISHED';
CREATE INDEX outbox_event_due_idx ON sf_inspection.outbox_event (next_attempt_at) WHERE status = 'PENDING';
ALTER TABLE sf_inspection.outbox_event ENABLE ROW LEVEL SECURITY;
ALTER TABLE sf_inspection.outbox_event FORCE ROW LEVEL SECURITY;
CREATE POLICY outbox_event_tenant_insert ON sf_inspection.outbox_event FOR INSERT TO sf_app
  WITH CHECK (tenant_id = sf_platform.current_tenant_id());
CREATE POLICY outbox_event_publisher ON sf_inspection.outbox_event TO sf_outbox_publisher
  USING (true) WITH CHECK (true);
GRANT INSERT ON sf_inspection.outbox_event TO sf_app;

-- sf:isolation sf_inspection.outbox_event_platform PLATFORM_OPERATIONAL owner=CMP-018
CREATE TABLE sf_inspection.outbox_event_platform (
  seq bigint GENERATED ALWAYS AS IDENTITY PRIMARY KEY,
  event_id uuid NOT NULL UNIQUE,
  topic text NOT NULL CHECK (topic ~ '^[a-zA-Z0-9._-]{3,249}$'),
  partition_key text NOT NULL CHECK (length(partition_key) BETWEEN 1 AND 200),
  event_type text NOT NULL,
  schema_version integer NOT NULL CHECK (schema_version >= 1),
  aggregate_type text NOT NULL,
  aggregate_id uuid NOT NULL,
  aggregate_version bigint NOT NULL CHECK (aggregate_version >= 0),
  envelope jsonb NOT NULL CHECK (octet_length(envelope::text) <= 262144),
  status text NOT NULL DEFAULT 'PENDING' CHECK (status IN ('PENDING', 'PUBLISHED', 'DEAD_LETTERED')),
  attempts integer NOT NULL DEFAULT 0 CHECK (attempts >= 0),
  next_attempt_at timestamptz NOT NULL DEFAULT now(),
  lease_owner text,
  lease_expires_at timestamptz,
  last_error_code text CHECK (last_error_code ~ '^[A-Z][A-Z0-9_]{1,63}$'),
  created_at timestamptz NOT NULL DEFAULT now(),
  published_at timestamptz,
  CHECK (envelope ->> 'event_id' = event_id::text),
  CHECK (jsonb_typeof(envelope -> 'tenant_id') = 'null'),
  CHECK (envelope ->> 'aggregate_id' = aggregate_id::text),
  CHECK (envelope ->> 'event_type' = event_type)
);
CREATE INDEX outbox_event_platform_claim_idx ON sf_inspection.outbox_event_platform (partition_key, seq) WHERE status <> 'PUBLISHED';
CREATE INDEX outbox_event_platform_due_idx ON sf_inspection.outbox_event_platform (next_attempt_at) WHERE status = 'PENDING';
GRANT INSERT ON sf_inspection.outbox_event_platform TO sf_app;

GRANT USAGE ON SCHEMA sf_inspection TO sf_outbox_publisher;
GRANT SELECT, DELETE ON sf_inspection.outbox_event, sf_inspection.outbox_event_platform TO sf_outbox_publisher;
GRANT UPDATE (status, attempts, next_attempt_at, lease_owner, lease_expires_at, last_error_code, published_at)
  ON sf_inspection.outbox_event, sf_inspection.outbox_event_platform TO sf_outbox_publisher;

-- sf:isolation sf_inspection.inbox_event TENANT_SCOPED owner=CMP-018
CREATE TABLE sf_inspection.inbox_event (
  consumer_group text NOT NULL CHECK (consumer_group ~ '^[a-z0-9][a-z0-9._-]{0,99}$'),
  event_id uuid NOT NULL,
  tenant_id uuid NOT NULL,
  processed_at timestamptz NOT NULL DEFAULT now(),
  PRIMARY KEY (consumer_group, event_id)
);
ALTER TABLE sf_inspection.inbox_event ENABLE ROW LEVEL SECURITY;
ALTER TABLE sf_inspection.inbox_event FORCE ROW LEVEL SECURITY;
CREATE POLICY inbox_event_tenant ON sf_inspection.inbox_event TO sf_app
  USING (tenant_id = sf_platform.current_tenant_id())
  WITH CHECK (tenant_id = sf_platform.current_tenant_id());
GRANT SELECT, INSERT ON sf_inspection.inbox_event TO sf_app;

-- sf:isolation sf_inspection.inbox_event_platform PLATFORM_OPERATIONAL owner=CMP-018
CREATE TABLE sf_inspection.inbox_event_platform (
  consumer_group text NOT NULL CHECK (consumer_group ~ '^[a-z0-9][a-z0-9._-]{0,99}$'),
  event_id uuid NOT NULL,
  processed_at timestamptz NOT NULL DEFAULT now(),
  PRIMARY KEY (consumer_group, event_id)
);
GRANT SELECT, INSERT ON sf_inspection.inbox_event_platform TO sf_app;

-- Identity sequences are required for the frozen template GRANT INSERT … TO sf_app.
-- Table grants in the template body above are unchanged (ADR-0006 condition 9).
GRANT USAGE, SELECT ON ALL SEQUENCES IN SCHEMA sf_inspection TO sf_app;
REVOKE ALL ON ALL SEQUENCES IN SCHEMA sf_inspection FROM PUBLIC;
ALTER TABLE sf_inspection.outbox_event OWNER TO sf_migrator;
ALTER TABLE sf_inspection.outbox_event_platform OWNER TO sf_migrator;
ALTER TABLE sf_inspection.inbox_event OWNER TO sf_migrator;
ALTER TABLE sf_inspection.inbox_event_platform OWNER TO sf_migrator;
;
INSERT INTO "public"."sf_schema_migrations" (name, run_on) VALUES ('1759540180001_cmp-018-outbox', NOW());


### MIGRATION 1759540280000_cmp-028-appeal-review (UP) ###
--
-- Up Migration

DO $$
BEGIN
  IF NOT EXISTS (SELECT 1 FROM pg_roles WHERE rolname = 'sf_migrator') THEN
    CREATE ROLE sf_migrator NOLOGIN NOSUPERUSER NOCREATEDB NOCREATEROLE NOINHERIT NOBYPASSRLS;
  END IF;
END
$$;

DO $$
BEGIN
  IF NOT EXISTS (SELECT 1 FROM pg_roles WHERE rolname = 'sf_cmp028_rw') THEN
    CREATE ROLE sf_cmp028_rw NOLOGIN NOSUPERUSER NOCREATEDB NOCREATEROLE NOINHERIT NOBYPASSRLS;
  END IF;
END
$$;
COMMENT ON ROLE sf_cmp028_rw IS
  'ADR-0006: CMP-028 privilege role. NOLOGIN. Runtime logins inherit sf_app + this role only.';

CREATE SCHEMA sf_appeal AUTHORIZATION sf_migrator;
COMMENT ON SCHEMA sf_appeal IS
  'isolation_class=TENANT_SCOPED; owner=CMP-028; appeal filing, admissibility, review and decision references';

REVOKE ALL ON SCHEMA sf_appeal FROM PUBLIC;
GRANT USAGE ON SCHEMA sf_appeal TO sf_cmp028_rw;
GRANT USAGE ON SCHEMA sf_appeal TO sf_app;

ALTER DEFAULT PRIVILEGES FOR ROLE sf_migrator IN SCHEMA sf_appeal REVOKE ALL ON TABLES FROM PUBLIC;
ALTER DEFAULT PRIVILEGES FOR ROLE sf_migrator IN SCHEMA sf_appeal REVOKE ALL ON SEQUENCES FROM PUBLIC;
ALTER DEFAULT PRIVILEGES FOR ROLE sf_migrator IN SCHEMA sf_appeal REVOKE ALL ON FUNCTIONS FROM PUBLIC;

GRANT USAGE ON SCHEMA sf_platform TO sf_migrator;

-- sf:isolation sf_appeal.appeal TENANT_SCOPED owner=CMP-028
CREATE TABLE sf_appeal.appeal (
  tenant_id uuid NOT NULL,
  appeal_id uuid NOT NULL,
  original_application_id uuid NOT NULL,
  original_case_id uuid,
  original_decision_id uuid,
  cell_id text NOT NULL CHECK (cell_id ~ '^cell-[a-z0-9-]{1,40}$'),
  appeal_state text NOT NULL CHECK (appeal_state IN (
    'FILED', 'ADMITTED', 'NOT_ADMITTED', 'IN_REVIEW',
    'DECISION_REFERENCED', 'WITHDRAWN', 'CANCELLED'
  )),
  grounds_code text NOT NULL CHECK (grounds_code ~ '^[A-Z][A-Z0-9_]{1,63}$'),
  evidence_refs uuid[] NOT NULL DEFAULT ARRAY[]::uuid[],
  admissibility_code text NOT NULL CHECK (admissibility_code IN ('PENDING', 'ADMITTED', 'NOT_ADMITTED')),
  admissibility_reason_code text CHECK (
    admissibility_reason_code IS NULL OR admissibility_reason_code ~ '^[A-Z][A-Z0-9_]{1,63}$'
  ),
  role_code text NOT NULL CHECK (role_code ~ '^[A-Z][A-Z0-9_]{1,63}$'),
  organisation_id uuid NOT NULL,
  office_id uuid,
  jurisdiction_id uuid NOT NULL,
  service_scope_id uuid,
  workflow_instance_id uuid,
  workflow_version_id uuid,
  hearing_ref uuid,
  review_ref uuid,
  decision_ref uuid,
  original_case_command_ref uuid,
  created_by uuid NOT NULL,
  correlation_id uuid NOT NULL,
  aggregate_version bigint NOT NULL DEFAULT 1 CHECK (aggregate_version >= 1),
  created_at timestamptz NOT NULL DEFAULT now(),
  updated_at timestamptz NOT NULL DEFAULT now(),
  PRIMARY KEY (tenant_id, appeal_id),
  CHECK (appeal_state <> 'FILED' OR admissibility_code = 'PENDING'),
  CHECK (appeal_state <> 'ADMITTED' OR admissibility_code = 'ADMITTED'),
  CHECK (appeal_state <> 'NOT_ADMITTED' OR admissibility_code = 'NOT_ADMITTED'),
  CHECK (
    appeal_state NOT IN ('IN_REVIEW', 'DECISION_REFERENCED')
    OR admissibility_code = 'ADMITTED'
  ),
  CHECK (appeal_state <> 'DECISION_REFERENCED' OR decision_ref IS NOT NULL)
);
CREATE INDEX appeal_original_application_idx
  ON sf_appeal.appeal (tenant_id, original_application_id);
CREATE INDEX appeal_state_idx ON sf_appeal.appeal (tenant_id, appeal_state);
ALTER TABLE sf_appeal.appeal ENABLE ROW LEVEL SECURITY;
ALTER TABLE sf_appeal.appeal FORCE ROW LEVEL SECURITY;
CREATE POLICY appeal_isolation ON sf_appeal.appeal TO sf_app
  USING (tenant_id = sf_platform.current_tenant_id())
  WITH CHECK (tenant_id = sf_platform.current_tenant_id());
ALTER TABLE sf_appeal.appeal OWNER TO sf_migrator;

-- sf:isolation sf_appeal.appeal_history TENANT_SCOPED owner=CMP-028
CREATE TABLE sf_appeal.appeal_history (
  tenant_id uuid NOT NULL,
  history_id uuid NOT NULL,
  appeal_id uuid NOT NULL,
  seq integer NOT NULL CHECK (seq >= 1),
  operation text NOT NULL CHECK (operation IN (
    'FILE', 'RECORD_ADMISSIBILITY', 'ASSIGN', 'REASSIGN', 'RECORD_REVIEW',
    'RECORD_HEARING', 'RECORD_DECISION', 'WITHDRAW', 'CANCEL', 'LINK_WORKFLOW'
  )),
  from_state text CHECK (from_state IS NULL OR from_state IN (
    'FILED', 'ADMITTED', 'NOT_ADMITTED', 'IN_REVIEW',
    'DECISION_REFERENCED', 'WITHDRAWN', 'CANCELLED'
  )),
  to_state text NOT NULL CHECK (to_state IN (
    'FILED', 'ADMITTED', 'NOT_ADMITTED', 'IN_REVIEW',
    'DECISION_REFERENCED', 'WITHDRAWN', 'CANCELLED'
  )),
  actor_type text NOT NULL CHECK (actor_type IN (
    'CITIZEN', 'OFFICER', 'SYSTEM', 'INTEGRATION', 'PRIVILEGED_ADMIN'
  )),
  actor_id uuid NOT NULL,
  role_code text NOT NULL CHECK (role_code ~ '^[A-Z][A-Z0-9_]{1,63}$'),
  organisation_id uuid NOT NULL,
  office_id uuid,
  jurisdiction_id uuid NOT NULL,
  service_scope_id uuid,
  admissibility_code text CHECK (admissibility_code IN ('PENDING', 'ADMITTED', 'NOT_ADMITTED')),
  review_ref uuid,
  hearing_ref uuid,
  decision_ref uuid,
  authz_decision_id uuid NOT NULL,
  policy_revision text NOT NULL CHECK (char_length(policy_revision) BETWEEN 1 AND 128),
  idempotency_key text NOT NULL CHECK (idempotency_key ~ '^[A-Za-z0-9_.:-]{8,128}$'),
  correlation_id uuid NOT NULL,
  occurred_at timestamptz NOT NULL DEFAULT now(),
  PRIMARY KEY (tenant_id, history_id),
  UNIQUE (tenant_id, appeal_id, seq),
  FOREIGN KEY (tenant_id, appeal_id) REFERENCES sf_appeal.appeal (tenant_id, appeal_id)
);
ALTER TABLE sf_appeal.appeal_history ENABLE ROW LEVEL SECURITY;
ALTER TABLE sf_appeal.appeal_history FORCE ROW LEVEL SECURITY;
CREATE POLICY appeal_history_isolation ON sf_appeal.appeal_history TO sf_app
  USING (tenant_id = sf_platform.current_tenant_id())
  WITH CHECK (tenant_id = sf_platform.current_tenant_id());
ALTER TABLE sf_appeal.appeal_history OWNER TO sf_migrator;

-- sf:isolation sf_appeal.assist_note TENANT_SCOPED owner=CMP-028
CREATE TABLE sf_appeal.assist_note (
  tenant_id uuid NOT NULL,
  note_id uuid NOT NULL,
  appeal_id uuid NOT NULL,
  note_kind text NOT NULL CHECK (note_kind IN ('SUMMARY', 'RETRIEVAL', 'DRAFT_NOTE', 'CHECKLIST')),
  content_ref text NOT NULL CHECK (char_length(content_ref) BETWEEN 8 AND 200),
  created_by uuid NOT NULL,
  correlation_id uuid NOT NULL,
  created_at timestamptz NOT NULL DEFAULT now(),
  PRIMARY KEY (tenant_id, note_id),
  FOREIGN KEY (tenant_id, appeal_id) REFERENCES sf_appeal.appeal (tenant_id, appeal_id)
);
ALTER TABLE sf_appeal.assist_note ENABLE ROW LEVEL SECURITY;
ALTER TABLE sf_appeal.assist_note FORCE ROW LEVEL SECURITY;
CREATE POLICY assist_note_isolation ON sf_appeal.assist_note TO sf_app
  USING (tenant_id = sf_platform.current_tenant_id())
  WITH CHECK (tenant_id = sf_platform.current_tenant_id());
ALTER TABLE sf_appeal.assist_note OWNER TO sf_migrator;

-- sf:isolation sf_appeal.idempotency_record TENANT_SCOPED owner=CMP-028
CREATE TABLE sf_appeal.idempotency_record (
  tenant_id uuid NOT NULL,
  principal_id uuid NOT NULL,
  endpoint text NOT NULL,
  idempotency_key text NOT NULL,
  request_fingerprint text NOT NULL CHECK (request_fingerprint ~ '^sha256:[0-9a-f]{64}$'),
  status text NOT NULL CHECK (status IN ('IN_PROGRESS', 'COMPLETED', 'FAILED')),
  response_ref text,
  response_status integer,
  response_body jsonb,
  created_at timestamptz NOT NULL DEFAULT now(),
  expires_at timestamptz NOT NULL,
  PRIMARY KEY (tenant_id, principal_id, endpoint, idempotency_key)
);
ALTER TABLE sf_appeal.idempotency_record ENABLE ROW LEVEL SECURITY;
ALTER TABLE sf_appeal.idempotency_record FORCE ROW LEVEL SECURITY;
CREATE POLICY idempotency_record_isolation ON sf_appeal.idempotency_record TO sf_app
  USING (tenant_id = sf_platform.current_tenant_id())
  WITH CHECK (tenant_id = sf_platform.current_tenant_id());
ALTER TABLE sf_appeal.idempotency_record OWNER TO sf_migrator;

CREATE FUNCTION sf_appeal.reject_mutation()
RETURNS trigger
LANGUAGE plpgsql
SET search_path = sf_appeal, pg_temp
AS $$
BEGIN
  RAISE EXCEPTION 'insert-only appeal history or assist note'
    USING ERRCODE = '42501';
END;
$$;
ALTER FUNCTION sf_appeal.reject_mutation() OWNER TO sf_migrator;

CREATE TRIGGER appeal_history_immutable
  BEFORE UPDATE OR DELETE ON sf_appeal.appeal_history
  FOR EACH ROW
  EXECUTE FUNCTION sf_appeal.reject_mutation();

CREATE TRIGGER assist_note_immutable
  BEFORE UPDATE OR DELETE ON sf_appeal.assist_note
  FOR EACH ROW
  EXECUTE FUNCTION sf_appeal.reject_mutation();

CREATE FUNCTION sf_appeal.guard_appeal_transition()
RETURNS trigger
LANGUAGE plpgsql
SET search_path = sf_appeal, pg_temp
AS $$
DECLARE
  authority_changed boolean;
BEGIN
  IF TG_OP = 'DELETE' THEN
    RAISE EXCEPTION 'appeals are retained' USING ERRCODE = '42501';
  END IF;
  IF TG_OP = 'INSERT' THEN
    IF NEW.appeal_state <> 'FILED' OR NEW.admissibility_code <> 'PENDING' THEN
      RAISE EXCEPTION 'appeal must start FILED with PENDING admissibility';
    END IF;
    RETURN NEW;
  END IF;

  IF OLD.appeal_state IN ('NOT_ADMITTED', 'DECISION_REFERENCED', 'WITHDRAWN', 'CANCELLED') THEN
    RAISE EXCEPTION 'terminal appeal % is immutable', OLD.appeal_state USING ERRCODE = 'P0001';
  END IF;
  IF NEW.tenant_id IS DISTINCT FROM OLD.tenant_id
     OR NEW.appeal_id IS DISTINCT FROM OLD.appeal_id
     OR NEW.original_application_id IS DISTINCT FROM OLD.original_application_id
     OR NEW.cell_id IS DISTINCT FROM OLD.cell_id
     OR NEW.created_by IS DISTINCT FROM OLD.created_by
     OR NEW.created_at IS DISTINCT FROM OLD.created_at
     OR NEW.grounds_code IS DISTINCT FROM OLD.grounds_code THEN
    RAISE EXCEPTION 'appeal identity is immutable' USING ERRCODE = '42501';
  END IF;
  IF NEW.aggregate_version IS DISTINCT FROM OLD.aggregate_version + 1 THEN
    RAISE EXCEPTION 'aggregate_version must advance by exactly one' USING ERRCODE = 'P0001';
  END IF;

  authority_changed :=
       NEW.role_code IS DISTINCT FROM OLD.role_code
    OR NEW.organisation_id IS DISTINCT FROM OLD.organisation_id
    OR NEW.office_id IS DISTINCT FROM OLD.office_id
    OR NEW.jurisdiction_id IS DISTINCT FROM OLD.jurisdiction_id
    OR NEW.service_scope_id IS DISTINCT FROM OLD.service_scope_id;

  IF NOT (
       (OLD.appeal_state = 'FILED' AND NEW.appeal_state = 'ADMITTED'
          AND NEW.admissibility_code = 'ADMITTED' AND NOT authority_changed)
    OR (OLD.appeal_state = 'FILED' AND NEW.appeal_state = 'NOT_ADMITTED'
          AND NEW.admissibility_code = 'NOT_ADMITTED' AND NOT authority_changed)
    OR (OLD.appeal_state IN ('ADMITTED', 'IN_REVIEW') AND NEW.appeal_state = 'IN_REVIEW'
          AND NEW.admissibility_code = 'ADMITTED')
    OR (OLD.appeal_state = 'IN_REVIEW' AND NEW.appeal_state = 'DECISION_REFERENCED'
          AND NEW.decision_ref IS NOT NULL AND NEW.admissibility_code = 'ADMITTED'
          AND NOT authority_changed)
    OR (OLD.appeal_state IN ('FILED', 'ADMITTED', 'IN_REVIEW')
          AND NEW.appeal_state IN ('WITHDRAWN', 'CANCELLED')
          AND NOT authority_changed)
    OR (OLD.appeal_state = NEW.appeal_state
          AND OLD.appeal_state IN ('FILED', 'ADMITTED', 'IN_REVIEW')
          AND NOT authority_changed
          AND (
            NEW.workflow_instance_id IS DISTINCT FROM OLD.workflow_instance_id
            OR NEW.workflow_version_id IS DISTINCT FROM OLD.workflow_version_id
            OR NEW.hearing_ref IS DISTINCT FROM OLD.hearing_ref
            OR NEW.review_ref IS DISTINCT FROM OLD.review_ref
            OR NEW.original_case_command_ref IS DISTINCT FROM OLD.original_case_command_ref
          ))
  ) THEN
    RAISE EXCEPTION 'appeal transition % -> % refused', OLD.appeal_state, NEW.appeal_state
      USING ERRCODE = 'P0001';
  END IF;
  RETURN NEW;
END;
$$;
ALTER FUNCTION sf_appeal.guard_appeal_transition() OWNER TO sf_migrator;

CREATE TRIGGER appeal_transition_guard
  BEFORE INSERT OR UPDATE OR DELETE ON sf_appeal.appeal
  FOR EACH ROW
  EXECUTE FUNCTION sf_appeal.guard_appeal_transition();

REVOKE ALL ON ALL TABLES IN SCHEMA sf_appeal FROM PUBLIC;
REVOKE ALL ON ALL SEQUENCES IN SCHEMA sf_appeal FROM PUBLIC;
REVOKE ALL ON ALL FUNCTIONS IN SCHEMA sf_appeal FROM PUBLIC;

GRANT SELECT, INSERT,
  UPDATE (
    appeal_state, admissibility_code, admissibility_reason_code,
    role_code, organisation_id, office_id, jurisdiction_id, service_scope_id,
    workflow_instance_id, workflow_version_id, hearing_ref, review_ref, decision_ref,
    original_case_command_ref, evidence_refs, original_case_id, original_decision_id,
    aggregate_version, updated_at
  )
  ON sf_appeal.appeal TO sf_cmp028_rw;
GRANT SELECT, INSERT ON sf_appeal.appeal_history TO sf_cmp028_rw;
GRANT SELECT, INSERT ON sf_appeal.assist_note TO sf_cmp028_rw;
GRANT SELECT, INSERT, DELETE, UPDATE (status, response_ref, response_status, response_body)
  ON sf_appeal.idempotency_record TO sf_cmp028_rw;

GRANT EXECUTE ON FUNCTION sf_appeal.reject_mutation() TO sf_cmp028_rw;
GRANT EXECUTE ON FUNCTION sf_appeal.guard_appeal_transition() TO sf_cmp028_rw;
;
INSERT INTO "public"."sf_schema_migrations" (name, run_on) VALUES ('1759540280000_cmp-028-appeal-review', NOW());


### MIGRATION 1759540280001_cmp-028-outbox (UP) ###
--
-- Up Migration

-- SF-CON-OUTBOX v1: normative outbox and inbox layout for every component schema.
-- Copy into the component's own migration, replacing sf_appeal with the component schema and
-- CMP-028 with its CMP id. Do not add columns or change grants without a Contract Change Request.
-- Requires db/migrations/1759490000000_shared-db-contracts.sql (sf_platform.current_tenant_id(),
-- role sf_outbox_publisher).
--
-- Rules (summary; the schema contracts/shared/schemas/outbox-record.schema.json is authoritative
-- for row content):
--  1. Producers INSERT exactly one row per event in the same transaction as the state change,
--     after validating the envelope against SF-CON-EVENT-ENVELOPE. Producers never SELECT,
--     UPDATE or DELETE outbox rows.
--  2. Envelopes with a tenant_id go to outbox_event; envelopes with tenant_id null go to
--     outbox_event_platform.
--  3. The publisher (packages/outbox, CMP-038) runs as a login role that is a member of
--     sf_outbox_publisher only. It claims PENDING rows by setting lease_owner/lease_expires_at
--     in one short transaction, publishes with no transaction open, then sets PUBLISHED (or
--     schedules a retry) in another. An expired lease makes a row claimable again, so delivery
--     is at-least-once.
--  4. For one partition_key, a row is claimable only when no row with a lower seq is PENDING or
--     DEAD_LETTERED. A DEAD_LETTERED row therefore holds its key until an operator replays or
--     discards it through an audited action.
--  5. Consumers record (consumer_group, event_id) in inbox_event or inbox_event_platform in the
--     same transaction as their own state change; a conflict means the event was already applied.
--  6. The publisher deletes PUBLISHED rows only after the topic's retention window in the CMP-038
--     topic registry.

-- sf:isolation sf_appeal.outbox_event TENANT_SCOPED owner=CMP-028
CREATE TABLE sf_appeal.outbox_event (
  seq bigint GENERATED ALWAYS AS IDENTITY PRIMARY KEY,
  event_id uuid NOT NULL UNIQUE,
  tenant_id uuid NOT NULL,
  topic text NOT NULL CHECK (topic ~ '^[a-zA-Z0-9._-]{3,249}$'),
  partition_key text NOT NULL CHECK (length(partition_key) BETWEEN 1 AND 200),
  event_type text NOT NULL,
  schema_version integer NOT NULL CHECK (schema_version >= 1),
  aggregate_type text NOT NULL,
  aggregate_id uuid NOT NULL,
  aggregate_version bigint NOT NULL CHECK (aggregate_version >= 0),
  envelope jsonb NOT NULL CHECK (octet_length(envelope::text) <= 262144),
  status text NOT NULL DEFAULT 'PENDING' CHECK (status IN ('PENDING', 'PUBLISHED', 'DEAD_LETTERED')),
  attempts integer NOT NULL DEFAULT 0 CHECK (attempts >= 0),
  next_attempt_at timestamptz NOT NULL DEFAULT now(),
  lease_owner text,
  lease_expires_at timestamptz,
  last_error_code text CHECK (last_error_code ~ '^[A-Z][A-Z0-9_]{1,63}$'),
  created_at timestamptz NOT NULL DEFAULT now(),
  published_at timestamptz,
  CHECK (envelope ->> 'event_id' = event_id::text),
  CHECK (envelope ->> 'tenant_id' = tenant_id::text),
  CHECK (envelope ->> 'aggregate_id' = aggregate_id::text),
  CHECK (envelope ->> 'event_type' = event_type)
);
CREATE INDEX outbox_event_claim_idx ON sf_appeal.outbox_event (partition_key, seq) WHERE status <> 'PUBLISHED';
CREATE INDEX outbox_event_due_idx ON sf_appeal.outbox_event (next_attempt_at) WHERE status = 'PENDING';
ALTER TABLE sf_appeal.outbox_event ENABLE ROW LEVEL SECURITY;
ALTER TABLE sf_appeal.outbox_event FORCE ROW LEVEL SECURITY;
CREATE POLICY outbox_event_tenant_insert ON sf_appeal.outbox_event FOR INSERT TO sf_app
  WITH CHECK (tenant_id = sf_platform.current_tenant_id());
CREATE POLICY outbox_event_publisher ON sf_appeal.outbox_event TO sf_outbox_publisher
  USING (true) WITH CHECK (true);
GRANT INSERT ON sf_appeal.outbox_event TO sf_app;

-- sf:isolation sf_appeal.outbox_event_platform PLATFORM_OPERATIONAL owner=CMP-028
CREATE TABLE sf_appeal.outbox_event_platform (
  seq bigint GENERATED ALWAYS AS IDENTITY PRIMARY KEY,
  event_id uuid NOT NULL UNIQUE,
  topic text NOT NULL CHECK (topic ~ '^[a-zA-Z0-9._-]{3,249}$'),
  partition_key text NOT NULL CHECK (length(partition_key) BETWEEN 1 AND 200),
  event_type text NOT NULL,
  schema_version integer NOT NULL CHECK (schema_version >= 1),
  aggregate_type text NOT NULL,
  aggregate_id uuid NOT NULL,
  aggregate_version bigint NOT NULL CHECK (aggregate_version >= 0),
  envelope jsonb NOT NULL CHECK (octet_length(envelope::text) <= 262144),
  status text NOT NULL DEFAULT 'PENDING' CHECK (status IN ('PENDING', 'PUBLISHED', 'DEAD_LETTERED')),
  attempts integer NOT NULL DEFAULT 0 CHECK (attempts >= 0),
  next_attempt_at timestamptz NOT NULL DEFAULT now(),
  lease_owner text,
  lease_expires_at timestamptz,
  last_error_code text CHECK (last_error_code ~ '^[A-Z][A-Z0-9_]{1,63}$'),
  created_at timestamptz NOT NULL DEFAULT now(),
  published_at timestamptz,
  CHECK (envelope ->> 'event_id' = event_id::text),
  CHECK (jsonb_typeof(envelope -> 'tenant_id') = 'null'),
  CHECK (envelope ->> 'aggregate_id' = aggregate_id::text),
  CHECK (envelope ->> 'event_type' = event_type)
);
CREATE INDEX outbox_event_platform_claim_idx ON sf_appeal.outbox_event_platform (partition_key, seq) WHERE status <> 'PUBLISHED';
CREATE INDEX outbox_event_platform_due_idx ON sf_appeal.outbox_event_platform (next_attempt_at) WHERE status = 'PENDING';
GRANT INSERT ON sf_appeal.outbox_event_platform TO sf_app;

GRANT USAGE ON SCHEMA sf_appeal TO sf_outbox_publisher;
GRANT SELECT, DELETE ON sf_appeal.outbox_event, sf_appeal.outbox_event_platform TO sf_outbox_publisher;
GRANT UPDATE (status, attempts, next_attempt_at, lease_owner, lease_expires_at, last_error_code, published_at)
  ON sf_appeal.outbox_event, sf_appeal.outbox_event_platform TO sf_outbox_publisher;

-- sf:isolation sf_appeal.inbox_event TENANT_SCOPED owner=CMP-028
CREATE TABLE sf_appeal.inbox_event (
  consumer_group text NOT NULL CHECK (consumer_group ~ '^[a-z0-9][a-z0-9._-]{0,99}$'),
  event_id uuid NOT NULL,
  tenant_id uuid NOT NULL,
  processed_at timestamptz NOT NULL DEFAULT now(),
  PRIMARY KEY (consumer_group, event_id)
);
ALTER TABLE sf_appeal.inbox_event ENABLE ROW LEVEL SECURITY;
ALTER TABLE sf_appeal.inbox_event FORCE ROW LEVEL SECURITY;
CREATE POLICY inbox_event_tenant ON sf_appeal.inbox_event TO sf_app
  USING (tenant_id = sf_platform.current_tenant_id())
  WITH CHECK (tenant_id = sf_platform.current_tenant_id());
GRANT SELECT, INSERT ON sf_appeal.inbox_event TO sf_app;

-- sf:isolation sf_appeal.inbox_event_platform PLATFORM_OPERATIONAL owner=CMP-028
CREATE TABLE sf_appeal.inbox_event_platform (
  consumer_group text NOT NULL CHECK (consumer_group ~ '^[a-z0-9][a-z0-9._-]{0,99}$'),
  event_id uuid NOT NULL,
  processed_at timestamptz NOT NULL DEFAULT now(),
  PRIMARY KEY (consumer_group, event_id)
);
GRANT SELECT, INSERT ON sf_appeal.inbox_event_platform TO sf_app;

-- Identity sequences are required for the frozen template GRANT INSERT … TO sf_app.
-- Table grants in the template body above are unchanged (ADR-0006 condition 9).
GRANT USAGE, SELECT ON ALL SEQUENCES IN SCHEMA sf_appeal TO sf_app;
REVOKE ALL ON ALL SEQUENCES IN SCHEMA sf_appeal FROM PUBLIC;
ALTER TABLE sf_appeal.outbox_event OWNER TO sf_migrator;
ALTER TABLE sf_appeal.outbox_event_platform OWNER TO sf_migrator;
ALTER TABLE sf_appeal.inbox_event OWNER TO sf_migrator;
ALTER TABLE sf_appeal.inbox_event_platform OWNER TO sf_migrator;
;
INSERT INTO "public"."sf_schema_migrations" (name, run_on) VALUES ('1759540280001_cmp-028-outbox', NOW());


### MIGRATION 1759540400000_cmp-029-sla-escalation (UP) ###
--
-- Up Migration

DO $$
BEGIN
  IF NOT EXISTS (SELECT 1 FROM pg_roles WHERE rolname = 'sf_migrator') THEN
    CREATE ROLE sf_migrator NOLOGIN NOSUPERUSER NOCREATEDB NOCREATEROLE NOINHERIT NOBYPASSRLS;
  END IF;
END
$$;

DO $$
BEGIN
  IF NOT EXISTS (SELECT 1 FROM pg_roles WHERE rolname = 'sf_cmp029_rw') THEN
    CREATE ROLE sf_cmp029_rw NOLOGIN NOSUPERUSER NOCREATEDB NOCREATEROLE NOINHERIT NOBYPASSRLS;
  END IF;
END
$$;
COMMENT ON ROLE sf_cmp029_rw IS
  'ADR-0006: CMP-029 privilege role. NOLOGIN. Runtime logins inherit sf_app + this role only.';

CREATE SCHEMA sf_sla AUTHORIZATION sf_migrator;
COMMENT ON SCHEMA sf_sla IS
  'isolation_class=TENANT_SCOPED; owner=CMP-029; SLA calendars, published policies, clocks and clock history';

REVOKE ALL ON SCHEMA sf_sla FROM PUBLIC;
GRANT USAGE ON SCHEMA sf_sla TO sf_cmp029_rw;
GRANT USAGE ON SCHEMA sf_sla TO sf_app;

ALTER DEFAULT PRIVILEGES FOR ROLE sf_migrator IN SCHEMA sf_sla REVOKE ALL ON TABLES FROM PUBLIC;
ALTER DEFAULT PRIVILEGES FOR ROLE sf_migrator IN SCHEMA sf_sla REVOKE ALL ON SEQUENCES FROM PUBLIC;
ALTER DEFAULT PRIVILEGES FOR ROLE sf_migrator IN SCHEMA sf_sla REVOKE ALL ON FUNCTIONS FROM PUBLIC;

GRANT USAGE ON SCHEMA sf_platform TO sf_migrator;

-- sf:isolation sf_sla.sla_calendar TENANT_SCOPED owner=CMP-029
CREATE TABLE sf_sla.sla_calendar (
  tenant_id uuid NOT NULL,
  calendar_id uuid NOT NULL,
  calendar_code text NOT NULL CHECK (calendar_code ~ '^[A-Z][A-Z0-9_]{1,63}$'),
  version_no bigint NOT NULL CHECK (version_no >= 1),
  utc_offset_minutes smallint NOT NULL CHECK (utc_offset_minutes BETWEEN -720 AND 840),
  working_weekdays smallint[] NOT NULL
    CHECK (cardinality(working_weekdays) BETWEEN 1 AND 7 AND working_weekdays <@ ARRAY[1,2,3,4,5,6,7]::smallint[]),
  window_start_minute smallint NOT NULL CHECK (window_start_minute BETWEEN 0 AND 1439),
  window_end_minute smallint NOT NULL CHECK (window_end_minute BETWEEN 1 AND 1440),
  holidays date[] NOT NULL DEFAULT ARRAY[]::date[] CHECK (cardinality(holidays) <= 3660),
  effective_from timestamptz NOT NULL,
  created_by uuid NOT NULL,
  created_at timestamptz NOT NULL DEFAULT now(),
  PRIMARY KEY (tenant_id, calendar_id),
  UNIQUE (tenant_id, calendar_code, version_no),
  CHECK (window_start_minute < window_end_minute)
);
ALTER TABLE sf_sla.sla_calendar ENABLE ROW LEVEL SECURITY;
ALTER TABLE sf_sla.sla_calendar FORCE ROW LEVEL SECURITY;
CREATE POLICY sla_calendar_isolation ON sf_sla.sla_calendar TO sf_app
  USING (tenant_id = sf_platform.current_tenant_id())
  WITH CHECK (tenant_id = sf_platform.current_tenant_id());
ALTER TABLE sf_sla.sla_calendar OWNER TO sf_migrator;

-- sf:isolation sf_sla.sla_policy TENANT_SCOPED owner=CMP-029
CREATE TABLE sf_sla.sla_policy (
  tenant_id uuid NOT NULL,
  policy_id uuid NOT NULL,
  policy_code text NOT NULL CHECK (policy_code ~ '^[A-Z][A-Z0-9_]{1,63}$'),
  version_no bigint NOT NULL CHECK (version_no >= 1),
  status text NOT NULL CHECK (status IN ('PUBLISHED', 'RETIRED')),
  publication_ref text NOT NULL CHECK (char_length(publication_ref) BETWEEN 3 AND 200),
  start_anchor text NOT NULL CHECK (start_anchor IN (
    'APPLICATION_RECEIVED', 'PAYMENT_CONFIRMED', 'SCRUTINY_STARTED', 'DEFICIENCY_CLOSED',
    'PUBLISHED_POLICY_ANCHOR'
  )),
  completion_anchor text NOT NULL CHECK (completion_anchor IN (
    'DECISION_RECORDED', 'CREDENTIAL_ISSUED', 'CASE_CLOSED', 'PUBLISHED_POLICY_ANCHOR'
  )),
  calendar_id uuid NOT NULL,
  duration_basis text NOT NULL CHECK (duration_basis IN ('WORKING_MINUTES', 'CALENDAR_MINUTES')),
  duration_minutes bigint NOT NULL CHECK (duration_minutes BETWEEN 1 AND 2000000),
  warning_before_minutes bigint CHECK (warning_before_minutes IS NULL OR warning_before_minutes BETWEEN 1 AND 2000000),
  allowed_pause_reason_codes text[] NOT NULL DEFAULT ARRAY[]::text[]
    CHECK (cardinality(allowed_pause_reason_codes) <= 32),
  escalation_schedule jsonb NOT NULL DEFAULT '[]'::jsonb CHECK (
    jsonb_typeof(escalation_schedule) = 'array'
    AND jsonb_array_length(escalation_schedule) <= 10
    AND octet_length(escalation_schedule::text) <= 4096
  ),
  created_by uuid NOT NULL,
  created_at timestamptz NOT NULL DEFAULT now(),
  retired_at timestamptz,
  PRIMARY KEY (tenant_id, policy_id),
  UNIQUE (tenant_id, policy_code, version_no),
  FOREIGN KEY (tenant_id, calendar_id) REFERENCES sf_sla.sla_calendar (tenant_id, calendar_id),
  CHECK ((status = 'RETIRED') = (retired_at IS NOT NULL))
);
ALTER TABLE sf_sla.sla_policy ENABLE ROW LEVEL SECURITY;
ALTER TABLE sf_sla.sla_policy FORCE ROW LEVEL SECURITY;
CREATE POLICY sla_policy_isolation ON sf_sla.sla_policy TO sf_app
  USING (tenant_id = sf_platform.current_tenant_id())
  WITH CHECK (tenant_id = sf_platform.current_tenant_id());
ALTER TABLE sf_sla.sla_policy OWNER TO sf_migrator;

-- sf:isolation sf_sla.sla_clock TENANT_SCOPED owner=CMP-029
CREATE TABLE sf_sla.sla_clock (
  tenant_id uuid NOT NULL,
  clock_id uuid NOT NULL,
  cell_id text NOT NULL CHECK (cell_id ~ '^cell-[a-z0-9-]{1,40}$'),
  application_id uuid NOT NULL,
  stage_code text NOT NULL CHECK (stage_code ~ '^[A-Z][A-Z0-9_]{1,63}$'),
  policy_id uuid NOT NULL,
  calendar_id uuid NOT NULL,
  start_anchor text NOT NULL CHECK (start_anchor IN (
    'APPLICATION_RECEIVED', 'PAYMENT_CONFIRMED', 'SCRUTINY_STARTED', 'DEFICIENCY_CLOSED',
    'PUBLISHED_POLICY_ANCHOR'
  )),
  completion_anchor text NOT NULL CHECK (completion_anchor IN (
    'DECISION_RECORDED', 'CREDENTIAL_ISSUED', 'CASE_CLOSED', 'PUBLISHED_POLICY_ANCHOR'
  )),
  anchor_event_ref uuid,
  status text NOT NULL CHECK (status IN ('NOT_STARTED', 'RUNNING', 'PAUSED', 'COMPLETED', 'BREACHED')),
  started_at timestamptz NOT NULL,
  deadline_at timestamptz NOT NULL,
  server_computed_deadline boolean NOT NULL DEFAULT true CHECK (server_computed_deadline),
  remaining_ms bigint CHECK (remaining_ms IS NULL OR remaining_ms >= 0),
  paused_at timestamptz,
  pause_reason_code text CHECK (pause_reason_code IS NULL OR pause_reason_code ~ '^[A-Z][A-Z0-9_]{1,63}$'),
  pause_count integer NOT NULL DEFAULT 0 CHECK (pause_count >= 0),
  resumed_at timestamptz,
  completed_at timestamptz,
  breach_at timestamptz,
  warning_emitted_at timestamptz,
  escalation_level smallint NOT NULL DEFAULT 0 CHECK (escalation_level BETWEEN 0 AND 10),
  aggregate_version bigint NOT NULL DEFAULT 1 CHECK (aggregate_version >= 1),
  created_at timestamptz NOT NULL DEFAULT now(),
  updated_at timestamptz NOT NULL DEFAULT now(),
  PRIMARY KEY (tenant_id, clock_id),
  UNIQUE (tenant_id, application_id, stage_code),
  FOREIGN KEY (tenant_id, policy_id) REFERENCES sf_sla.sla_policy (tenant_id, policy_id),
  FOREIGN KEY (tenant_id, calendar_id) REFERENCES sf_sla.sla_calendar (tenant_id, calendar_id),
  CHECK (
    (status = 'PAUSED') = (paused_at IS NOT NULL AND pause_reason_code IS NOT NULL AND remaining_ms IS NOT NULL)
  ),
  CHECK (status <> 'COMPLETED' OR completed_at IS NOT NULL),
  CHECK (status <> 'BREACHED' OR breach_at IS NOT NULL)
);
CREATE INDEX sla_clock_application_idx ON sf_sla.sla_clock (tenant_id, application_id);
CREATE INDEX sla_clock_due_idx ON sf_sla.sla_clock (tenant_id, deadline_at) WHERE status IN ('RUNNING', 'BREACHED');
ALTER TABLE sf_sla.sla_clock ENABLE ROW LEVEL SECURITY;
ALTER TABLE sf_sla.sla_clock FORCE ROW LEVEL SECURITY;
CREATE POLICY sla_clock_isolation ON sf_sla.sla_clock TO sf_app
  USING (tenant_id = sf_platform.current_tenant_id())
  WITH CHECK (tenant_id = sf_platform.current_tenant_id());
ALTER TABLE sf_sla.sla_clock OWNER TO sf_migrator;

-- sf:isolation sf_sla.sla_clock_event TENANT_SCOPED owner=CMP-029
CREATE TABLE sf_sla.sla_clock_event (
  tenant_id uuid NOT NULL,
  clock_id uuid NOT NULL,
  sequence_no bigint NOT NULL CHECK (sequence_no >= 1),
  operation text NOT NULL CHECK (operation IN (
    'START', 'PAUSE', 'RESUME', 'COMPLETE', 'WARN', 'BREACH', 'ESCALATE'
  )),
  from_status text CHECK (from_status IS NULL OR from_status IN (
    'NOT_STARTED', 'RUNNING', 'PAUSED', 'COMPLETED', 'BREACHED'
  )),
  to_status text NOT NULL CHECK (to_status IN (
    'NOT_STARTED', 'RUNNING', 'PAUSED', 'COMPLETED', 'BREACHED'
  )),
  occurred_at timestamptz NOT NULL,
  reason_code text CHECK (reason_code IS NULL OR reason_code ~ '^[A-Z][A-Z0-9_]{1,63}$'),
  deadline_before timestamptz,
  deadline_after timestamptz NOT NULL,
  remaining_ms bigint CHECK (remaining_ms IS NULL OR remaining_ms >= 0),
  escalation_level smallint NOT NULL CHECK (escalation_level BETWEEN 0 AND 10),
  actor_type text NOT NULL CHECK (actor_type IN ('CITIZEN', 'OFFICER', 'SYSTEM', 'INTEGRATION', 'PRIVILEGED_ADMIN')),
  actor_id uuid NOT NULL,
  correlation_id uuid NOT NULL,
  recorded_at timestamptz NOT NULL DEFAULT now(),
  PRIMARY KEY (tenant_id, clock_id, sequence_no),
  FOREIGN KEY (tenant_id, clock_id) REFERENCES sf_sla.sla_clock (tenant_id, clock_id)
);
ALTER TABLE sf_sla.sla_clock_event ENABLE ROW LEVEL SECURITY;
ALTER TABLE sf_sla.sla_clock_event FORCE ROW LEVEL SECURITY;
CREATE POLICY sla_clock_event_isolation ON sf_sla.sla_clock_event TO sf_app
  USING (tenant_id = sf_platform.current_tenant_id())
  WITH CHECK (tenant_id = sf_platform.current_tenant_id());
ALTER TABLE sf_sla.sla_clock_event OWNER TO sf_migrator;

-- sf:isolation sf_sla.idempotency_record TENANT_SCOPED owner=CMP-029
CREATE TABLE sf_sla.idempotency_record (
  tenant_id uuid NOT NULL,
  principal_id uuid NOT NULL,
  endpoint text NOT NULL,
  idempotency_key text NOT NULL,
  request_fingerprint text NOT NULL CHECK (request_fingerprint ~ '^sha256:[0-9a-f]{64}$'),
  status text NOT NULL CHECK (status IN ('IN_PROGRESS', 'COMPLETED', 'FAILED')),
  response_ref text,
  response_status integer,
  response_body jsonb,
  created_at timestamptz NOT NULL DEFAULT now(),
  expires_at timestamptz NOT NULL,
  PRIMARY KEY (tenant_id, principal_id, endpoint, idempotency_key)
);
ALTER TABLE sf_sla.idempotency_record ENABLE ROW LEVEL SECURITY;
ALTER TABLE sf_sla.idempotency_record FORCE ROW LEVEL SECURITY;
CREATE POLICY idempotency_record_isolation ON sf_sla.idempotency_record TO sf_app
  USING (tenant_id = sf_platform.current_tenant_id())
  WITH CHECK (tenant_id = sf_platform.current_tenant_id());
ALTER TABLE sf_sla.idempotency_record OWNER TO sf_migrator;

CREATE FUNCTION sf_sla.reject_mutation()
RETURNS trigger
LANGUAGE plpgsql
SET search_path = sf_sla, pg_temp
AS $$
BEGIN
  RAISE EXCEPTION 'insert-only SLA row' USING ERRCODE = '42501';
END;
$$;
ALTER FUNCTION sf_sla.reject_mutation() OWNER TO sf_migrator;

CREATE TRIGGER sla_calendar_immutable
  BEFORE UPDATE OR DELETE ON sf_sla.sla_calendar
  FOR EACH ROW EXECUTE FUNCTION sf_sla.reject_mutation();

CREATE TRIGGER sla_clock_event_immutable
  BEFORE UPDATE OR DELETE ON sf_sla.sla_clock_event
  FOR EACH ROW EXECUTE FUNCTION sf_sla.reject_mutation();

CREATE FUNCTION sf_sla.guard_policy_mutation()
RETURNS trigger
LANGUAGE plpgsql
SET search_path = sf_sla, pg_temp
AS $$
BEGIN
  IF TG_OP = 'DELETE' THEN
    RAISE EXCEPTION 'published SLA policy versions are retained' USING ERRCODE = '42501';
  END IF;
  IF TG_OP = 'INSERT' THEN
    IF NEW.status <> 'PUBLISHED' THEN
      RAISE EXCEPTION 'SLA policy version must be inserted PUBLISHED';
    END IF;
    RETURN NEW;
  END IF;
  IF NOT (OLD.status = 'PUBLISHED' AND NEW.status = 'RETIRED') THEN
    RAISE EXCEPTION 'published SLA policy version is immutable' USING ERRCODE = '42501';
  END IF;
  IF (to_jsonb(NEW) - 'status' - 'retired_at') IS DISTINCT FROM (to_jsonb(OLD) - 'status' - 'retired_at') THEN
    RAISE EXCEPTION 'published SLA policy content is immutable' USING ERRCODE = '42501';
  END IF;
  RETURN NEW;
END;
$$;
ALTER FUNCTION sf_sla.guard_policy_mutation() OWNER TO sf_migrator;

CREATE TRIGGER sla_policy_guard
  BEFORE INSERT OR UPDATE OR DELETE ON sf_sla.sla_policy
  FOR EACH ROW EXECUTE FUNCTION sf_sla.guard_policy_mutation();

CREATE FUNCTION sf_sla.guard_clock_transition()
RETURNS trigger
LANGUAGE plpgsql
SET search_path = sf_sla, pg_temp
AS $$
BEGIN
  IF TG_OP = 'DELETE' THEN
    RAISE EXCEPTION 'SLA clocks are retained' USING ERRCODE = '42501';
  END IF;
  IF TG_OP = 'INSERT' THEN
    IF NEW.status <> 'RUNNING' OR NEW.escalation_level <> 0 OR NEW.pause_count <> 0 THEN
      RAISE EXCEPTION 'SLA clock must start RUNNING at level 0';
    END IF;
    IF NEW.deadline_at <= NEW.started_at THEN
      RAISE EXCEPTION 'SLA deadline must follow the start anchor';
    END IF;
    RETURN NEW;
  END IF;
  IF NEW.tenant_id IS DISTINCT FROM OLD.tenant_id
     OR NEW.clock_id IS DISTINCT FROM OLD.clock_id
     OR NEW.application_id IS DISTINCT FROM OLD.application_id
     OR NEW.stage_code IS DISTINCT FROM OLD.stage_code
     OR NEW.policy_id IS DISTINCT FROM OLD.policy_id
     OR NEW.calendar_id IS DISTINCT FROM OLD.calendar_id
     OR NEW.start_anchor IS DISTINCT FROM OLD.start_anchor
     OR NEW.completion_anchor IS DISTINCT FROM OLD.completion_anchor
     OR NEW.started_at IS DISTINCT FROM OLD.started_at
     OR NEW.cell_id IS DISTINCT FROM OLD.cell_id THEN
    RAISE EXCEPTION 'SLA clock identity, pins and anchors are immutable' USING ERRCODE = '42501';
  END IF;
  IF OLD.status = 'COMPLETED' THEN
    RAISE EXCEPTION 'completed SLA clock is immutable' USING ERRCODE = '42501';
  END IF;
  IF NEW.aggregate_version <> OLD.aggregate_version + 1 THEN
    RAISE EXCEPTION 'SLA clock aggregate_version must advance by one';
  END IF;
  IF NOT (
       (OLD.status = 'RUNNING' AND NEW.status IN ('RUNNING', 'PAUSED', 'BREACHED', 'COMPLETED'))
    OR (OLD.status = 'PAUSED' AND NEW.status = 'RUNNING')
    OR (OLD.status = 'BREACHED' AND NEW.status IN ('BREACHED', 'COMPLETED'))
  ) THEN
    RAISE EXCEPTION 'SLA clock transition % -> % refused', OLD.status, NEW.status;
  END IF;
  IF NEW.deadline_at IS DISTINCT FROM OLD.deadline_at
     AND NOT (OLD.status = 'PAUSED' AND NEW.status = 'RUNNING') THEN
    RAISE EXCEPTION 'SLA deadline changes only through resume' USING ERRCODE = '42501';
  END IF;
  IF NEW.breach_at IS DISTINCT FROM OLD.breach_at AND OLD.breach_at IS NOT NULL THEN
    RAISE EXCEPTION 'SLA breach timestamp is immutable' USING ERRCODE = '42501';
  END IF;
  IF NEW.escalation_level < OLD.escalation_level THEN
    RAISE EXCEPTION 'SLA escalation level is monotonic' USING ERRCODE = '42501';
  END IF;
  IF NEW.pause_count < OLD.pause_count THEN
    RAISE EXCEPTION 'SLA pause count is monotonic' USING ERRCODE = '42501';
  END IF;
  RETURN NEW;
END;
$$;
ALTER FUNCTION sf_sla.guard_clock_transition() OWNER TO sf_migrator;

CREATE TRIGGER sla_clock_transition_guard
  BEFORE INSERT OR UPDATE OR DELETE ON sf_sla.sla_clock
  FOR EACH ROW EXECUTE FUNCTION sf_sla.guard_clock_transition();

REVOKE ALL ON ALL TABLES IN SCHEMA sf_sla FROM PUBLIC;
REVOKE ALL ON ALL SEQUENCES IN SCHEMA sf_sla FROM PUBLIC;
REVOKE ALL ON ALL FUNCTIONS IN SCHEMA sf_sla FROM PUBLIC;

GRANT SELECT, INSERT ON sf_sla.sla_calendar TO sf_cmp029_rw;
GRANT SELECT, INSERT, UPDATE (status, retired_at) ON sf_sla.sla_policy TO sf_cmp029_rw;
GRANT SELECT, INSERT,
  UPDATE (
    status, deadline_at, remaining_ms, paused_at, pause_reason_code, pause_count,
    resumed_at, completed_at, breach_at, warning_emitted_at, escalation_level,
    aggregate_version, updated_at
  )
  ON sf_sla.sla_clock TO sf_cmp029_rw;
GRANT SELECT, INSERT ON sf_sla.sla_clock_event TO sf_cmp029_rw;
GRANT SELECT, INSERT, DELETE, UPDATE (status, response_ref, response_status, response_body)
  ON sf_sla.idempotency_record TO sf_cmp029_rw;

GRANT EXECUTE ON FUNCTION sf_sla.reject_mutation() TO sf_cmp029_rw;
GRANT EXECUTE ON FUNCTION sf_sla.guard_policy_mutation() TO sf_cmp029_rw;
GRANT EXECUTE ON FUNCTION sf_sla.guard_clock_transition() TO sf_cmp029_rw;
;
INSERT INTO "public"."sf_schema_migrations" (name, run_on) VALUES ('1759540400000_cmp-029-sla-escalation', NOW());


### MIGRATION 1759540400001_cmp-029-outbox (UP) ###
--
-- Up Migration

-- SF-CON-OUTBOX v1: normative outbox and inbox layout for every component schema.
-- Copy into the component's own migration, replacing sf_sla with the component schema and
-- CMP-029 with its CMP id. Do not add columns or change grants without a Contract Change Request.
-- Requires db/migrations/1759490000000_shared-db-contracts.sql (sf_platform.current_tenant_id(),
-- role sf_outbox_publisher).
--
-- Rules (summary; the schema contracts/shared/schemas/outbox-record.schema.json is authoritative
-- for row content):
--  1. Producers INSERT exactly one row per event in the same transaction as the state change,
--     after validating the envelope against SF-CON-EVENT-ENVELOPE. Producers never SELECT,
--     UPDATE or DELETE outbox rows.
--  2. Envelopes with a tenant_id go to outbox_event; envelopes with tenant_id null go to
--     outbox_event_platform.
--  3. The publisher (packages/outbox, CMP-038) runs as a login role that is a member of
--     sf_outbox_publisher only. It claims PENDING rows by setting lease_owner/lease_expires_at
--     in one short transaction, publishes with no transaction open, then sets PUBLISHED (or
--     schedules a retry) in another. An expired lease makes a row claimable again, so delivery
--     is at-least-once.
--  4. For one partition_key, a row is claimable only when no row with a lower seq is PENDING or
--     DEAD_LETTERED. A DEAD_LETTERED row therefore holds its key until an operator replays or
--     discards it through an audited action.
--  5. Consumers record (consumer_group, event_id) in inbox_event or inbox_event_platform in the
--     same transaction as their own state change; a conflict means the event was already applied.
--  6. The publisher deletes PUBLISHED rows only after the topic's retention window in the CMP-038
--     topic registry.

-- sf:isolation sf_sla.outbox_event TENANT_SCOPED owner=CMP-029
CREATE TABLE sf_sla.outbox_event (
  seq bigint GENERATED ALWAYS AS IDENTITY PRIMARY KEY,
  event_id uuid NOT NULL UNIQUE,
  tenant_id uuid NOT NULL,
  topic text NOT NULL CHECK (topic ~ '^[a-zA-Z0-9._-]{3,249}$'),
  partition_key text NOT NULL CHECK (length(partition_key) BETWEEN 1 AND 200),
  event_type text NOT NULL,
  schema_version integer NOT NULL CHECK (schema_version >= 1),
  aggregate_type text NOT NULL,
  aggregate_id uuid NOT NULL,
  aggregate_version bigint NOT NULL CHECK (aggregate_version >= 0),
  envelope jsonb NOT NULL CHECK (octet_length(envelope::text) <= 262144),
  status text NOT NULL DEFAULT 'PENDING' CHECK (status IN ('PENDING', 'PUBLISHED', 'DEAD_LETTERED')),
  attempts integer NOT NULL DEFAULT 0 CHECK (attempts >= 0),
  next_attempt_at timestamptz NOT NULL DEFAULT now(),
  lease_owner text,
  lease_expires_at timestamptz,
  last_error_code text CHECK (last_error_code ~ '^[A-Z][A-Z0-9_]{1,63}$'),
  created_at timestamptz NOT NULL DEFAULT now(),
  published_at timestamptz,
  CHECK (envelope ->> 'event_id' = event_id::text),
  CHECK (envelope ->> 'tenant_id' = tenant_id::text),
  CHECK (envelope ->> 'aggregate_id' = aggregate_id::text),
  CHECK (envelope ->> 'event_type' = event_type)
);
CREATE INDEX outbox_event_claim_idx ON sf_sla.outbox_event (partition_key, seq) WHERE status <> 'PUBLISHED';
CREATE INDEX outbox_event_due_idx ON sf_sla.outbox_event (next_attempt_at) WHERE status = 'PENDING';
ALTER TABLE sf_sla.outbox_event ENABLE ROW LEVEL SECURITY;
ALTER TABLE sf_sla.outbox_event FORCE ROW LEVEL SECURITY;
CREATE POLICY outbox_event_tenant_insert ON sf_sla.outbox_event FOR INSERT TO sf_app
  WITH CHECK (tenant_id = sf_platform.current_tenant_id());
CREATE POLICY outbox_event_publisher ON sf_sla.outbox_event TO sf_outbox_publisher
  USING (true) WITH CHECK (true);
GRANT INSERT ON sf_sla.outbox_event TO sf_app;

-- sf:isolation sf_sla.outbox_event_platform PLATFORM_OPERATIONAL owner=CMP-029
CREATE TABLE sf_sla.outbox_event_platform (
  seq bigint GENERATED ALWAYS AS IDENTITY PRIMARY KEY,
  event_id uuid NOT NULL UNIQUE,
  topic text NOT NULL CHECK (topic ~ '^[a-zA-Z0-9._-]{3,249}$'),
  partition_key text NOT NULL CHECK (length(partition_key) BETWEEN 1 AND 200),
  event_type text NOT NULL,
  schema_version integer NOT NULL CHECK (schema_version >= 1),
  aggregate_type text NOT NULL,
  aggregate_id uuid NOT NULL,
  aggregate_version bigint NOT NULL CHECK (aggregate_version >= 0),
  envelope jsonb NOT NULL CHECK (octet_length(envelope::text) <= 262144),
  status text NOT NULL DEFAULT 'PENDING' CHECK (status IN ('PENDING', 'PUBLISHED', 'DEAD_LETTERED')),
  attempts integer NOT NULL DEFAULT 0 CHECK (attempts >= 0),
  next_attempt_at timestamptz NOT NULL DEFAULT now(),
  lease_owner text,
  lease_expires_at timestamptz,
  last_error_code text CHECK (last_error_code ~ '^[A-Z][A-Z0-9_]{1,63}$'),
  created_at timestamptz NOT NULL DEFAULT now(),
  published_at timestamptz,
  CHECK (envelope ->> 'event_id' = event_id::text),
  CHECK (jsonb_typeof(envelope -> 'tenant_id') = 'null'),
  CHECK (envelope ->> 'aggregate_id' = aggregate_id::text),
  CHECK (envelope ->> 'event_type' = event_type)
);
CREATE INDEX outbox_event_platform_claim_idx ON sf_sla.outbox_event_platform (partition_key, seq) WHERE status <> 'PUBLISHED';
CREATE INDEX outbox_event_platform_due_idx ON sf_sla.outbox_event_platform (next_attempt_at) WHERE status = 'PENDING';
GRANT INSERT ON sf_sla.outbox_event_platform TO sf_app;

GRANT USAGE ON SCHEMA sf_sla TO sf_outbox_publisher;
GRANT SELECT, DELETE ON sf_sla.outbox_event, sf_sla.outbox_event_platform TO sf_outbox_publisher;
GRANT UPDATE (status, attempts, next_attempt_at, lease_owner, lease_expires_at, last_error_code, published_at)
  ON sf_sla.outbox_event, sf_sla.outbox_event_platform TO sf_outbox_publisher;

-- sf:isolation sf_sla.inbox_event TENANT_SCOPED owner=CMP-029
CREATE TABLE sf_sla.inbox_event (
  consumer_group text NOT NULL CHECK (consumer_group ~ '^[a-z0-9][a-z0-9._-]{0,99}$'),
  event_id uuid NOT NULL,
  tenant_id uuid NOT NULL,
  processed_at timestamptz NOT NULL DEFAULT now(),
  PRIMARY KEY (consumer_group, event_id)
);
ALTER TABLE sf_sla.inbox_event ENABLE ROW LEVEL SECURITY;
ALTER TABLE sf_sla.inbox_event FORCE ROW LEVEL SECURITY;
CREATE POLICY inbox_event_tenant ON sf_sla.inbox_event TO sf_app
  USING (tenant_id = sf_platform.current_tenant_id())
  WITH CHECK (tenant_id = sf_platform.current_tenant_id());
GRANT SELECT, INSERT ON sf_sla.inbox_event TO sf_app;

-- sf:isolation sf_sla.inbox_event_platform PLATFORM_OPERATIONAL owner=CMP-029
CREATE TABLE sf_sla.inbox_event_platform (
  consumer_group text NOT NULL CHECK (consumer_group ~ '^[a-z0-9][a-z0-9._-]{0,99}$'),
  event_id uuid NOT NULL,
  processed_at timestamptz NOT NULL DEFAULT now(),
  PRIMARY KEY (consumer_group, event_id)
);
GRANT SELECT, INSERT ON sf_sla.inbox_event_platform TO sf_app;

-- Identity sequences are required for the frozen template GRANT INSERT … TO sf_app.
-- Table grants in the template body above are unchanged (ADR-0006 condition 9).
GRANT USAGE, SELECT ON ALL SEQUENCES IN SCHEMA sf_sla TO sf_app;
REVOKE ALL ON ALL SEQUENCES IN SCHEMA sf_sla FROM PUBLIC;
ALTER TABLE sf_sla.outbox_event OWNER TO sf_migrator;
ALTER TABLE sf_sla.outbox_event_platform OWNER TO sf_migrator;
ALTER TABLE sf_sla.inbox_event OWNER TO sf_migrator;
ALTER TABLE sf_sla.inbox_event_platform OWNER TO sf_migrator;
;
INSERT INTO "public"."sf_schema_migrations" (name, run_on) VALUES ('1759540400001_cmp-029-outbox', NOW());


### MIGRATION 1759541270000_cmp-027-grievance-feedback (UP) ###
--
-- Up Migration

DO $$
BEGIN
  IF NOT EXISTS (SELECT 1 FROM pg_roles WHERE rolname = 'sf_migrator') THEN
    CREATE ROLE sf_migrator NOLOGIN NOSUPERUSER NOCREATEDB NOCREATEROLE NOINHERIT NOBYPASSRLS;
  END IF;
END
$$;

DO $$
BEGIN
  IF NOT EXISTS (SELECT 1 FROM pg_roles WHERE rolname = 'sf_cmp027_rw') THEN
    CREATE ROLE sf_cmp027_rw NOLOGIN NOSUPERUSER NOCREATEDB NOCREATEROLE NOINHERIT NOBYPASSRLS;
  END IF;
END
$$;
COMMENT ON ROLE sf_cmp027_rw IS
  'ADR-0006: CMP-027 privilege role. NOLOGIN. Runtime logins inherit sf_app + this role only.';

CREATE SCHEMA sf_grievance AUTHORIZATION sf_migrator;
COMMENT ON SCHEMA sf_grievance IS
  'isolation_class=TENANT_SCOPED; owner=CMP-027; grievance/feedback records, routing, responses';

REVOKE ALL ON SCHEMA sf_grievance FROM PUBLIC;
GRANT USAGE ON SCHEMA sf_grievance TO sf_cmp027_rw;
GRANT USAGE ON SCHEMA sf_grievance TO sf_app;

ALTER DEFAULT PRIVILEGES FOR ROLE sf_migrator IN SCHEMA sf_grievance REVOKE ALL ON TABLES FROM PUBLIC;
ALTER DEFAULT PRIVILEGES FOR ROLE sf_migrator IN SCHEMA sf_grievance REVOKE ALL ON SEQUENCES FROM PUBLIC;
ALTER DEFAULT PRIVILEGES FOR ROLE sf_migrator IN SCHEMA sf_grievance REVOKE ALL ON FUNCTIONS FROM PUBLIC;

GRANT USAGE ON SCHEMA sf_platform TO sf_migrator;

-- sf:isolation sf_grievance.grievance TENANT_SCOPED owner=CMP-027
CREATE TABLE sf_grievance.grievance (
  grievance_id uuid PRIMARY KEY,
  tenant_id uuid NOT NULL,
  cell_id text NOT NULL CHECK (cell_id ~ '^cell-[a-z0-9-]{1,40}$'),
  kind text NOT NULL CHECK (kind IN ('GRIEVANCE', 'FEEDBACK')),
  status text NOT NULL CHECK (status IN (
    'FILED', 'CATEGORISED', 'ROUTED', 'OPEN', 'PENDING_RESPONSE', 'RESOLVED', 'CLOSED', 'WITHDRAWN'
  )),
  aggregate_version bigint NOT NULL CHECK (aggregate_version >= 1),
  reference_code text NOT NULL CHECK (reference_code ~ '^GF-[A-Z0-9-]{8,32}$'),
  category_code text CHECK (category_code IS NULL OR category_code ~ '^[A-Z][A-Z0-9_]{1,63}$'),
  filer_id uuid NOT NULL,
  organisation_id uuid,
  jurisdiction_id uuid,
  office_id uuid,
  service_id uuid,
  application_id uuid,
  workflow_version_id uuid,
  created_by uuid NOT NULL,
  created_at timestamptz NOT NULL,
  updated_at timestamptz NOT NULL,
  last_correlation_id uuid NOT NULL,
  UNIQUE (tenant_id, grievance_id),
  UNIQUE (tenant_id, reference_code),
  CHECK (status IN ('FILED', 'WITHDRAWN') OR category_code IS NOT NULL)
);
CREATE INDEX grievance_status_idx ON sf_grievance.grievance (tenant_id, status, updated_at DESC);
CREATE INDEX grievance_filer_idx ON sf_grievance.grievance (tenant_id, filer_id, created_at DESC);
ALTER TABLE sf_grievance.grievance ENABLE ROW LEVEL SECURITY;
ALTER TABLE sf_grievance.grievance FORCE ROW LEVEL SECURITY;
CREATE POLICY grievance_tenant ON sf_grievance.grievance TO sf_app
  USING (tenant_id = sf_platform.current_tenant_id())
  WITH CHECK (tenant_id = sf_platform.current_tenant_id());
ALTER TABLE sf_grievance.grievance OWNER TO sf_migrator;

-- sf:isolation sf_grievance.grievance_transition TENANT_SCOPED owner=CMP-027
CREATE TABLE sf_grievance.grievance_transition (
  transition_id uuid PRIMARY KEY,
  tenant_id uuid NOT NULL,
  grievance_id uuid NOT NULL,
  command text NOT NULL CHECK (command ~ '^[A-Z][A-Z0-9_]{1,63}$'),
  from_status text,
  to_status text NOT NULL,
  aggregate_version bigint NOT NULL CHECK (aggregate_version >= 1),
  idempotency_key text NOT NULL CHECK (idempotency_key ~ '^[A-Za-z0-9_.:-]{8,128}$'),
  authz_decision_id uuid NOT NULL,
  authz_policy_revision text NOT NULL CHECK (char_length(authz_policy_revision) BETWEEN 1 AND 128),
  correlation_id uuid NOT NULL,
  actor_type text NOT NULL CHECK (actor_type IN ('CITIZEN', 'OFFICER', 'SYSTEM', 'INTEGRATION', 'PRIVILEGED_ADMIN')),
  actor_id uuid NOT NULL,
  reason_code text CHECK (reason_code IS NULL OR reason_code ~ '^[A-Z][A-Z0-9_]{1,63}$'),
  policy_ref text CHECK (policy_ref IS NULL OR char_length(policy_ref) BETWEEN 1 AND 200),
  occurred_at timestamptz NOT NULL,
  UNIQUE (tenant_id, grievance_id, aggregate_version),
  FOREIGN KEY (tenant_id, grievance_id)
    REFERENCES sf_grievance.grievance (tenant_id, grievance_id)
);
ALTER TABLE sf_grievance.grievance_transition ENABLE ROW LEVEL SECURITY;
ALTER TABLE sf_grievance.grievance_transition FORCE ROW LEVEL SECURITY;
CREATE POLICY grievance_transition_tenant ON sf_grievance.grievance_transition TO sf_app
  USING (tenant_id = sf_platform.current_tenant_id())
  WITH CHECK (tenant_id = sf_platform.current_tenant_id());
ALTER TABLE sf_grievance.grievance_transition OWNER TO sf_migrator;

-- sf:isolation sf_grievance.grievance_response TENANT_SCOPED owner=CMP-027
CREATE TABLE sf_grievance.grievance_response (
  response_id uuid PRIMARY KEY,
  tenant_id uuid NOT NULL,
  grievance_id uuid NOT NULL,
  author_actor_type text NOT NULL CHECK (author_actor_type IN ('CITIZEN', 'OFFICER', 'SYSTEM', 'INTEGRATION', 'PRIVILEGED_ADMIN')),
  author_id uuid NOT NULL,
  body_ref text NOT NULL CHECK (char_length(body_ref) BETWEEN 8 AND 200),
  created_at timestamptz NOT NULL,
  correlation_id uuid NOT NULL,
  UNIQUE (tenant_id, response_id),
  FOREIGN KEY (tenant_id, grievance_id)
    REFERENCES sf_grievance.grievance (tenant_id, grievance_id)
);
ALTER TABLE sf_grievance.grievance_response ENABLE ROW LEVEL SECURITY;
ALTER TABLE sf_grievance.grievance_response FORCE ROW LEVEL SECURITY;
CREATE POLICY grievance_response_tenant ON sf_grievance.grievance_response TO sf_app
  USING (tenant_id = sf_platform.current_tenant_id())
  WITH CHECK (tenant_id = sf_platform.current_tenant_id());
ALTER TABLE sf_grievance.grievance_response OWNER TO sf_migrator;

-- sf:isolation sf_grievance.assignment_request TENANT_SCOPED owner=CMP-027
CREATE TABLE sf_grievance.assignment_request (
  request_id uuid PRIMARY KEY,
  tenant_id uuid NOT NULL,
  grievance_id uuid NOT NULL,
  role_code text NOT NULL CHECK (role_code ~ '^[A-Z][A-Z0-9_]{1,63}$'),
  organisation_id uuid NOT NULL,
  office_id uuid,
  jurisdiction_id uuid NOT NULL,
  service_scope_id uuid,
  status text NOT NULL CHECK (status IN ('REQUESTED')),
  created_at timestamptz NOT NULL,
  correlation_id uuid NOT NULL,
  UNIQUE (tenant_id, request_id),
  UNIQUE (tenant_id, grievance_id),
  FOREIGN KEY (tenant_id, grievance_id)
    REFERENCES sf_grievance.grievance (tenant_id, grievance_id)
);
ALTER TABLE sf_grievance.assignment_request ENABLE ROW LEVEL SECURITY;
ALTER TABLE sf_grievance.assignment_request FORCE ROW LEVEL SECURITY;
CREATE POLICY assignment_request_tenant ON sf_grievance.assignment_request TO sf_app
  USING (tenant_id = sf_platform.current_tenant_id())
  WITH CHECK (tenant_id = sf_platform.current_tenant_id());
ALTER TABLE sf_grievance.assignment_request OWNER TO sf_migrator;

-- sf:isolation sf_grievance.ai_assist_record TENANT_SCOPED owner=CMP-027
CREATE TABLE sf_grievance.ai_assist_record (
  assist_id uuid PRIMARY KEY,
  tenant_id uuid NOT NULL,
  grievance_id uuid NOT NULL,
  kind text NOT NULL CHECK (kind IN (
    'CLASSIFY', 'SUMMARIZE', 'SUGGEST_ROUTING', 'DRAFT_RESPONSE', 'DETECT_DUPLICATE'
  )),
  suggestion_code text CHECK (suggestion_code IS NULL OR suggestion_code ~ '^[A-Z][A-Z0-9_]{1,63}$'),
  duplicate_of_id uuid,
  created_at timestamptz NOT NULL,
  correlation_id uuid NOT NULL,
  UNIQUE (tenant_id, assist_id),
  FOREIGN KEY (tenant_id, grievance_id)
    REFERENCES sf_grievance.grievance (tenant_id, grievance_id)
);
ALTER TABLE sf_grievance.ai_assist_record ENABLE ROW LEVEL SECURITY;
ALTER TABLE sf_grievance.ai_assist_record FORCE ROW LEVEL SECURITY;
CREATE POLICY ai_assist_record_tenant ON sf_grievance.ai_assist_record TO sf_app
  USING (tenant_id = sf_platform.current_tenant_id())
  WITH CHECK (tenant_id = sf_platform.current_tenant_id());
ALTER TABLE sf_grievance.ai_assist_record OWNER TO sf_migrator;

-- sf:isolation sf_grievance.idempotency_record TENANT_SCOPED owner=CMP-027
CREATE TABLE sf_grievance.idempotency_record (
  tenant_id uuid NOT NULL,
  principal_id uuid NOT NULL,
  endpoint text NOT NULL,
  idempotency_key text NOT NULL,
  request_fingerprint text NOT NULL CHECK (request_fingerprint ~ '^sha256:[0-9a-f]{64}$'),
  status text NOT NULL CHECK (status IN ('IN_PROGRESS', 'COMPLETED', 'FAILED')),
  response_ref text,
  response_status integer,
  response_body jsonb,
  created_at timestamptz NOT NULL DEFAULT now(),
  expires_at timestamptz NOT NULL,
  PRIMARY KEY (tenant_id, principal_id, endpoint, idempotency_key)
);
ALTER TABLE sf_grievance.idempotency_record ENABLE ROW LEVEL SECURITY;
ALTER TABLE sf_grievance.idempotency_record FORCE ROW LEVEL SECURITY;
CREATE POLICY idempotency_tenant ON sf_grievance.idempotency_record TO sf_app
  USING (tenant_id = sf_platform.current_tenant_id())
  WITH CHECK (tenant_id = sf_platform.current_tenant_id());
ALTER TABLE sf_grievance.idempotency_record OWNER TO sf_migrator;

CREATE FUNCTION sf_grievance.enforce_grievance() RETURNS trigger
  LANGUAGE plpgsql
  AS $$
DECLARE
  legal constant text[] := ARRAY[
    'FILED>CATEGORISED', 'FILED>WITHDRAWN',
    'CATEGORISED>ROUTED', 'CATEGORISED>WITHDRAWN',
    'ROUTED>OPEN', 'ROUTED>WITHDRAWN',
    'OPEN>PENDING_RESPONSE', 'OPEN>RESOLVED', 'OPEN>WITHDRAWN',
    'PENDING_RESPONSE>OPEN', 'PENDING_RESPONSE>RESOLVED', 'PENDING_RESPONSE>WITHDRAWN',
    'RESOLVED>CLOSED'
  ];
BEGIN
  IF TG_OP = 'DELETE' THEN
    RAISE EXCEPTION 'grievance rows are never deleted'
      USING ERRCODE = 'P0001', HINT = 'SF_RECORD_IMMUTABLE';
  END IF;
  IF TG_OP = 'INSERT' THEN
    IF NEW.status <> 'FILED' OR NEW.aggregate_version <> 1 THEN
      RAISE EXCEPTION 'a grievance is created only as FILED at aggregate_version 1'
        USING ERRCODE = 'P0001', HINT = 'SF_INVALID_TRANSITION';
    END IF;
    RETURN NEW;
  END IF;
  IF (NEW.grievance_id, NEW.tenant_id, NEW.cell_id, NEW.kind, NEW.filer_id, NEW.created_by,
      NEW.created_at, NEW.reference_code, NEW.service_id, NEW.application_id)
     IS DISTINCT FROM
     (OLD.grievance_id, OLD.tenant_id, OLD.cell_id, OLD.kind, OLD.filer_id, OLD.created_by,
      OLD.created_at, OLD.reference_code, OLD.service_id, OLD.application_id) THEN
    RAISE EXCEPTION 'grievance identity columns are immutable'
      USING ERRCODE = 'P0001', HINT = 'SF_RECORD_IMMUTABLE';
  END IF;
  IF NEW.aggregate_version <> OLD.aggregate_version + 1 THEN
    RAISE EXCEPTION 'aggregate_version must advance by exactly one'
      USING ERRCODE = 'P0001', HINT = 'SF_STALE_VERSION';
  END IF;
  IF NOT ((OLD.status || '>' || NEW.status) = ANY (legal)) THEN
    RAISE EXCEPTION 'illegal grievance transition'
      USING ERRCODE = 'P0001', HINT = 'SF_INVALID_TRANSITION';
  END IF;
  RETURN NEW;
END
$$;
ALTER FUNCTION sf_grievance.enforce_grievance() OWNER TO sf_migrator;
REVOKE ALL ON FUNCTION sf_grievance.enforce_grievance() FROM PUBLIC;
GRANT EXECUTE ON FUNCTION sf_grievance.enforce_grievance() TO sf_cmp027_rw;

CREATE TRIGGER grievance_guard
  BEFORE INSERT OR UPDATE OR DELETE ON sf_grievance.grievance
  FOR EACH ROW
  EXECUTE FUNCTION sf_grievance.enforce_grievance();

CREATE FUNCTION sf_grievance.prevent_mutation() RETURNS trigger
  LANGUAGE plpgsql
  AS $$
BEGIN
  RAISE EXCEPTION 'append-only grievance child rows'
    USING ERRCODE = 'P0001', HINT = 'SF_RECORD_IMMUTABLE';
END
$$;
ALTER FUNCTION sf_grievance.prevent_mutation() OWNER TO sf_migrator;
REVOKE ALL ON FUNCTION sf_grievance.prevent_mutation() FROM PUBLIC;
GRANT EXECUTE ON FUNCTION sf_grievance.prevent_mutation() TO sf_cmp027_rw;

CREATE TRIGGER grievance_transition_immutable
  BEFORE UPDATE OR DELETE ON sf_grievance.grievance_transition
  FOR EACH ROW
  EXECUTE FUNCTION sf_grievance.prevent_mutation();

CREATE TRIGGER grievance_response_immutable
  BEFORE UPDATE OR DELETE ON sf_grievance.grievance_response
  FOR EACH ROW
  EXECUTE FUNCTION sf_grievance.prevent_mutation();

CREATE TRIGGER assignment_request_immutable
  BEFORE UPDATE OR DELETE ON sf_grievance.assignment_request
  FOR EACH ROW
  EXECUTE FUNCTION sf_grievance.prevent_mutation();

CREATE TRIGGER ai_assist_record_immutable
  BEFORE UPDATE OR DELETE ON sf_grievance.ai_assist_record
  FOR EACH ROW
  EXECUTE FUNCTION sf_grievance.prevent_mutation();

GRANT SELECT, INSERT ON sf_grievance.grievance TO sf_cmp027_rw;
GRANT UPDATE (
  status, aggregate_version, category_code, organisation_id, jurisdiction_id, office_id,
  workflow_version_id, updated_at, last_correlation_id
) ON sf_grievance.grievance TO sf_cmp027_rw;
GRANT SELECT, INSERT ON sf_grievance.grievance_transition TO sf_cmp027_rw;
GRANT SELECT, INSERT ON sf_grievance.grievance_response TO sf_cmp027_rw;
GRANT SELECT, INSERT ON sf_grievance.assignment_request TO sf_cmp027_rw;
GRANT SELECT, INSERT ON sf_grievance.ai_assist_record TO sf_cmp027_rw;
GRANT SELECT, INSERT, DELETE, UPDATE (
  status, response_ref, response_status, response_body
) ON sf_grievance.idempotency_record TO sf_cmp027_rw;

REVOKE ALL ON sf_grievance.grievance FROM PUBLIC;
REVOKE ALL ON sf_grievance.grievance_transition FROM PUBLIC;
REVOKE ALL ON sf_grievance.grievance_response FROM PUBLIC;
REVOKE ALL ON sf_grievance.assignment_request FROM PUBLIC;
REVOKE ALL ON sf_grievance.ai_assist_record FROM PUBLIC;
REVOKE ALL ON sf_grievance.idempotency_record FROM PUBLIC;
;
INSERT INTO "public"."sf_schema_migrations" (name, run_on) VALUES ('1759541270000_cmp-027-grievance-feedback', NOW());


### MIGRATION 1759541270001_cmp-027-outbox (UP) ###
--
-- Up Migration

-- SF-CON-OUTBOX v1: normative outbox and inbox layout for every component schema.
-- Copy into the component's own migration, replacing sf_grievance with the component schema and
-- CMP-027 with its CMP id. Do not add columns or change grants without a Contract Change Request.
-- Requires db/migrations/1759490000000_shared-db-contracts.sql (sf_platform.current_tenant_id(),
-- role sf_outbox_publisher).
--
-- Rules (summary; the schema contracts/shared/schemas/outbox-record.schema.json is authoritative
-- for row content):
--  1. Producers INSERT exactly one row per event in the same transaction as the state change,
--     after validating the envelope against SF-CON-EVENT-ENVELOPE. Producers never SELECT,
--     UPDATE or DELETE outbox rows.
--  2. Envelopes with a tenant_id go to outbox_event; envelopes with tenant_id null go to
--     outbox_event_platform.
--  3. The publisher (packages/outbox, CMP-038) runs as a login role that is a member of
--     sf_outbox_publisher only. It claims PENDING rows by setting lease_owner/lease_expires_at
--     in one short transaction, publishes with no transaction open, then sets PUBLISHED (or
--     schedules a retry) in another. An expired lease makes a row claimable again, so delivery
--     is at-least-once.
--  4. For one partition_key, a row is claimable only when no row with a lower seq is PENDING or
--     DEAD_LETTERED. A DEAD_LETTERED row therefore holds its key until an operator replays or
--     discards it through an audited action.
--  5. Consumers record (consumer_group, event_id) in inbox_event or inbox_event_platform in the
--     same transaction as their own state change; a conflict means the event was already applied.
--  6. The publisher deletes PUBLISHED rows only after the topic's retention window in the CMP-038
--     topic registry.

-- sf:isolation sf_grievance.outbox_event TENANT_SCOPED owner=CMP-027
CREATE TABLE sf_grievance.outbox_event (
  seq bigint GENERATED ALWAYS AS IDENTITY PRIMARY KEY,
  event_id uuid NOT NULL UNIQUE,
  tenant_id uuid NOT NULL,
  topic text NOT NULL CHECK (topic ~ '^[a-zA-Z0-9._-]{3,249}$'),
  partition_key text NOT NULL CHECK (length(partition_key) BETWEEN 1 AND 200),
  event_type text NOT NULL,
  schema_version integer NOT NULL CHECK (schema_version >= 1),
  aggregate_type text NOT NULL,
  aggregate_id uuid NOT NULL,
  aggregate_version bigint NOT NULL CHECK (aggregate_version >= 0),
  envelope jsonb NOT NULL CHECK (octet_length(envelope::text) <= 262144),
  status text NOT NULL DEFAULT 'PENDING' CHECK (status IN ('PENDING', 'PUBLISHED', 'DEAD_LETTERED')),
  attempts integer NOT NULL DEFAULT 0 CHECK (attempts >= 0),
  next_attempt_at timestamptz NOT NULL DEFAULT now(),
  lease_owner text,
  lease_expires_at timestamptz,
  last_error_code text CHECK (last_error_code ~ '^[A-Z][A-Z0-9_]{1,63}$'),
  created_at timestamptz NOT NULL DEFAULT now(),
  published_at timestamptz,
  CHECK (envelope ->> 'event_id' = event_id::text),
  CHECK (envelope ->> 'tenant_id' = tenant_id::text),
  CHECK (envelope ->> 'aggregate_id' = aggregate_id::text),
  CHECK (envelope ->> 'event_type' = event_type)
);
CREATE INDEX outbox_event_claim_idx ON sf_grievance.outbox_event (partition_key, seq) WHERE status <> 'PUBLISHED';
CREATE INDEX outbox_event_due_idx ON sf_grievance.outbox_event (next_attempt_at) WHERE status = 'PENDING';
ALTER TABLE sf_grievance.outbox_event ENABLE ROW LEVEL SECURITY;
ALTER TABLE sf_grievance.outbox_event FORCE ROW LEVEL SECURITY;
CREATE POLICY outbox_event_tenant_insert ON sf_grievance.outbox_event FOR INSERT TO sf_app
  WITH CHECK (tenant_id = sf_platform.current_tenant_id());
CREATE POLICY outbox_event_publisher ON sf_grievance.outbox_event TO sf_outbox_publisher
  USING (true) WITH CHECK (true);
GRANT INSERT ON sf_grievance.outbox_event TO sf_app;

-- sf:isolation sf_grievance.outbox_event_platform PLATFORM_OPERATIONAL owner=CMP-027
CREATE TABLE sf_grievance.outbox_event_platform (
  seq bigint GENERATED ALWAYS AS IDENTITY PRIMARY KEY,
  event_id uuid NOT NULL UNIQUE,
  topic text NOT NULL CHECK (topic ~ '^[a-zA-Z0-9._-]{3,249}$'),
  partition_key text NOT NULL CHECK (length(partition_key) BETWEEN 1 AND 200),
  event_type text NOT NULL,
  schema_version integer NOT NULL CHECK (schema_version >= 1),
  aggregate_type text NOT NULL,
  aggregate_id uuid NOT NULL,
  aggregate_version bigint NOT NULL CHECK (aggregate_version >= 0),
  envelope jsonb NOT NULL CHECK (octet_length(envelope::text) <= 262144),
  status text NOT NULL DEFAULT 'PENDING' CHECK (status IN ('PENDING', 'PUBLISHED', 'DEAD_LETTERED')),
  attempts integer NOT NULL DEFAULT 0 CHECK (attempts >= 0),
  next_attempt_at timestamptz NOT NULL DEFAULT now(),
  lease_owner text,
  lease_expires_at timestamptz,
  last_error_code text CHECK (last_error_code ~ '^[A-Z][A-Z0-9_]{1,63}$'),
  created_at timestamptz NOT NULL DEFAULT now(),
  published_at timestamptz,
  CHECK (envelope ->> 'event_id' = event_id::text),
  CHECK (jsonb_typeof(envelope -> 'tenant_id') = 'null'),
  CHECK (envelope ->> 'aggregate_id' = aggregate_id::text),
  CHECK (envelope ->> 'event_type' = event_type)
);
CREATE INDEX outbox_event_platform_claim_idx ON sf_grievance.outbox_event_platform (partition_key, seq) WHERE status <> 'PUBLISHED';
CREATE INDEX outbox_event_platform_due_idx ON sf_grievance.outbox_event_platform (next_attempt_at) WHERE status = 'PENDING';
GRANT INSERT ON sf_grievance.outbox_event_platform TO sf_app;

GRANT USAGE ON SCHEMA sf_grievance TO sf_outbox_publisher;
GRANT SELECT, DELETE ON sf_grievance.outbox_event, sf_grievance.outbox_event_platform TO sf_outbox_publisher;
GRANT UPDATE (status, attempts, next_attempt_at, lease_owner, lease_expires_at, last_error_code, published_at)
  ON sf_grievance.outbox_event, sf_grievance.outbox_event_platform TO sf_outbox_publisher;

-- sf:isolation sf_grievance.inbox_event TENANT_SCOPED owner=CMP-027
CREATE TABLE sf_grievance.inbox_event (
  consumer_group text NOT NULL CHECK (consumer_group ~ '^[a-z0-9][a-z0-9._-]{0,99}$'),
  event_id uuid NOT NULL,
  tenant_id uuid NOT NULL,
  processed_at timestamptz NOT NULL DEFAULT now(),
  PRIMARY KEY (consumer_group, event_id)
);
ALTER TABLE sf_grievance.inbox_event ENABLE ROW LEVEL SECURITY;
ALTER TABLE sf_grievance.inbox_event FORCE ROW LEVEL SECURITY;
CREATE POLICY inbox_event_tenant ON sf_grievance.inbox_event TO sf_app
  USING (tenant_id = sf_platform.current_tenant_id())
  WITH CHECK (tenant_id = sf_platform.current_tenant_id());
GRANT SELECT, INSERT ON sf_grievance.inbox_event TO sf_app;

-- sf:isolation sf_grievance.inbox_event_platform PLATFORM_OPERATIONAL owner=CMP-027
CREATE TABLE sf_grievance.inbox_event_platform (
  consumer_group text NOT NULL CHECK (consumer_group ~ '^[a-z0-9][a-z0-9._-]{0,99}$'),
  event_id uuid NOT NULL,
  processed_at timestamptz NOT NULL DEFAULT now(),
  PRIMARY KEY (consumer_group, event_id)
);
GRANT SELECT, INSERT ON sf_grievance.inbox_event_platform TO sf_app;

GRANT USAGE, SELECT ON ALL SEQUENCES IN SCHEMA sf_grievance TO sf_app;
REVOKE ALL ON ALL SEQUENCES IN SCHEMA sf_grievance FROM PUBLIC;
ALTER TABLE sf_grievance.outbox_event OWNER TO sf_migrator;
ALTER TABLE sf_grievance.outbox_event_platform OWNER TO sf_migrator;
ALTER TABLE sf_grievance.inbox_event OWNER TO sf_migrator;
ALTER TABLE sf_grievance.inbox_event_platform OWNER TO sf_migrator;
;
INSERT INTO "public"."sf_schema_migrations" (name, run_on) VALUES ('1759541270001_cmp-027-outbox', NOW());


### MIGRATION 1759541900000_cmp-019-deficiency (UP) ###
--
-- Up Migration

DO $$
BEGIN
  IF NOT EXISTS (SELECT 1 FROM pg_roles WHERE rolname = 'sf_migrator') THEN
    CREATE ROLE sf_migrator NOLOGIN NOSUPERUSER NOCREATEDB NOCREATEROLE NOINHERIT NOBYPASSRLS;
  END IF;
END
$$;

DO $$
BEGIN
  IF NOT EXISTS (SELECT 1 FROM pg_roles WHERE rolname = 'sf_cmp019_rw') THEN
    CREATE ROLE sf_cmp019_rw NOLOGIN NOSUPERUSER NOCREATEDB NOCREATEROLE NOINHERIT NOBYPASSRLS;
  END IF;
END
$$;
COMMENT ON ROLE sf_cmp019_rw IS
  'ADR-0006: CMP-019 privilege role. NOLOGIN. Runtime logins inherit sf_app + this role only.';

CREATE SCHEMA sf_deficiency AUTHORIZATION sf_migrator;
COMMENT ON SCHEMA sf_deficiency IS
  'isolation_class=TENANT_SCOPED; owner=CMP-019; deficiency notices, items, responses, evidence refs';

REVOKE ALL ON SCHEMA sf_deficiency FROM PUBLIC;
GRANT USAGE ON SCHEMA sf_deficiency TO sf_cmp019_rw;
GRANT USAGE ON SCHEMA sf_deficiency TO sf_app;

ALTER DEFAULT PRIVILEGES FOR ROLE sf_migrator IN SCHEMA sf_deficiency REVOKE ALL ON TABLES FROM PUBLIC;
ALTER DEFAULT PRIVILEGES FOR ROLE sf_migrator IN SCHEMA sf_deficiency REVOKE ALL ON SEQUENCES FROM PUBLIC;
ALTER DEFAULT PRIVILEGES FOR ROLE sf_migrator IN SCHEMA sf_deficiency REVOKE ALL ON FUNCTIONS FROM PUBLIC;

GRANT USAGE ON SCHEMA sf_platform TO sf_migrator;

-- sf:isolation sf_deficiency.deficiency_notice TENANT_SCOPED owner=CMP-019
CREATE TABLE sf_deficiency.deficiency_notice (
  tenant_id uuid NOT NULL,
  deficiency_id uuid NOT NULL,
  application_id uuid NOT NULL,
  cell_id text NOT NULL CHECK (cell_id ~ '^cell-[a-z0-9-]{1,40}$'),
  status text NOT NULL CHECK (status IN ('OPEN', 'RESPONSE_RECEIVED', 'CLOSED')),
  reason_code text NOT NULL CHECK (reason_code ~ '^[A-Z][A-Z0-9_]{1,63}$'),
  notice_code text NOT NULL CHECK (notice_code ~ '^[A-Z][A-Z0-9_]{1,63}$'),
  instruction_ref text NOT NULL CHECK (char_length(instruction_ref) BETWEEN 1 AND 200),
  sla_pause_reason_code text NOT NULL DEFAULT 'DEFICIENCY_OPEN'
    CHECK (sla_pause_reason_code ~ '^[A-Z][A-Z0-9_]{1,63}$'),
  sla_stage_code text NOT NULL DEFAULT 'OVERALL'
    CHECK (sla_stage_code ~ '^[A-Z][A-Z0-9_]{1,63}$'),
  response_due_at timestamptz,
  opened_at timestamptz NOT NULL,
  responded_at timestamptz,
  closed_at timestamptz,
  close_reason_code text CHECK (close_reason_code IS NULL OR close_reason_code ~ '^[A-Z][A-Z0-9_]{1,63}$'),
  opened_by uuid NOT NULL,
  closed_by uuid,
  correlation_id uuid NOT NULL,
  aggregate_version bigint NOT NULL DEFAULT 1 CHECK (aggregate_version >= 1),
  created_at timestamptz NOT NULL DEFAULT now(),
  updated_at timestamptz NOT NULL DEFAULT now(),
  PRIMARY KEY (tenant_id, deficiency_id),
  CHECK (status <> 'OPEN' OR (responded_at IS NULL AND closed_at IS NULL AND closed_by IS NULL AND close_reason_code IS NULL)),
  CHECK (status <> 'RESPONSE_RECEIVED' OR (responded_at IS NOT NULL AND closed_at IS NULL)),
  CHECK (status <> 'CLOSED' OR (closed_at IS NOT NULL AND closed_by IS NOT NULL AND close_reason_code IS NOT NULL)),
  CHECK (response_due_at IS NULL OR response_due_at > opened_at)
);
CREATE UNIQUE INDEX deficiency_notice_active_application_uidx
  ON sf_deficiency.deficiency_notice (tenant_id, application_id)
  WHERE status IN ('OPEN', 'RESPONSE_RECEIVED');
CREATE INDEX deficiency_notice_application_idx
  ON sf_deficiency.deficiency_notice (tenant_id, application_id);
ALTER TABLE sf_deficiency.deficiency_notice ENABLE ROW LEVEL SECURITY;
ALTER TABLE sf_deficiency.deficiency_notice FORCE ROW LEVEL SECURITY;
CREATE POLICY deficiency_notice_isolation ON sf_deficiency.deficiency_notice TO sf_app
  USING (tenant_id = sf_platform.current_tenant_id())
  WITH CHECK (tenant_id = sf_platform.current_tenant_id());
ALTER TABLE sf_deficiency.deficiency_notice OWNER TO sf_migrator;

-- sf:isolation sf_deficiency.requested_item TENANT_SCOPED owner=CMP-019
CREATE TABLE sf_deficiency.requested_item (
  tenant_id uuid NOT NULL,
  deficiency_id uuid NOT NULL,
  item_seq smallint NOT NULL CHECK (item_seq >= 1),
  item_code text NOT NULL CHECK (item_code ~ '^[A-Z][A-Z0-9_]{1,63}$'),
  evidence_requirement_ref uuid,
  required boolean NOT NULL DEFAULT true,
  item_status text NOT NULL CHECK (item_status IN ('REQUESTED', 'PROVIDED')),
  PRIMARY KEY (tenant_id, deficiency_id, item_seq),
  UNIQUE (tenant_id, deficiency_id, item_code),
  FOREIGN KEY (tenant_id, deficiency_id)
    REFERENCES sf_deficiency.deficiency_notice (tenant_id, deficiency_id)
);
ALTER TABLE sf_deficiency.requested_item ENABLE ROW LEVEL SECURITY;
ALTER TABLE sf_deficiency.requested_item FORCE ROW LEVEL SECURITY;
CREATE POLICY requested_item_isolation ON sf_deficiency.requested_item TO sf_app
  USING (tenant_id = sf_platform.current_tenant_id())
  WITH CHECK (tenant_id = sf_platform.current_tenant_id());
ALTER TABLE sf_deficiency.requested_item OWNER TO sf_migrator;

-- sf:isolation sf_deficiency.citizen_response TENANT_SCOPED owner=CMP-019
CREATE TABLE sf_deficiency.citizen_response (
  tenant_id uuid NOT NULL,
  response_id uuid NOT NULL,
  deficiency_id uuid NOT NULL,
  narrative_ref text NOT NULL CHECK (char_length(narrative_ref) BETWEEN 1 AND 200),
  responded_at timestamptz NOT NULL,
  actor_id uuid NOT NULL,
  correlation_id uuid NOT NULL,
  PRIMARY KEY (tenant_id, response_id),
  UNIQUE (tenant_id, deficiency_id),
  FOREIGN KEY (tenant_id, deficiency_id)
    REFERENCES sf_deficiency.deficiency_notice (tenant_id, deficiency_id)
);
ALTER TABLE sf_deficiency.citizen_response ENABLE ROW LEVEL SECURITY;
ALTER TABLE sf_deficiency.citizen_response FORCE ROW LEVEL SECURITY;
CREATE POLICY citizen_response_isolation ON sf_deficiency.citizen_response TO sf_app
  USING (tenant_id = sf_platform.current_tenant_id())
  WITH CHECK (tenant_id = sf_platform.current_tenant_id());
ALTER TABLE sf_deficiency.citizen_response OWNER TO sf_migrator;

-- sf:isolation sf_deficiency.evidence_ref TENANT_SCOPED owner=CMP-019
CREATE TABLE sf_deficiency.evidence_ref (
  tenant_id uuid NOT NULL,
  link_id uuid NOT NULL,
  deficiency_id uuid NOT NULL,
  response_id uuid,
  evidence_ref uuid NOT NULL,
  kind_code text NOT NULL CHECK (kind_code ~ '^[A-Z][A-Z0-9_]{1,63}$'),
  attached_by uuid NOT NULL,
  attached_at timestamptz NOT NULL,
  PRIMARY KEY (tenant_id, link_id),
  FOREIGN KEY (tenant_id, deficiency_id)
    REFERENCES sf_deficiency.deficiency_notice (tenant_id, deficiency_id),
  FOREIGN KEY (tenant_id, response_id)
    REFERENCES sf_deficiency.citizen_response (tenant_id, response_id)
);
CREATE INDEX evidence_ref_deficiency_idx
  ON sf_deficiency.evidence_ref (tenant_id, deficiency_id);
ALTER TABLE sf_deficiency.evidence_ref ENABLE ROW LEVEL SECURITY;
ALTER TABLE sf_deficiency.evidence_ref FORCE ROW LEVEL SECURITY;
CREATE POLICY evidence_ref_isolation ON sf_deficiency.evidence_ref TO sf_app
  USING (tenant_id = sf_platform.current_tenant_id())
  WITH CHECK (tenant_id = sf_platform.current_tenant_id());
ALTER TABLE sf_deficiency.evidence_ref OWNER TO sf_migrator;

-- sf:isolation sf_deficiency.deficiency_event TENANT_SCOPED owner=CMP-019
CREATE TABLE sf_deficiency.deficiency_event (
  tenant_id uuid NOT NULL,
  deficiency_id uuid NOT NULL,
  sequence_no bigint NOT NULL CHECK (sequence_no >= 1),
  operation text NOT NULL CHECK (operation IN ('OPEN', 'RESPOND', 'CLOSE')),
  from_status text CHECK (from_status IS NULL OR from_status IN ('OPEN', 'RESPONSE_RECEIVED', 'CLOSED')),
  to_status text NOT NULL CHECK (to_status IN ('OPEN', 'RESPONSE_RECEIVED', 'CLOSED')),
  occurred_at timestamptz NOT NULL,
  reason_code text CHECK (reason_code IS NULL OR reason_code ~ '^[A-Z][A-Z0-9_]{1,63}$'),
  actor_type text NOT NULL CHECK (actor_type IN ('CITIZEN', 'OFFICER', 'SYSTEM', 'INTEGRATION', 'PRIVILEGED_ADMIN')),
  actor_id uuid NOT NULL,
  correlation_id uuid NOT NULL,
  recorded_at timestamptz NOT NULL DEFAULT now(),
  PRIMARY KEY (tenant_id, deficiency_id, sequence_no),
  FOREIGN KEY (tenant_id, deficiency_id)
    REFERENCES sf_deficiency.deficiency_notice (tenant_id, deficiency_id)
);
ALTER TABLE sf_deficiency.deficiency_event ENABLE ROW LEVEL SECURITY;
ALTER TABLE sf_deficiency.deficiency_event FORCE ROW LEVEL SECURITY;
CREATE POLICY deficiency_event_isolation ON sf_deficiency.deficiency_event TO sf_app
  USING (tenant_id = sf_platform.current_tenant_id())
  WITH CHECK (tenant_id = sf_platform.current_tenant_id());
ALTER TABLE sf_deficiency.deficiency_event OWNER TO sf_migrator;

-- sf:isolation sf_deficiency.idempotency_record TENANT_SCOPED owner=CMP-019
CREATE TABLE sf_deficiency.idempotency_record (
  tenant_id uuid NOT NULL,
  principal_id uuid NOT NULL,
  endpoint text NOT NULL,
  idempotency_key text NOT NULL,
  request_fingerprint text NOT NULL CHECK (request_fingerprint ~ '^sha256:[0-9a-f]{64}$'),
  status text NOT NULL CHECK (status IN ('IN_PROGRESS', 'COMPLETED', 'FAILED')),
  response_ref text,
  response_status integer,
  response_body jsonb,
  created_at timestamptz NOT NULL DEFAULT now(),
  expires_at timestamptz NOT NULL,
  PRIMARY KEY (tenant_id, principal_id, endpoint, idempotency_key)
);
ALTER TABLE sf_deficiency.idempotency_record ENABLE ROW LEVEL SECURITY;
ALTER TABLE sf_deficiency.idempotency_record FORCE ROW LEVEL SECURITY;
CREATE POLICY idempotency_record_isolation ON sf_deficiency.idempotency_record TO sf_app
  USING (tenant_id = sf_platform.current_tenant_id())
  WITH CHECK (tenant_id = sf_platform.current_tenant_id());
ALTER TABLE sf_deficiency.idempotency_record OWNER TO sf_migrator;

CREATE FUNCTION sf_deficiency.reject_mutation()
RETURNS trigger
LANGUAGE plpgsql
SET search_path = sf_deficiency, pg_temp
AS $$
BEGIN
  RAISE EXCEPTION 'insert-only deficiency row' USING ERRCODE = '42501';
END;
$$;
ALTER FUNCTION sf_deficiency.reject_mutation() OWNER TO sf_migrator;

CREATE FUNCTION sf_deficiency.guard_item_status()
RETURNS trigger
LANGUAGE plpgsql
SET search_path = sf_deficiency, pg_temp
AS $$
BEGIN
  IF TG_OP = 'DELETE' THEN
    RAISE EXCEPTION 'requested items are retained' USING ERRCODE = '42501';
  END IF;
  IF TG_OP = 'UPDATE' THEN
    IF (to_jsonb(NEW) - 'item_status') IS DISTINCT FROM (to_jsonb(OLD) - 'item_status') THEN
      RAISE EXCEPTION 'requested item identity is immutable' USING ERRCODE = '42501';
    END IF;
    IF NOT (OLD.item_status = 'REQUESTED' AND NEW.item_status = 'PROVIDED') THEN
      RAISE EXCEPTION 'requested item status % -> % refused', OLD.item_status, NEW.item_status;
    END IF;
  END IF;
  RETURN NEW;
END;
$$;
ALTER FUNCTION sf_deficiency.guard_item_status() OWNER TO sf_migrator;

CREATE TRIGGER requested_item_guard
  BEFORE UPDATE OR DELETE ON sf_deficiency.requested_item
  FOR EACH ROW EXECUTE FUNCTION sf_deficiency.guard_item_status();

CREATE TRIGGER citizen_response_immutable
  BEFORE UPDATE OR DELETE ON sf_deficiency.citizen_response
  FOR EACH ROW EXECUTE FUNCTION sf_deficiency.reject_mutation();

CREATE TRIGGER evidence_ref_immutable
  BEFORE UPDATE OR DELETE ON sf_deficiency.evidence_ref
  FOR EACH ROW EXECUTE FUNCTION sf_deficiency.reject_mutation();

CREATE TRIGGER deficiency_event_immutable
  BEFORE UPDATE OR DELETE ON sf_deficiency.deficiency_event
  FOR EACH ROW EXECUTE FUNCTION sf_deficiency.reject_mutation();

CREATE FUNCTION sf_deficiency.guard_notice_transition()
RETURNS trigger
LANGUAGE plpgsql
SET search_path = sf_deficiency, pg_temp
AS $$
BEGIN
  IF TG_OP = 'DELETE' THEN
    RAISE EXCEPTION 'deficiency notices are retained' USING ERRCODE = '42501';
  END IF;
  IF TG_OP = 'INSERT' THEN
    IF NEW.status <> 'OPEN' THEN
      RAISE EXCEPTION 'deficiency notice must start OPEN';
    END IF;
    RETURN NEW;
  END IF;
  IF OLD.status = 'CLOSED' THEN
    RAISE EXCEPTION 'closed deficiency notice is immutable' USING ERRCODE = '42501';
  END IF;
  IF NEW.tenant_id IS DISTINCT FROM OLD.tenant_id
     OR NEW.deficiency_id IS DISTINCT FROM OLD.deficiency_id
     OR NEW.application_id IS DISTINCT FROM OLD.application_id
     OR NEW.cell_id IS DISTINCT FROM OLD.cell_id
     OR NEW.reason_code IS DISTINCT FROM OLD.reason_code
     OR NEW.notice_code IS DISTINCT FROM OLD.notice_code
     OR NEW.instruction_ref IS DISTINCT FROM OLD.instruction_ref
     OR NEW.sla_pause_reason_code IS DISTINCT FROM OLD.sla_pause_reason_code
     OR NEW.sla_stage_code IS DISTINCT FROM OLD.sla_stage_code
     OR NEW.response_due_at IS DISTINCT FROM OLD.response_due_at
     OR NEW.opened_at IS DISTINCT FROM OLD.opened_at
     OR NEW.opened_by IS DISTINCT FROM OLD.opened_by
     OR NEW.correlation_id IS DISTINCT FROM OLD.correlation_id THEN
    RAISE EXCEPTION 'deficiency notice identity and notice metadata are immutable' USING ERRCODE = '42501';
  END IF;
  IF NEW.aggregate_version <> OLD.aggregate_version + 1 THEN
    RAISE EXCEPTION 'deficiency aggregate_version must advance by one';
  END IF;
  IF NOT (
       (OLD.status = 'OPEN' AND NEW.status IN ('RESPONSE_RECEIVED', 'CLOSED'))
    OR (OLD.status = 'RESPONSE_RECEIVED' AND NEW.status = 'CLOSED')
  ) THEN
    RAISE EXCEPTION 'deficiency transition % -> % refused', OLD.status, NEW.status;
  END IF;
  RETURN NEW;
END;
$$;
ALTER FUNCTION sf_deficiency.guard_notice_transition() OWNER TO sf_migrator;

CREATE TRIGGER deficiency_notice_transition_guard
  BEFORE INSERT OR UPDATE OR DELETE ON sf_deficiency.deficiency_notice
  FOR EACH ROW EXECUTE FUNCTION sf_deficiency.guard_notice_transition();

REVOKE ALL ON ALL TABLES IN SCHEMA sf_deficiency FROM PUBLIC;
REVOKE ALL ON ALL SEQUENCES IN SCHEMA sf_deficiency FROM PUBLIC;
REVOKE ALL ON ALL FUNCTIONS IN SCHEMA sf_deficiency FROM PUBLIC;

GRANT SELECT, INSERT,
  UPDATE (
    status, responded_at, closed_at, close_reason_code, closed_by,
    aggregate_version, updated_at
  )
  ON sf_deficiency.deficiency_notice TO sf_cmp019_rw;
GRANT SELECT, INSERT, UPDATE (item_status) ON sf_deficiency.requested_item TO sf_cmp019_rw;
GRANT SELECT, INSERT ON sf_deficiency.citizen_response TO sf_cmp019_rw;
GRANT SELECT, INSERT ON sf_deficiency.evidence_ref TO sf_cmp019_rw;
GRANT SELECT, INSERT ON sf_deficiency.deficiency_event TO sf_cmp019_rw;
GRANT SELECT, INSERT, DELETE, UPDATE (status, response_ref, response_status, response_body)
  ON sf_deficiency.idempotency_record TO sf_cmp019_rw;

GRANT EXECUTE ON FUNCTION sf_deficiency.reject_mutation() TO sf_cmp019_rw;
GRANT EXECUTE ON FUNCTION sf_deficiency.guard_item_status() TO sf_cmp019_rw;
GRANT EXECUTE ON FUNCTION sf_deficiency.guard_notice_transition() TO sf_cmp019_rw;
;
INSERT INTO "public"."sf_schema_migrations" (name, run_on) VALUES ('1759541900000_cmp-019-deficiency', NOW());


### MIGRATION 1759541900001_cmp-019-outbox (UP) ###
--
-- Up Migration

-- SF-CON-OUTBOX v1: normative outbox and inbox layout for every component schema.
-- Copy into the component's own migration, replacing sf_deficiency with the component schema and
-- CMP-019 with its CMP id. Do not add columns or change grants without a Contract Change Request.
-- Requires db/migrations/1759490000000_shared-db-contracts.sql (sf_platform.current_tenant_id(),
-- role sf_outbox_publisher).
--
-- Rules (summary; the schema contracts/shared/schemas/outbox-record.schema.json is authoritative
-- for row content):
--  1. Producers INSERT exactly one row per event in the same transaction as the state change,
--     after validating the envelope against SF-CON-EVENT-ENVELOPE. Producers never SELECT,
--     UPDATE or DELETE outbox rows.
--  2. Envelopes with a tenant_id go to outbox_event; envelopes with tenant_id null go to
--     outbox_event_platform.
--  3. The publisher (packages/outbox, CMP-038) runs as a login role that is a member of
--     sf_outbox_publisher only. It claims PENDING rows by setting lease_owner/lease_expires_at
--     in one short transaction, publishes with no transaction open, then sets PUBLISHED (or
--     schedules a retry) in another. An expired lease makes a row claimable again, so delivery
--     is at-least-once.
--  4. For one partition_key, a row is claimable only when no row with a lower seq is PENDING or
--     DEAD_LETTERED. A DEAD_LETTERED row therefore holds its key until an operator replays or
--     discards it through an audited action.
--  5. Consumers record (consumer_group, event_id) in inbox_event or inbox_event_platform in the
--     same transaction as their own state change; a conflict means the event was already applied.
--  6. The publisher deletes PUBLISHED rows only after the topic's retention window in the CMP-038
--     topic registry.

-- sf:isolation sf_deficiency.outbox_event TENANT_SCOPED owner=CMP-019
CREATE TABLE sf_deficiency.outbox_event (
  seq bigint GENERATED ALWAYS AS IDENTITY PRIMARY KEY,
  event_id uuid NOT NULL UNIQUE,
  tenant_id uuid NOT NULL,
  topic text NOT NULL CHECK (topic ~ '^[a-zA-Z0-9._-]{3,249}$'),
  partition_key text NOT NULL CHECK (length(partition_key) BETWEEN 1 AND 200),
  event_type text NOT NULL,
  schema_version integer NOT NULL CHECK (schema_version >= 1),
  aggregate_type text NOT NULL,
  aggregate_id uuid NOT NULL,
  aggregate_version bigint NOT NULL CHECK (aggregate_version >= 0),
  envelope jsonb NOT NULL CHECK (octet_length(envelope::text) <= 262144),
  status text NOT NULL DEFAULT 'PENDING' CHECK (status IN ('PENDING', 'PUBLISHED', 'DEAD_LETTERED')),
  attempts integer NOT NULL DEFAULT 0 CHECK (attempts >= 0),
  next_attempt_at timestamptz NOT NULL DEFAULT now(),
  lease_owner text,
  lease_expires_at timestamptz,
  last_error_code text CHECK (last_error_code ~ '^[A-Z][A-Z0-9_]{1,63}$'),
  created_at timestamptz NOT NULL DEFAULT now(),
  published_at timestamptz,
  CHECK (envelope ->> 'event_id' = event_id::text),
  CHECK (envelope ->> 'tenant_id' = tenant_id::text),
  CHECK (envelope ->> 'aggregate_id' = aggregate_id::text),
  CHECK (envelope ->> 'event_type' = event_type)
);
CREATE INDEX outbox_event_claim_idx ON sf_deficiency.outbox_event (partition_key, seq) WHERE status <> 'PUBLISHED';
CREATE INDEX outbox_event_due_idx ON sf_deficiency.outbox_event (next_attempt_at) WHERE status = 'PENDING';
ALTER TABLE sf_deficiency.outbox_event ENABLE ROW LEVEL SECURITY;
ALTER TABLE sf_deficiency.outbox_event FORCE ROW LEVEL SECURITY;
CREATE POLICY outbox_event_tenant_insert ON sf_deficiency.outbox_event FOR INSERT TO sf_app
  WITH CHECK (tenant_id = sf_platform.current_tenant_id());
CREATE POLICY outbox_event_publisher ON sf_deficiency.outbox_event TO sf_outbox_publisher
  USING (true) WITH CHECK (true);
GRANT INSERT ON sf_deficiency.outbox_event TO sf_app;

-- sf:isolation sf_deficiency.outbox_event_platform PLATFORM_OPERATIONAL owner=CMP-019
CREATE TABLE sf_deficiency.outbox_event_platform (
  seq bigint GENERATED ALWAYS AS IDENTITY PRIMARY KEY,
  event_id uuid NOT NULL UNIQUE,
  topic text NOT NULL CHECK (topic ~ '^[a-zA-Z0-9._-]{3,249}$'),
  partition_key text NOT NULL CHECK (length(partition_key) BETWEEN 1 AND 200),
  event_type text NOT NULL,
  schema_version integer NOT NULL CHECK (schema_version >= 1),
  aggregate_type text NOT NULL,
  aggregate_id uuid NOT NULL,
  aggregate_version bigint NOT NULL CHECK (aggregate_version >= 0),
  envelope jsonb NOT NULL CHECK (octet_length(envelope::text) <= 262144),
  status text NOT NULL DEFAULT 'PENDING' CHECK (status IN ('PENDING', 'PUBLISHED', 'DEAD_LETTERED')),
  attempts integer NOT NULL DEFAULT 0 CHECK (attempts >= 0),
  next_attempt_at timestamptz NOT NULL DEFAULT now(),
  lease_owner text,
  lease_expires_at timestamptz,
  last_error_code text CHECK (last_error_code ~ '^[A-Z][A-Z0-9_]{1,63}$'),
  created_at timestamptz NOT NULL DEFAULT now(),
  published_at timestamptz,
  CHECK (envelope ->> 'event_id' = event_id::text),
  CHECK (jsonb_typeof(envelope -> 'tenant_id') = 'null'),
  CHECK (envelope ->> 'aggregate_id' = aggregate_id::text),
  CHECK (envelope ->> 'event_type' = event_type)
);
CREATE INDEX outbox_event_platform_claim_idx ON sf_deficiency.outbox_event_platform (partition_key, seq) WHERE status <> 'PUBLISHED';
CREATE INDEX outbox_event_platform_due_idx ON sf_deficiency.outbox_event_platform (next_attempt_at) WHERE status = 'PENDING';
GRANT INSERT ON sf_deficiency.outbox_event_platform TO sf_app;

GRANT USAGE ON SCHEMA sf_deficiency TO sf_outbox_publisher;
GRANT SELECT, DELETE ON sf_deficiency.outbox_event, sf_deficiency.outbox_event_platform TO sf_outbox_publisher;
GRANT UPDATE (status, attempts, next_attempt_at, lease_owner, lease_expires_at, last_error_code, published_at)
  ON sf_deficiency.outbox_event, sf_deficiency.outbox_event_platform TO sf_outbox_publisher;

-- sf:isolation sf_deficiency.inbox_event TENANT_SCOPED owner=CMP-019
CREATE TABLE sf_deficiency.inbox_event (
  consumer_group text NOT NULL CHECK (consumer_group ~ '^[a-z0-9][a-z0-9._-]{0,99}$'),
  event_id uuid NOT NULL,
  tenant_id uuid NOT NULL,
  processed_at timestamptz NOT NULL DEFAULT now(),
  PRIMARY KEY (consumer_group, event_id)
);
ALTER TABLE sf_deficiency.inbox_event ENABLE ROW LEVEL SECURITY;
ALTER TABLE sf_deficiency.inbox_event FORCE ROW LEVEL SECURITY;
CREATE POLICY inbox_event_tenant ON sf_deficiency.inbox_event TO sf_app
  USING (tenant_id = sf_platform.current_tenant_id())
  WITH CHECK (tenant_id = sf_platform.current_tenant_id());
GRANT SELECT, INSERT ON sf_deficiency.inbox_event TO sf_app;

-- sf:isolation sf_deficiency.inbox_event_platform PLATFORM_OPERATIONAL owner=CMP-019
CREATE TABLE sf_deficiency.inbox_event_platform (
  consumer_group text NOT NULL CHECK (consumer_group ~ '^[a-z0-9][a-z0-9._-]{0,99}$'),
  event_id uuid NOT NULL,
  processed_at timestamptz NOT NULL DEFAULT now(),
  PRIMARY KEY (consumer_group, event_id)
);
GRANT SELECT, INSERT ON sf_deficiency.inbox_event_platform TO sf_app;

-- Identity sequences are required for the frozen template GRANT INSERT … TO sf_app.
-- Table grants in the template body above are unchanged (ADR-0006 condition 9).
GRANT USAGE, SELECT ON ALL SEQUENCES IN SCHEMA sf_deficiency TO sf_app;
REVOKE ALL ON ALL SEQUENCES IN SCHEMA sf_deficiency FROM PUBLIC;
ALTER TABLE sf_deficiency.outbox_event OWNER TO sf_migrator;
ALTER TABLE sf_deficiency.outbox_event_platform OWNER TO sf_migrator;
ALTER TABLE sf_deficiency.inbox_event OWNER TO sf_migrator;
ALTER TABLE sf_deficiency.inbox_event_platform OWNER TO sf_migrator;
;
INSERT INTO "public"."sf_schema_migrations" (name, run_on) VALUES ('1759541900001_cmp-019-outbox', NOW());


### MIGRATION 1759541900002_cmp-019-reconciliation (UP) ###
--
-- Up Migration

-- sf:isolation sf_deficiency.reconciliation_intent TENANT_SCOPED owner=CMP-019
CREATE TABLE sf_deficiency.reconciliation_intent (
  tenant_id uuid NOT NULL,
  intent_id uuid NOT NULL,
  deficiency_id uuid NOT NULL,
  application_id uuid NOT NULL,
  cell_id text NOT NULL CHECK (cell_id ~ '^cell-[a-z0-9-]{1,40}$'),
  correlation_id uuid NOT NULL,
  source_event_id uuid NOT NULL,
  operation text NOT NULL CHECK (operation IN ('OPEN', 'RESPOND', 'CLOSE')),
  -- Case command reconstruction (NULL when no case effect for this operation)
  case_command text CHECK (
    case_command IS NULL
    OR case_command IN ('RAISE_DEFICIENCY', 'RECORD_CITIZEN_RESPONSE')
  ),
  case_expected_state text CHECK (
    case_expected_state IS NULL OR char_length(case_expected_state) BETWEEN 1 AND 64
  ),
  case_expected_version bigint CHECK (
    case_expected_version IS NULL OR case_expected_version >= 0
  ),
  case_reason_code text CHECK (
    case_reason_code IS NULL OR case_reason_code ~ '^[A-Z][A-Z0-9_]{1,63}$'
  ),
  case_idempotency_key text CHECK (
    case_idempotency_key IS NULL OR char_length(case_idempotency_key) BETWEEN 1 AND 128
  ),
  case_effect_status text NOT NULL DEFAULT 'NONE'
    CHECK (case_effect_status IN ('NONE', 'PENDING', 'APPLIED', 'FAILED_STALE', 'FAILED_RETRYABLE')),
  -- SLA pause/resume reconstruction (NULL when no SLA effect)
  sla_kind text CHECK (sla_kind IS NULL OR sla_kind IN ('pause', 'resume')),
  sla_stage_code text CHECK (
    sla_stage_code IS NULL OR sla_stage_code ~ '^[A-Z][A-Z0-9_]{1,63}$'
  ),
  sla_reason_code text CHECK (
    sla_reason_code IS NULL OR sla_reason_code ~ '^[A-Z][A-Z0-9_]{1,63}$'
  ),
  sla_idempotency_key text CHECK (
    sla_idempotency_key IS NULL OR char_length(sla_idempotency_key) BETWEEN 1 AND 128
  ),
  sla_effect_status text NOT NULL DEFAULT 'NONE'
    CHECK (sla_effect_status IN ('NONE', 'PENDING', 'APPLIED', 'FAILED_RETRYABLE')),
  -- Notification port reconstruction (M06 CMP-025); not authoritative for INT-009 case/SLA
  notification_kind text CHECK (
    notification_kind IS NULL
    OR notification_kind IN ('DEFICIENCY_OPENED', 'DEFICIENCY_RESPONDED', 'DEFICIENCY_CLOSED')
  ),
  notification_effect_status text NOT NULL DEFAULT 'NONE'
    CHECK (notification_effect_status IN ('NONE', 'PENDING', 'APPLIED', 'FAILED_RETRYABLE')),
  last_error_code text CHECK (
    last_error_code IS NULL OR last_error_code ~ '^[A-Z][A-Z0-9_]{1,63}$'
  ),
  created_at timestamptz NOT NULL DEFAULT now(),
  updated_at timestamptz NOT NULL DEFAULT now(),
  PRIMARY KEY (tenant_id, intent_id),
  UNIQUE (tenant_id, source_event_id),
  FOREIGN KEY (tenant_id, deficiency_id)
    REFERENCES sf_deficiency.deficiency_notice (tenant_id, deficiency_id),
  CHECK (
    (case_command IS NULL AND case_effect_status = 'NONE')
    OR (
      case_command IS NOT NULL
      AND case_expected_state IS NOT NULL
      AND case_expected_version IS NOT NULL
      AND case_idempotency_key IS NOT NULL
      AND case_effect_status <> 'NONE'
    )
  ),
  CHECK (
    (sla_kind IS NULL AND sla_effect_status = 'NONE')
    OR (
      sla_kind IS NOT NULL
      AND sla_stage_code IS NOT NULL
      AND sla_reason_code IS NOT NULL
      AND sla_idempotency_key IS NOT NULL
      AND sla_effect_status <> 'NONE'
    )
  ),
  CHECK (
    (notification_kind IS NULL AND notification_effect_status = 'NONE')
    OR (notification_kind IS NOT NULL AND notification_effect_status <> 'NONE')
  )
);
CREATE INDEX reconciliation_intent_pending_idx
  ON sf_deficiency.reconciliation_intent (tenant_id, created_at)
  WHERE case_effect_status IN ('PENDING', 'FAILED_RETRYABLE')
     OR sla_effect_status IN ('PENDING', 'FAILED_RETRYABLE')
     OR notification_effect_status IN ('PENDING', 'FAILED_RETRYABLE');
CREATE INDEX reconciliation_intent_deficiency_idx
  ON sf_deficiency.reconciliation_intent (tenant_id, deficiency_id);
ALTER TABLE sf_deficiency.reconciliation_intent ENABLE ROW LEVEL SECURITY;
ALTER TABLE sf_deficiency.reconciliation_intent FORCE ROW LEVEL SECURITY;
CREATE POLICY reconciliation_intent_isolation ON sf_deficiency.reconciliation_intent TO sf_app
  USING (tenant_id = sf_platform.current_tenant_id())
  WITH CHECK (tenant_id = sf_platform.current_tenant_id());
ALTER TABLE sf_deficiency.reconciliation_intent OWNER TO sf_migrator;

REVOKE ALL ON TABLE sf_deficiency.reconciliation_intent FROM PUBLIC;
GRANT SELECT, INSERT,
  UPDATE (
    case_effect_status, sla_effect_status, notification_effect_status,
    last_error_code, updated_at
  )
  ON sf_deficiency.reconciliation_intent TO sf_cmp019_rw;
;
INSERT INTO "public"."sf_schema_migrations" (name, run_on) VALUES ('1759541900002_cmp-019-reconciliation', NOW());


### MIGRATION 1759542600000_cmp-026-communication-messaging (UP) ###
--
-- Up Migration

DO $$
BEGIN
  IF NOT EXISTS (SELECT 1 FROM pg_roles WHERE rolname = 'sf_migrator') THEN
    CREATE ROLE sf_migrator NOLOGIN NOSUPERUSER NOCREATEDB NOCREATEROLE NOINHERIT NOBYPASSRLS;
  END IF;
END
$$;

DO $$
BEGIN
  IF NOT EXISTS (SELECT 1 FROM pg_roles WHERE rolname = 'sf_cmp026_rw') THEN
    CREATE ROLE sf_cmp026_rw NOLOGIN NOSUPERUSER NOCREATEDB NOCREATEROLE NOINHERIT NOBYPASSRLS;
  END IF;
END
$$;
COMMENT ON ROLE sf_cmp026_rw IS
  'ADR-0006: CMP-026 privilege role. NOLOGIN. Runtime logins inherit sf_app + this role only.';

CREATE SCHEMA sf_messaging AUTHORIZATION sf_migrator;
COMMENT ON SCHEMA sf_messaging IS
  'isolation_class=TENANT_SCOPED; owner=CMP-026; case-scoped threads, participants, messages, notices, acknowledgements';

REVOKE ALL ON SCHEMA sf_messaging FROM PUBLIC;
GRANT USAGE ON SCHEMA sf_messaging TO sf_cmp026_rw;
GRANT USAGE ON SCHEMA sf_messaging TO sf_app;

ALTER DEFAULT PRIVILEGES FOR ROLE sf_migrator IN SCHEMA sf_messaging REVOKE ALL ON TABLES FROM PUBLIC;
ALTER DEFAULT PRIVILEGES FOR ROLE sf_migrator IN SCHEMA sf_messaging REVOKE ALL ON SEQUENCES FROM PUBLIC;
ALTER DEFAULT PRIVILEGES FOR ROLE sf_migrator IN SCHEMA sf_messaging REVOKE ALL ON FUNCTIONS FROM PUBLIC;

GRANT USAGE ON SCHEMA sf_platform TO sf_migrator;

-- sf:isolation sf_messaging.thread TENANT_SCOPED owner=CMP-026
CREATE TABLE sf_messaging.thread (
  thread_id uuid PRIMARY KEY,
  tenant_id uuid NOT NULL,
  cell_id text NOT NULL CHECK (cell_id ~ '^cell-[a-z0-9-]{1,40}$'),
  application_id uuid NOT NULL,
  subject_code text CHECK (subject_code IS NULL OR subject_code ~ '^[A-Z][A-Z0-9_]{1,63}$'),
  status text NOT NULL CHECK (status IN ('OPEN', 'CLOSED', 'ARCHIVED')),
  aggregate_version bigint NOT NULL CHECK (aggregate_version >= 1),
  message_seq bigint NOT NULL DEFAULT 0 CHECK (message_seq >= 0),
  organisation_id uuid,
  jurisdiction_id uuid,
  created_by uuid NOT NULL,
  created_at timestamptz NOT NULL,
  updated_at timestamptz NOT NULL,
  last_correlation_id uuid NOT NULL,
  UNIQUE (tenant_id, thread_id)
);
CREATE INDEX thread_application_idx ON sf_messaging.thread (tenant_id, application_id, created_at DESC);
ALTER TABLE sf_messaging.thread ENABLE ROW LEVEL SECURITY;
ALTER TABLE sf_messaging.thread FORCE ROW LEVEL SECURITY;
CREATE POLICY thread_tenant ON sf_messaging.thread TO sf_app
  USING (tenant_id = sf_platform.current_tenant_id())
  WITH CHECK (tenant_id = sf_platform.current_tenant_id());
ALTER TABLE sf_messaging.thread OWNER TO sf_migrator;

-- sf:isolation sf_messaging.thread_transition TENANT_SCOPED owner=CMP-026
CREATE TABLE sf_messaging.thread_transition (
  transition_id uuid PRIMARY KEY,
  tenant_id uuid NOT NULL,
  thread_id uuid NOT NULL,
  command text NOT NULL CHECK (command ~ '^[A-Z][A-Z0-9_]{1,63}$'),
  from_status text,
  to_status text NOT NULL,
  aggregate_version bigint NOT NULL CHECK (aggregate_version >= 1),
  idempotency_key text NOT NULL CHECK (idempotency_key ~ '^[A-Za-z0-9_.:-]{8,128}$'),
  authz_decision_id uuid NOT NULL,
  authz_policy_revision text NOT NULL CHECK (char_length(authz_policy_revision) BETWEEN 1 AND 128),
  correlation_id uuid NOT NULL,
  actor_type text NOT NULL CHECK (actor_type IN ('CITIZEN', 'OFFICER', 'SYSTEM', 'INTEGRATION', 'PRIVILEGED_ADMIN')),
  actor_id uuid NOT NULL,
  occurred_at timestamptz NOT NULL,
  UNIQUE (tenant_id, thread_id, aggregate_version),
  FOREIGN KEY (tenant_id, thread_id) REFERENCES sf_messaging.thread (tenant_id, thread_id)
);
ALTER TABLE sf_messaging.thread_transition ENABLE ROW LEVEL SECURITY;
ALTER TABLE sf_messaging.thread_transition FORCE ROW LEVEL SECURITY;
CREATE POLICY thread_transition_tenant ON sf_messaging.thread_transition TO sf_app
  USING (tenant_id = sf_platform.current_tenant_id())
  WITH CHECK (tenant_id = sf_platform.current_tenant_id());
ALTER TABLE sf_messaging.thread_transition OWNER TO sf_migrator;

-- sf:isolation sf_messaging.participant TENANT_SCOPED owner=CMP-026
CREATE TABLE sf_messaging.participant (
  participant_id uuid PRIMARY KEY,
  tenant_id uuid NOT NULL,
  thread_id uuid NOT NULL,
  actor_id uuid NOT NULL,
  participant_ref text NOT NULL CHECK (char_length(participant_ref) BETWEEN 1 AND 128),
  role_code text NOT NULL CHECK (role_code ~ '^[A-Z][A-Z0-9_]{1,63}$'),
  added_by uuid NOT NULL,
  added_at timestamptz NOT NULL,
  removed_at timestamptz,
  removed_by uuid,
  UNIQUE (tenant_id, thread_id, actor_id),
  UNIQUE (tenant_id, thread_id, participant_ref),
  CHECK ((removed_at IS NULL) = (removed_by IS NULL)),
  FOREIGN KEY (tenant_id, thread_id) REFERENCES sf_messaging.thread (tenant_id, thread_id)
);
CREATE INDEX participant_actor_idx ON sf_messaging.participant (tenant_id, actor_id, thread_id);
ALTER TABLE sf_messaging.participant ENABLE ROW LEVEL SECURITY;
ALTER TABLE sf_messaging.participant FORCE ROW LEVEL SECURITY;
CREATE POLICY participant_tenant ON sf_messaging.participant TO sf_app
  USING (tenant_id = sf_platform.current_tenant_id())
  WITH CHECK (tenant_id = sf_platform.current_tenant_id());
ALTER TABLE sf_messaging.participant OWNER TO sf_migrator;

-- sf:isolation sf_messaging.message TENANT_SCOPED owner=CMP-026
CREATE TABLE sf_messaging.message (
  message_id uuid PRIMARY KEY,
  tenant_id uuid NOT NULL,
  thread_id uuid NOT NULL,
  sequence bigint NOT NULL CHECK (sequence >= 1),
  kind text NOT NULL CHECK (kind IN ('MESSAGE', 'OFFICIAL_NOTICE')),
  sender_actor_type text NOT NULL CHECK (sender_actor_type IN ('CITIZEN', 'OFFICER', 'SYSTEM', 'INTEGRATION', 'PRIVILEGED_ADMIN')),
  sender_id uuid NOT NULL,
  sender_participant_ref text NOT NULL CHECK (char_length(sender_participant_ref) BETWEEN 1 AND 128),
  body_text text NOT NULL CHECK (char_length(body_text) BETWEEN 1 AND 8000),
  body_sha256 text NOT NULL CHECK (body_sha256 ~ '^sha256:[0-9a-f]{64}$'),
  ack_required boolean NOT NULL DEFAULT false,
  ack_due_at timestamptz,
  created_at timestamptz NOT NULL,
  correlation_id uuid NOT NULL,
  UNIQUE (tenant_id, message_id),
  UNIQUE (tenant_id, thread_id, sequence),
  CHECK (kind = 'OFFICIAL_NOTICE' OR (ack_required = false AND ack_due_at IS NULL)),
  CHECK (ack_due_at IS NULL OR ack_required),
  FOREIGN KEY (tenant_id, thread_id) REFERENCES sf_messaging.thread (tenant_id, thread_id)
);
ALTER TABLE sf_messaging.message ENABLE ROW LEVEL SECURITY;
ALTER TABLE sf_messaging.message FORCE ROW LEVEL SECURITY;
CREATE POLICY message_tenant ON sf_messaging.message TO sf_app
  USING (tenant_id = sf_platform.current_tenant_id())
  WITH CHECK (tenant_id = sf_platform.current_tenant_id());
ALTER TABLE sf_messaging.message OWNER TO sf_migrator;

-- sf:isolation sf_messaging.message_attachment TENANT_SCOPED owner=CMP-026
CREATE TABLE sf_messaging.message_attachment (
  attachment_id uuid PRIMARY KEY,
  tenant_id uuid NOT NULL,
  thread_id uuid NOT NULL,
  message_id uuid NOT NULL,
  storage_key text NOT NULL CHECK (
    char_length(storage_key) BETWEEN 8 AND 256
    AND storage_key ~ '^[A-Za-z0-9_./:-]+$'
    AND storage_key NOT LIKE '%..%'
  ),
  byte_size bigint NOT NULL CHECK (byte_size >= 0),
  checksum_sha256 text NOT NULL CHECK (checksum_sha256 ~ '^sha256:[0-9a-f]{64}$'),
  scan_verdict text NOT NULL CHECK (scan_verdict = 'CLEAN'),
  created_at timestamptz NOT NULL,
  UNIQUE (tenant_id, attachment_id),
  UNIQUE (tenant_id, message_id, storage_key),
  FOREIGN KEY (tenant_id, message_id) REFERENCES sf_messaging.message (tenant_id, message_id),
  FOREIGN KEY (tenant_id, thread_id) REFERENCES sf_messaging.thread (tenant_id, thread_id)
);
ALTER TABLE sf_messaging.message_attachment ENABLE ROW LEVEL SECURITY;
ALTER TABLE sf_messaging.message_attachment FORCE ROW LEVEL SECURITY;
CREATE POLICY message_attachment_tenant ON sf_messaging.message_attachment TO sf_app
  USING (tenant_id = sf_platform.current_tenant_id())
  WITH CHECK (tenant_id = sf_platform.current_tenant_id());
ALTER TABLE sf_messaging.message_attachment OWNER TO sf_migrator;

-- sf:isolation sf_messaging.message_retraction TENANT_SCOPED owner=CMP-026
CREATE TABLE sf_messaging.message_retraction (
  retraction_id uuid PRIMARY KEY,
  tenant_id uuid NOT NULL,
  thread_id uuid NOT NULL,
  message_id uuid NOT NULL,
  retracted_by uuid NOT NULL,
  reason_code text CHECK (reason_code IS NULL OR reason_code ~ '^[A-Z][A-Z0-9_]{1,63}$'),
  retracted_at timestamptz NOT NULL,
  correlation_id uuid NOT NULL,
  UNIQUE (tenant_id, message_id),
  FOREIGN KEY (tenant_id, message_id) REFERENCES sf_messaging.message (tenant_id, message_id)
);
ALTER TABLE sf_messaging.message_retraction ENABLE ROW LEVEL SECURITY;
ALTER TABLE sf_messaging.message_retraction FORCE ROW LEVEL SECURITY;
CREATE POLICY message_retraction_tenant ON sf_messaging.message_retraction TO sf_app
  USING (tenant_id = sf_platform.current_tenant_id())
  WITH CHECK (tenant_id = sf_platform.current_tenant_id());
ALTER TABLE sf_messaging.message_retraction OWNER TO sf_migrator;

-- sf:isolation sf_messaging.notice_acknowledgement TENANT_SCOPED owner=CMP-026
CREATE TABLE sf_messaging.notice_acknowledgement (
  ack_id uuid PRIMARY KEY,
  tenant_id uuid NOT NULL,
  thread_id uuid NOT NULL,
  message_id uuid NOT NULL,
  actor_id uuid NOT NULL,
  acknowledged_at timestamptz NOT NULL,
  correlation_id uuid NOT NULL,
  UNIQUE (tenant_id, message_id, actor_id),
  FOREIGN KEY (tenant_id, message_id) REFERENCES sf_messaging.message (tenant_id, message_id)
);
ALTER TABLE sf_messaging.notice_acknowledgement ENABLE ROW LEVEL SECURITY;
ALTER TABLE sf_messaging.notice_acknowledgement FORCE ROW LEVEL SECURITY;
CREATE POLICY notice_acknowledgement_tenant ON sf_messaging.notice_acknowledgement TO sf_app
  USING (tenant_id = sf_platform.current_tenant_id())
  WITH CHECK (tenant_id = sf_platform.current_tenant_id());
ALTER TABLE sf_messaging.notice_acknowledgement OWNER TO sf_migrator;

-- sf:isolation sf_messaging.read_receipt TENANT_SCOPED owner=CMP-026
CREATE TABLE sf_messaging.read_receipt (
  tenant_id uuid NOT NULL,
  thread_id uuid NOT NULL,
  actor_id uuid NOT NULL,
  last_read_sequence bigint NOT NULL CHECK (last_read_sequence >= 0),
  read_at timestamptz NOT NULL,
  PRIMARY KEY (tenant_id, thread_id, actor_id),
  FOREIGN KEY (tenant_id, thread_id) REFERENCES sf_messaging.thread (tenant_id, thread_id)
);
ALTER TABLE sf_messaging.read_receipt ENABLE ROW LEVEL SECURITY;
ALTER TABLE sf_messaging.read_receipt FORCE ROW LEVEL SECURITY;
CREATE POLICY read_receipt_tenant ON sf_messaging.read_receipt TO sf_app
  USING (tenant_id = sf_platform.current_tenant_id())
  WITH CHECK (tenant_id = sf_platform.current_tenant_id());
ALTER TABLE sf_messaging.read_receipt OWNER TO sf_migrator;

-- sf:isolation sf_messaging.idempotency_record TENANT_SCOPED owner=CMP-026
CREATE TABLE sf_messaging.idempotency_record (
  tenant_id uuid NOT NULL,
  principal_id uuid NOT NULL,
  endpoint text NOT NULL,
  idempotency_key text NOT NULL,
  request_fingerprint text NOT NULL CHECK (request_fingerprint ~ '^sha256:[0-9a-f]{64}$'),
  status text NOT NULL CHECK (status IN ('IN_PROGRESS', 'COMPLETED', 'FAILED')),
  response_ref text,
  response_status integer,
  response_body jsonb,
  created_at timestamptz NOT NULL DEFAULT now(),
  expires_at timestamptz NOT NULL,
  PRIMARY KEY (tenant_id, principal_id, endpoint, idempotency_key)
);
ALTER TABLE sf_messaging.idempotency_record ENABLE ROW LEVEL SECURITY;
ALTER TABLE sf_messaging.idempotency_record FORCE ROW LEVEL SECURITY;
CREATE POLICY idempotency_tenant ON sf_messaging.idempotency_record TO sf_app
  USING (tenant_id = sf_platform.current_tenant_id())
  WITH CHECK (tenant_id = sf_platform.current_tenant_id());
ALTER TABLE sf_messaging.idempotency_record OWNER TO sf_migrator;

CREATE FUNCTION sf_messaging.enforce_thread() RETURNS trigger
  LANGUAGE plpgsql
  AS $$
DECLARE
  legal constant text[] := ARRAY['OPEN>CLOSED', 'CLOSED>OPEN', 'CLOSED>ARCHIVED'];
BEGIN
  IF TG_OP = 'DELETE' THEN
    RAISE EXCEPTION 'thread rows are never deleted'
      USING ERRCODE = 'P0001', HINT = 'SF_RECORD_IMMUTABLE';
  END IF;
  IF TG_OP = 'INSERT' THEN
    IF NEW.status <> 'OPEN' OR NEW.aggregate_version <> 1 OR NEW.message_seq <> 0 THEN
      RAISE EXCEPTION 'a thread is created only as OPEN at aggregate_version 1 with no messages'
        USING ERRCODE = 'P0001', HINT = 'SF_INVALID_TRANSITION';
    END IF;
    RETURN NEW;
  END IF;
  IF (NEW.thread_id, NEW.tenant_id, NEW.cell_id, NEW.application_id, NEW.subject_code,
      NEW.organisation_id, NEW.jurisdiction_id, NEW.created_by, NEW.created_at)
     IS DISTINCT FROM
     (OLD.thread_id, OLD.tenant_id, OLD.cell_id, OLD.application_id, OLD.subject_code,
      OLD.organisation_id, OLD.jurisdiction_id, OLD.created_by, OLD.created_at) THEN
    RAISE EXCEPTION 'thread identity columns are immutable'
      USING ERRCODE = 'P0001', HINT = 'SF_RECORD_IMMUTABLE';
  END IF;
  IF NEW.status IS DISTINCT FROM OLD.status THEN
    IF NEW.aggregate_version <> OLD.aggregate_version + 1 OR NEW.message_seq <> OLD.message_seq THEN
      RAISE EXCEPTION 'a status change advances aggregate_version by exactly one'
        USING ERRCODE = 'P0001', HINT = 'SF_STALE_VERSION';
    END IF;
    IF NOT ((OLD.status || '>' || NEW.status) = ANY (legal)) THEN
      RAISE EXCEPTION 'illegal thread transition'
        USING ERRCODE = 'P0001', HINT = 'SF_INVALID_TRANSITION';
    END IF;
  ELSE
    IF NEW.aggregate_version <> OLD.aggregate_version OR NEW.message_seq <> OLD.message_seq + 1 THEN
      RAISE EXCEPTION 'message_seq advances by exactly one and only on an open thread'
        USING ERRCODE = 'P0001', HINT = 'SF_STALE_VERSION';
    END IF;
    IF OLD.status <> 'OPEN' THEN
      RAISE EXCEPTION 'thread is not open'
        USING ERRCODE = 'P0001', HINT = 'SF_THREAD_NOT_OPEN';
    END IF;
  END IF;
  RETURN NEW;
END
$$;
ALTER FUNCTION sf_messaging.enforce_thread() OWNER TO sf_migrator;
REVOKE ALL ON FUNCTION sf_messaging.enforce_thread() FROM PUBLIC;
GRANT EXECUTE ON FUNCTION sf_messaging.enforce_thread() TO sf_cmp026_rw;

CREATE TRIGGER thread_guard
  BEFORE INSERT OR UPDATE OR DELETE ON sf_messaging.thread
  FOR EACH ROW
  EXECUTE FUNCTION sf_messaging.enforce_thread();

CREATE FUNCTION sf_messaging.prevent_mutation() RETURNS trigger
  LANGUAGE plpgsql
  AS $$
BEGIN
  RAISE EXCEPTION 'append-only messaging rows'
    USING ERRCODE = 'P0001', HINT = 'SF_RECORD_IMMUTABLE';
END
$$;
ALTER FUNCTION sf_messaging.prevent_mutation() OWNER TO sf_migrator;
REVOKE ALL ON FUNCTION sf_messaging.prevent_mutation() FROM PUBLIC;
GRANT EXECUTE ON FUNCTION sf_messaging.prevent_mutation() TO sf_cmp026_rw;

CREATE TRIGGER thread_transition_immutable
  BEFORE UPDATE OR DELETE ON sf_messaging.thread_transition
  FOR EACH ROW EXECUTE FUNCTION sf_messaging.prevent_mutation();
CREATE TRIGGER message_immutable
  BEFORE UPDATE OR DELETE ON sf_messaging.message
  FOR EACH ROW EXECUTE FUNCTION sf_messaging.prevent_mutation();
CREATE TRIGGER message_attachment_immutable
  BEFORE UPDATE OR DELETE ON sf_messaging.message_attachment
  FOR EACH ROW EXECUTE FUNCTION sf_messaging.prevent_mutation();
CREATE TRIGGER message_retraction_immutable
  BEFORE UPDATE OR DELETE ON sf_messaging.message_retraction
  FOR EACH ROW EXECUTE FUNCTION sf_messaging.prevent_mutation();
CREATE TRIGGER notice_acknowledgement_immutable
  BEFORE UPDATE OR DELETE ON sf_messaging.notice_acknowledgement
  FOR EACH ROW EXECUTE FUNCTION sf_messaging.prevent_mutation();

CREATE FUNCTION sf_messaging.enforce_participant() RETURNS trigger
  LANGUAGE plpgsql
  AS $$
BEGIN
  IF TG_OP = 'DELETE' THEN
    RAISE EXCEPTION 'participant rows are never deleted'
      USING ERRCODE = 'P0001', HINT = 'SF_RECORD_IMMUTABLE';
  END IF;
  IF TG_OP = 'INSERT' THEN
    IF NEW.removed_at IS NOT NULL THEN
      RAISE EXCEPTION 'a participant is added as active'
        USING ERRCODE = 'P0001', HINT = 'SF_INVALID_TRANSITION';
    END IF;
    RETURN NEW;
  END IF;
  IF (NEW.participant_id, NEW.tenant_id, NEW.thread_id, NEW.actor_id, NEW.participant_ref,
      NEW.role_code, NEW.added_by, NEW.added_at)
     IS DISTINCT FROM
     (OLD.participant_id, OLD.tenant_id, OLD.thread_id, OLD.actor_id, OLD.participant_ref,
      OLD.role_code, OLD.added_by, OLD.added_at) THEN
    RAISE EXCEPTION 'participant identity columns are immutable'
      USING ERRCODE = 'P0001', HINT = 'SF_RECORD_IMMUTABLE';
  END IF;
  IF OLD.removed_at IS NOT NULL OR NEW.removed_at IS NULL THEN
    RAISE EXCEPTION 'removal is one-way'
      USING ERRCODE = 'P0001', HINT = 'SF_INVALID_TRANSITION';
  END IF;
  RETURN NEW;
END
$$;
ALTER FUNCTION sf_messaging.enforce_participant() OWNER TO sf_migrator;
REVOKE ALL ON FUNCTION sf_messaging.enforce_participant() FROM PUBLIC;
GRANT EXECUTE ON FUNCTION sf_messaging.enforce_participant() TO sf_cmp026_rw;

CREATE TRIGGER participant_guard
  BEFORE INSERT OR UPDATE OR DELETE ON sf_messaging.participant
  FOR EACH ROW EXECUTE FUNCTION sf_messaging.enforce_participant();

-- A message may only be appended to the current sequence of an OPEN thread by an active participant.
CREATE FUNCTION sf_messaging.enforce_message_insert() RETURNS trigger
  LANGUAGE plpgsql
  AS $$
BEGIN
  IF NOT EXISTS (
    SELECT 1 FROM sf_messaging.thread t
     WHERE t.tenant_id = NEW.tenant_id AND t.thread_id = NEW.thread_id
       AND t.status = 'OPEN' AND t.message_seq = NEW.sequence
  ) THEN
    RAISE EXCEPTION 'thread is not open or sequence is not current'
      USING ERRCODE = 'P0001', HINT = 'SF_THREAD_NOT_OPEN';
  END IF;
  IF NOT EXISTS (
    SELECT 1 FROM sf_messaging.participant p
     WHERE p.tenant_id = NEW.tenant_id AND p.thread_id = NEW.thread_id
       AND p.actor_id = NEW.sender_id AND p.removed_at IS NULL
       AND p.participant_ref = NEW.sender_participant_ref
  ) THEN
    RAISE EXCEPTION 'sender is not an active participant'
      USING ERRCODE = 'P0001', HINT = 'SF_NOT_PARTICIPANT';
  END IF;
  RETURN NEW;
END
$$;
ALTER FUNCTION sf_messaging.enforce_message_insert() OWNER TO sf_migrator;
REVOKE ALL ON FUNCTION sf_messaging.enforce_message_insert() FROM PUBLIC;
GRANT EXECUTE ON FUNCTION sf_messaging.enforce_message_insert() TO sf_cmp026_rw;

CREATE TRIGGER message_insert_guard
  BEFORE INSERT ON sf_messaging.message
  FOR EACH ROW EXECUTE FUNCTION sf_messaging.enforce_message_insert();

-- Only the author may retract, only plain messages (official notices are immutable), and the
-- retracting principal must be the original sender.
CREATE FUNCTION sf_messaging.enforce_retraction_insert() RETURNS trigger
  LANGUAGE plpgsql
  AS $$
BEGIN
  IF NOT EXISTS (
    SELECT 1 FROM sf_messaging.message m
     WHERE m.tenant_id = NEW.tenant_id AND m.message_id = NEW.message_id
       AND m.thread_id = NEW.thread_id AND m.kind = 'MESSAGE' AND m.sender_id = NEW.retracted_by
  ) THEN
    RAISE EXCEPTION 'only the sender may retract a plain message'
      USING ERRCODE = 'P0001', HINT = 'SF_INVALID_TRANSITION';
  END IF;
  RETURN NEW;
END
$$;
ALTER FUNCTION sf_messaging.enforce_retraction_insert() OWNER TO sf_migrator;
REVOKE ALL ON FUNCTION sf_messaging.enforce_retraction_insert() FROM PUBLIC;
GRANT EXECUTE ON FUNCTION sf_messaging.enforce_retraction_insert() TO sf_cmp026_rw;

CREATE TRIGGER message_retraction_guard
  BEFORE INSERT ON sf_messaging.message_retraction
  FOR EACH ROW EXECUTE FUNCTION sf_messaging.enforce_retraction_insert();

-- Acknowledgement applies only to an ack-required official notice, by an active participant
-- other than the sender.
CREATE FUNCTION sf_messaging.enforce_ack_insert() RETURNS trigger
  LANGUAGE plpgsql
  AS $$
BEGIN
  IF NOT EXISTS (
    SELECT 1 FROM sf_messaging.message m
     WHERE m.tenant_id = NEW.tenant_id AND m.message_id = NEW.message_id
       AND m.thread_id = NEW.thread_id AND m.kind = 'OFFICIAL_NOTICE'
       AND m.ack_required AND m.sender_id <> NEW.actor_id
  ) THEN
    RAISE EXCEPTION 'message is not an acknowledgeable notice for this actor'
      USING ERRCODE = 'P0001', HINT = 'SF_INVALID_TRANSITION';
  END IF;
  IF NOT EXISTS (
    SELECT 1 FROM sf_messaging.participant p
     WHERE p.tenant_id = NEW.tenant_id AND p.thread_id = NEW.thread_id
       AND p.actor_id = NEW.actor_id AND p.removed_at IS NULL
  ) THEN
    RAISE EXCEPTION 'actor is not an active participant'
      USING ERRCODE = 'P0001', HINT = 'SF_NOT_PARTICIPANT';
  END IF;
  RETURN NEW;
END
$$;
ALTER FUNCTION sf_messaging.enforce_ack_insert() OWNER TO sf_migrator;
REVOKE ALL ON FUNCTION sf_messaging.enforce_ack_insert() FROM PUBLIC;
GRANT EXECUTE ON FUNCTION sf_messaging.enforce_ack_insert() TO sf_cmp026_rw;

CREATE TRIGGER notice_acknowledgement_guard
  BEFORE INSERT ON sf_messaging.notice_acknowledgement
  FOR EACH ROW EXECUTE FUNCTION sf_messaging.enforce_ack_insert();

-- Read position is monotonic, never beyond the thread's last message, and only for participants.
CREATE FUNCTION sf_messaging.enforce_read_receipt() RETURNS trigger
  LANGUAGE plpgsql
  AS $$
BEGIN
  IF TG_OP = 'DELETE' THEN
    RAISE EXCEPTION 'read receipts are never deleted'
      USING ERRCODE = 'P0001', HINT = 'SF_RECORD_IMMUTABLE';
  END IF;
  IF TG_OP = 'UPDATE' AND NEW.last_read_sequence < OLD.last_read_sequence THEN
    RAISE EXCEPTION 'read position cannot move backwards'
      USING ERRCODE = 'P0001', HINT = 'SF_INVALID_TRANSITION';
  END IF;
  IF NOT EXISTS (
    SELECT 1 FROM sf_messaging.thread t
     WHERE t.tenant_id = NEW.tenant_id AND t.thread_id = NEW.thread_id
       AND t.message_seq >= NEW.last_read_sequence
  ) THEN
    RAISE EXCEPTION 'read position is beyond the last message'
      USING ERRCODE = 'P0001', HINT = 'SF_INVALID_TRANSITION';
  END IF;
  IF NOT EXISTS (
    SELECT 1 FROM sf_messaging.participant p
     WHERE p.tenant_id = NEW.tenant_id AND p.thread_id = NEW.thread_id
       AND p.actor_id = NEW.actor_id AND p.removed_at IS NULL
  ) THEN
    RAISE EXCEPTION 'actor is not an active participant'
      USING ERRCODE = 'P0001', HINT = 'SF_NOT_PARTICIPANT';
  END IF;
  RETURN NEW;
END
$$;
ALTER FUNCTION sf_messaging.enforce_read_receipt() OWNER TO sf_migrator;
REVOKE ALL ON FUNCTION sf_messaging.enforce_read_receipt() FROM PUBLIC;
GRANT EXECUTE ON FUNCTION sf_messaging.enforce_read_receipt() TO sf_cmp026_rw;

CREATE TRIGGER read_receipt_guard
  BEFORE INSERT OR UPDATE OR DELETE ON sf_messaging.read_receipt
  FOR EACH ROW EXECUTE FUNCTION sf_messaging.enforce_read_receipt();

GRANT SELECT, INSERT ON sf_messaging.thread TO sf_cmp026_rw;
GRANT UPDATE (status, aggregate_version, message_seq, updated_at, last_correlation_id)
  ON sf_messaging.thread TO sf_cmp026_rw;
GRANT SELECT, INSERT ON sf_messaging.thread_transition TO sf_cmp026_rw;
GRANT SELECT, INSERT ON sf_messaging.participant TO sf_cmp026_rw;
GRANT UPDATE (removed_at, removed_by) ON sf_messaging.participant TO sf_cmp026_rw;
GRANT SELECT, INSERT ON sf_messaging.message TO sf_cmp026_rw;
GRANT SELECT, INSERT ON sf_messaging.message_attachment TO sf_cmp026_rw;
GRANT SELECT, INSERT ON sf_messaging.message_retraction TO sf_cmp026_rw;
GRANT SELECT, INSERT ON sf_messaging.notice_acknowledgement TO sf_cmp026_rw;
GRANT SELECT, INSERT ON sf_messaging.read_receipt TO sf_cmp026_rw;
GRANT UPDATE (last_read_sequence, read_at) ON sf_messaging.read_receipt TO sf_cmp026_rw;
GRANT SELECT, INSERT, DELETE, UPDATE (
  status, response_ref, response_status, response_body
) ON sf_messaging.idempotency_record TO sf_cmp026_rw;

REVOKE ALL ON sf_messaging.thread FROM PUBLIC;
REVOKE ALL ON sf_messaging.thread_transition FROM PUBLIC;
REVOKE ALL ON sf_messaging.participant FROM PUBLIC;
REVOKE ALL ON sf_messaging.message FROM PUBLIC;
REVOKE ALL ON sf_messaging.message_attachment FROM PUBLIC;
REVOKE ALL ON sf_messaging.message_retraction FROM PUBLIC;
REVOKE ALL ON sf_messaging.notice_acknowledgement FROM PUBLIC;
REVOKE ALL ON sf_messaging.read_receipt FROM PUBLIC;
REVOKE ALL ON sf_messaging.idempotency_record FROM PUBLIC;
;
INSERT INTO "public"."sf_schema_migrations" (name, run_on) VALUES ('1759542600000_cmp-026-communication-messaging', NOW());


### MIGRATION 1759542600001_cmp-026-outbox (UP) ###
--
-- Up Migration

-- SF-CON-OUTBOX v1: normative outbox and inbox layout for every component schema.
-- Copy into the component's own migration, replacing sf_messaging with the component schema and
-- CMP-026 with its CMP id. Do not add columns or change grants without a Contract Change Request.
-- Requires db/migrations/1759490000000_shared-db-contracts.sql (sf_platform.current_tenant_id(),
-- role sf_outbox_publisher).
--
-- Rules (summary; the schema contracts/shared/schemas/outbox-record.schema.json is authoritative
-- for row content):
--  1. Producers INSERT exactly one row per event in the same transaction as the state change,
--     after validating the envelope against SF-CON-EVENT-ENVELOPE. Producers never SELECT,
--     UPDATE or DELETE outbox rows.
--  2. Envelopes with a tenant_id go to outbox_event; envelopes with tenant_id null go to
--     outbox_event_platform.
--  3. The publisher (packages/outbox, CMP-038) runs as a login role that is a member of
--     sf_outbox_publisher only. It claims PENDING rows by setting lease_owner/lease_expires_at
--     in one short transaction, publishes with no transaction open, then sets PUBLISHED (or
--     schedules a retry) in another. An expired lease makes a row claimable again, so delivery
--     is at-least-once.
--  4. For one partition_key, a row is claimable only when no row with a lower seq is PENDING or
--     DEAD_LETTERED. A DEAD_LETTERED row therefore holds its key until an operator replays or
--     discards it through an audited action.
--  5. Consumers record (consumer_group, event_id) in inbox_event or inbox_event_platform in the
--     same transaction as their own state change; a conflict means the event was already applied.
--  6. The publisher deletes PUBLISHED rows only after the topic's retention window in the CMP-038
--     topic registry.

-- sf:isolation sf_messaging.outbox_event TENANT_SCOPED owner=CMP-026
CREATE TABLE sf_messaging.outbox_event (
  seq bigint GENERATED ALWAYS AS IDENTITY PRIMARY KEY,
  event_id uuid NOT NULL UNIQUE,
  tenant_id uuid NOT NULL,
  topic text NOT NULL CHECK (topic ~ '^[a-zA-Z0-9._-]{3,249}$'),
  partition_key text NOT NULL CHECK (length(partition_key) BETWEEN 1 AND 200),
  event_type text NOT NULL,
  schema_version integer NOT NULL CHECK (schema_version >= 1),
  aggregate_type text NOT NULL,
  aggregate_id uuid NOT NULL,
  aggregate_version bigint NOT NULL CHECK (aggregate_version >= 0),
  envelope jsonb NOT NULL CHECK (octet_length(envelope::text) <= 262144),
  status text NOT NULL DEFAULT 'PENDING' CHECK (status IN ('PENDING', 'PUBLISHED', 'DEAD_LETTERED')),
  attempts integer NOT NULL DEFAULT 0 CHECK (attempts >= 0),
  next_attempt_at timestamptz NOT NULL DEFAULT now(),
  lease_owner text,
  lease_expires_at timestamptz,
  last_error_code text CHECK (last_error_code ~ '^[A-Z][A-Z0-9_]{1,63}$'),
  created_at timestamptz NOT NULL DEFAULT now(),
  published_at timestamptz,
  CHECK (envelope ->> 'event_id' = event_id::text),
  CHECK (envelope ->> 'tenant_id' = tenant_id::text),
  CHECK (envelope ->> 'aggregate_id' = aggregate_id::text),
  CHECK (envelope ->> 'event_type' = event_type)
);
CREATE INDEX outbox_event_claim_idx ON sf_messaging.outbox_event (partition_key, seq) WHERE status <> 'PUBLISHED';
CREATE INDEX outbox_event_due_idx ON sf_messaging.outbox_event (next_attempt_at) WHERE status = 'PENDING';
ALTER TABLE sf_messaging.outbox_event ENABLE ROW LEVEL SECURITY;
ALTER TABLE sf_messaging.outbox_event FORCE ROW LEVEL SECURITY;
CREATE POLICY outbox_event_tenant_insert ON sf_messaging.outbox_event FOR INSERT TO sf_app
  WITH CHECK (tenant_id = sf_platform.current_tenant_id());
CREATE POLICY outbox_event_publisher ON sf_messaging.outbox_event TO sf_outbox_publisher
  USING (true) WITH CHECK (true);
GRANT INSERT ON sf_messaging.outbox_event TO sf_app;

-- sf:isolation sf_messaging.outbox_event_platform PLATFORM_OPERATIONAL owner=CMP-026
CREATE TABLE sf_messaging.outbox_event_platform (
  seq bigint GENERATED ALWAYS AS IDENTITY PRIMARY KEY,
  event_id uuid NOT NULL UNIQUE,
  topic text NOT NULL CHECK (topic ~ '^[a-zA-Z0-9._-]{3,249}$'),
  partition_key text NOT NULL CHECK (length(partition_key) BETWEEN 1 AND 200),
  event_type text NOT NULL,
  schema_version integer NOT NULL CHECK (schema_version >= 1),
  aggregate_type text NOT NULL,
  aggregate_id uuid NOT NULL,
  aggregate_version bigint NOT NULL CHECK (aggregate_version >= 0),
  envelope jsonb NOT NULL CHECK (octet_length(envelope::text) <= 262144),
  status text NOT NULL DEFAULT 'PENDING' CHECK (status IN ('PENDING', 'PUBLISHED', 'DEAD_LETTERED')),
  attempts integer NOT NULL DEFAULT 0 CHECK (attempts >= 0),
  next_attempt_at timestamptz NOT NULL DEFAULT now(),
  lease_owner text,
  lease_expires_at timestamptz,
  last_error_code text CHECK (last_error_code ~ '^[A-Z][A-Z0-9_]{1,63}$'),
  created_at timestamptz NOT NULL DEFAULT now(),
  published_at timestamptz,
  CHECK (envelope ->> 'event_id' = event_id::text),
  CHECK (jsonb_typeof(envelope -> 'tenant_id') = 'null'),
  CHECK (envelope ->> 'aggregate_id' = aggregate_id::text),
  CHECK (envelope ->> 'event_type' = event_type)
);
CREATE INDEX outbox_event_platform_claim_idx ON sf_messaging.outbox_event_platform (partition_key, seq) WHERE status <> 'PUBLISHED';
CREATE INDEX outbox_event_platform_due_idx ON sf_messaging.outbox_event_platform (next_attempt_at) WHERE status = 'PENDING';
GRANT INSERT ON sf_messaging.outbox_event_platform TO sf_app;

GRANT USAGE ON SCHEMA sf_messaging TO sf_outbox_publisher;
GRANT SELECT, DELETE ON sf_messaging.outbox_event, sf_messaging.outbox_event_platform TO sf_outbox_publisher;
GRANT UPDATE (status, attempts, next_attempt_at, lease_owner, lease_expires_at, last_error_code, published_at)
  ON sf_messaging.outbox_event, sf_messaging.outbox_event_platform TO sf_outbox_publisher;

-- sf:isolation sf_messaging.inbox_event TENANT_SCOPED owner=CMP-026
CREATE TABLE sf_messaging.inbox_event (
  consumer_group text NOT NULL CHECK (consumer_group ~ '^[a-z0-9][a-z0-9._-]{0,99}$'),
  event_id uuid NOT NULL,
  tenant_id uuid NOT NULL,
  processed_at timestamptz NOT NULL DEFAULT now(),
  PRIMARY KEY (consumer_group, event_id)
);
ALTER TABLE sf_messaging.inbox_event ENABLE ROW LEVEL SECURITY;
ALTER TABLE sf_messaging.inbox_event FORCE ROW LEVEL SECURITY;
CREATE POLICY inbox_event_tenant ON sf_messaging.inbox_event TO sf_app
  USING (tenant_id = sf_platform.current_tenant_id())
  WITH CHECK (tenant_id = sf_platform.current_tenant_id());
GRANT SELECT, INSERT ON sf_messaging.inbox_event TO sf_app;

-- sf:isolation sf_messaging.inbox_event_platform PLATFORM_OPERATIONAL owner=CMP-026
CREATE TABLE sf_messaging.inbox_event_platform (
  consumer_group text NOT NULL CHECK (consumer_group ~ '^[a-z0-9][a-z0-9._-]{0,99}$'),
  event_id uuid NOT NULL,
  processed_at timestamptz NOT NULL DEFAULT now(),
  PRIMARY KEY (consumer_group, event_id)
);
GRANT SELECT, INSERT ON sf_messaging.inbox_event_platform TO sf_app;

GRANT USAGE, SELECT ON ALL SEQUENCES IN SCHEMA sf_messaging TO sf_app;
REVOKE ALL ON ALL SEQUENCES IN SCHEMA sf_messaging FROM PUBLIC;
ALTER TABLE sf_messaging.outbox_event OWNER TO sf_migrator;
ALTER TABLE sf_messaging.outbox_event_platform OWNER TO sf_migrator;
ALTER TABLE sf_messaging.inbox_event OWNER TO sf_migrator;
ALTER TABLE sf_messaging.inbox_event_platform OWNER TO sf_migrator;
;
INSERT INTO "public"."sf_schema_migrations" (name, run_on) VALUES ('1759542600001_cmp-026-outbox', NOW());


### MIGRATION 1759545025000_cmp-025-notification (UP) ###
--
-- Up Migration

DO $$
BEGIN
  IF NOT EXISTS (SELECT 1 FROM pg_roles WHERE rolname = 'sf_migrator') THEN
    CREATE ROLE sf_migrator NOLOGIN NOSUPERUSER NOCREATEDB NOCREATEROLE NOINHERIT NOBYPASSRLS;
  END IF;
END
$$;

DO $$
BEGIN
  IF NOT EXISTS (SELECT 1 FROM pg_roles WHERE rolname = 'sf_cmp025_rw') THEN
    CREATE ROLE sf_cmp025_rw NOLOGIN NOSUPERUSER NOCREATEDB NOCREATEROLE NOINHERIT NOBYPASSRLS;
  END IF;
END
$$;
COMMENT ON ROLE sf_cmp025_rw IS
  'ADR-0006: CMP-025 privilege role. NOLOGIN. Runtime logins inherit sf_app + this role only.';

CREATE SCHEMA sf_notification AUTHORIZATION sf_migrator;
COMMENT ON SCHEMA sf_notification IS
  'isolation_class=TENANT_SCOPED; owner=CMP-025; notification templates, dispatches, delivery attempts';

REVOKE ALL ON SCHEMA sf_notification FROM PUBLIC;
GRANT USAGE ON SCHEMA sf_notification TO sf_cmp025_rw;
GRANT USAGE ON SCHEMA sf_notification TO sf_app;

ALTER DEFAULT PRIVILEGES FOR ROLE sf_migrator IN SCHEMA sf_notification REVOKE ALL ON TABLES FROM PUBLIC;
ALTER DEFAULT PRIVILEGES FOR ROLE sf_migrator IN SCHEMA sf_notification REVOKE ALL ON SEQUENCES FROM PUBLIC;
ALTER DEFAULT PRIVILEGES FOR ROLE sf_migrator IN SCHEMA sf_notification REVOKE ALL ON FUNCTIONS FROM PUBLIC;

GRANT USAGE ON SCHEMA sf_platform TO sf_migrator;

-- sf:isolation sf_notification.notification_template TENANT_SCOPED owner=CMP-025
CREATE TABLE sf_notification.notification_template (
  tenant_id uuid NOT NULL,
  template_ref text NOT NULL CHECK (template_ref ~ '^[A-Za-z0-9_.:-]{1,128}$'),
  template_version integer NOT NULL CHECK (template_version >= 1),
  channel text NOT NULL CHECK (channel IN ('SMS', 'EMAIL', 'PUSH', 'IN_APP')),
  locale text NOT NULL CHECK (locale ~ '^[a-z]{2}(-[A-Z]{2})?$'),
  subject_template text CHECK (subject_template IS NULL OR char_length(subject_template) BETWEEN 1 AND 300),
  body_template text NOT NULL CHECK (char_length(body_template) BETWEEN 1 AND 4000),
  allowed_params text[] NOT NULL DEFAULT '{}'
    CHECK (cardinality(allowed_params) <= 32),
  published_by uuid NOT NULL,
  published_at timestamptz NOT NULL,
  correlation_id uuid NOT NULL,
  PRIMARY KEY (tenant_id, template_ref, template_version, channel, locale)
);
ALTER TABLE sf_notification.notification_template ENABLE ROW LEVEL SECURITY;
ALTER TABLE sf_notification.notification_template FORCE ROW LEVEL SECURITY;
CREATE POLICY notification_template_isolation ON sf_notification.notification_template TO sf_app
  USING (tenant_id = sf_platform.current_tenant_id())
  WITH CHECK (tenant_id = sf_platform.current_tenant_id());
ALTER TABLE sf_notification.notification_template OWNER TO sf_migrator;

-- sf:isolation sf_notification.notification_dispatch TENANT_SCOPED owner=CMP-025
CREATE TABLE sf_notification.notification_dispatch (
  tenant_id uuid NOT NULL,
  dispatch_id uuid NOT NULL,
  application_id uuid,
  cell_id text NOT NULL CHECK (cell_id ~ '^cell-[a-z0-9-]{1,40}$'),
  template_ref text NOT NULL CHECK (template_ref ~ '^[A-Za-z0-9_.:-]{1,128}$'),
  template_version integer NOT NULL CHECK (template_version >= 1),
  channel text NOT NULL CHECK (channel IN ('SMS', 'EMAIL', 'PUSH', 'IN_APP')),
  locale text NOT NULL CHECK (locale ~ '^[a-z]{2}(-[A-Z]{2})?$'),
  recipient_handle_class text NOT NULL
    CHECK (recipient_handle_class IN ('CITIZEN_HANDLE_REF', 'OFFICIAL_HANDLE_REF', 'SYSTEM_HANDLE_REF')),
  recipient_handle_ref text NOT NULL CHECK (recipient_handle_ref ~ '^[A-Za-z0-9_.:-]{8,128}$'),
  template_params jsonb NOT NULL DEFAULT '{}'::jsonb
    CHECK (jsonb_typeof(template_params) = 'object' AND octet_length(template_params::text) <= 4096),
  connector_binding_id uuid NOT NULL,
  connector_mode text NOT NULL CHECK (connector_mode IN ('REAL', 'SANDBOX', 'SIMULATED')),
  connector_environment text NOT NULL
    CHECK (connector_environment IN ('LOCAL', 'CI', 'DEVELOPMENT', 'SIT', 'PERFORMANCE', 'UAT', 'PREPROD', 'PRODUCTION')),
  connector_critical boolean NOT NULL,
  simulation_marker jsonb,
  status text NOT NULL
    CHECK (status IN ('QUEUED', 'SENDING', 'SENT', 'DELIVERED', 'UNDELIVERED', 'FAILED')),
  attempts integer NOT NULL DEFAULT 0 CHECK (attempts >= 0),
  max_attempts integer NOT NULL DEFAULT 5 CHECK (max_attempts BETWEEN 1 AND 20),
  next_attempt_at timestamptz NOT NULL,
  lease_owner text CHECK (lease_owner IS NULL OR char_length(lease_owner) BETWEEN 1 AND 128),
  lease_expires_at timestamptz,
  provider_message_ref text CHECK (provider_message_ref IS NULL OR char_length(provider_message_ref) BETWEEN 1 AND 200),
  last_error_code text CHECK (last_error_code IS NULL OR last_error_code ~ '^[A-Z][A-Z0-9_]{1,63}$'),
  idempotency_key text NOT NULL CHECK (idempotency_key ~ '^[A-Za-z0-9_.:-]{8,128}$'),
  requested_by uuid NOT NULL,
  requested_at timestamptz NOT NULL,
  sent_at timestamptz,
  delivered_at timestamptz,
  correlation_id uuid NOT NULL,
  aggregate_version bigint NOT NULL DEFAULT 1 CHECK (aggregate_version >= 1),
  created_at timestamptz NOT NULL DEFAULT now(),
  updated_at timestamptz NOT NULL DEFAULT now(),
  PRIMARY KEY (tenant_id, dispatch_id),
  UNIQUE (tenant_id, idempotency_key),
  -- INT-013 / Constitution #22: a SIMULATED dispatch always carries a SimulationMarker and may only
  -- exist in a simulation environment; production-critical connectors must be REAL.
  CHECK ((connector_mode = 'SIMULATED') = (simulation_marker IS NOT NULL)),
  CHECK (connector_mode <> 'SIMULATED' OR connector_environment IN ('LOCAL', 'CI', 'DEVELOPMENT', 'SIT', 'PERFORMANCE')),
  CHECK (NOT (connector_environment = 'PRODUCTION' AND connector_critical AND connector_mode <> 'REAL')),
  CHECK (connector_environment NOT IN ('LOCAL', 'CI') OR connector_mode = 'SIMULATED'),
  CHECK (status <> 'SENDING' OR (lease_owner IS NOT NULL AND lease_expires_at IS NOT NULL)),
  CHECK (status NOT IN ('SENT', 'DELIVERED', 'UNDELIVERED') OR sent_at IS NOT NULL),
  CHECK (status <> 'DELIVERED' OR delivered_at IS NOT NULL),
  CHECK (attempts <= max_attempts + 1)
);
CREATE INDEX notification_dispatch_due_idx
  ON sf_notification.notification_dispatch (tenant_id, next_attempt_at)
  WHERE status IN ('QUEUED', 'SENDING');
CREATE INDEX notification_dispatch_application_idx
  ON sf_notification.notification_dispatch (tenant_id, application_id)
  WHERE application_id IS NOT NULL;
ALTER TABLE sf_notification.notification_dispatch ENABLE ROW LEVEL SECURITY;
ALTER TABLE sf_notification.notification_dispatch FORCE ROW LEVEL SECURITY;
CREATE POLICY notification_dispatch_isolation ON sf_notification.notification_dispatch TO sf_app
  USING (tenant_id = sf_platform.current_tenant_id())
  WITH CHECK (tenant_id = sf_platform.current_tenant_id());
ALTER TABLE sf_notification.notification_dispatch OWNER TO sf_migrator;

-- sf:isolation sf_notification.dispatch_attempt TENANT_SCOPED owner=CMP-025
CREATE TABLE sf_notification.dispatch_attempt (
  tenant_id uuid NOT NULL,
  dispatch_id uuid NOT NULL,
  attempt_no integer NOT NULL CHECK (attempt_no >= 1),
  outcome text NOT NULL
    CHECK (outcome IN ('ACCEPTED', 'TRANSIENT_FAILURE', 'PERMANENT_FAILURE', 'ABANDONED')),
  error_code text CHECK (error_code IS NULL OR error_code ~ '^[A-Z][A-Z0-9_]{1,63}$'),
  provider_message_ref text CHECK (provider_message_ref IS NULL OR char_length(provider_message_ref) BETWEEN 1 AND 200),
  connector_mode text NOT NULL CHECK (connector_mode IN ('REAL', 'SANDBOX', 'SIMULATED')),
  simulation_marker jsonb,
  occurred_at timestamptz NOT NULL,
  correlation_id uuid NOT NULL,
  PRIMARY KEY (tenant_id, dispatch_id, attempt_no),
  FOREIGN KEY (tenant_id, dispatch_id)
    REFERENCES sf_notification.notification_dispatch (tenant_id, dispatch_id),
  CHECK ((connector_mode = 'SIMULATED') = (simulation_marker IS NOT NULL))
);
ALTER TABLE sf_notification.dispatch_attempt ENABLE ROW LEVEL SECURITY;
ALTER TABLE sf_notification.dispatch_attempt FORCE ROW LEVEL SECURITY;
CREATE POLICY dispatch_attempt_isolation ON sf_notification.dispatch_attempt TO sf_app
  USING (tenant_id = sf_platform.current_tenant_id())
  WITH CHECK (tenant_id = sf_platform.current_tenant_id());
ALTER TABLE sf_notification.dispatch_attempt OWNER TO sf_migrator;

-- sf:isolation sf_notification.idempotency_record TENANT_SCOPED owner=CMP-025
CREATE TABLE sf_notification.idempotency_record (
  tenant_id uuid NOT NULL,
  principal_id uuid NOT NULL,
  endpoint text NOT NULL,
  idempotency_key text NOT NULL,
  request_fingerprint text NOT NULL CHECK (request_fingerprint ~ '^sha256:[0-9a-f]{64}$'),
  status text NOT NULL CHECK (status IN ('IN_PROGRESS', 'COMPLETED', 'FAILED')),
  response_ref text,
  response_status integer,
  response_body jsonb,
  created_at timestamptz NOT NULL DEFAULT now(),
  expires_at timestamptz NOT NULL,
  PRIMARY KEY (tenant_id, principal_id, endpoint, idempotency_key)
);
ALTER TABLE sf_notification.idempotency_record ENABLE ROW LEVEL SECURITY;
ALTER TABLE sf_notification.idempotency_record FORCE ROW LEVEL SECURITY;
CREATE POLICY idempotency_record_isolation ON sf_notification.idempotency_record TO sf_app
  USING (tenant_id = sf_platform.current_tenant_id())
  WITH CHECK (tenant_id = sf_platform.current_tenant_id());
ALTER TABLE sf_notification.idempotency_record OWNER TO sf_migrator;

CREATE FUNCTION sf_notification.reject_mutation()
RETURNS trigger
LANGUAGE plpgsql
SET search_path = sf_notification, pg_temp
AS $$
BEGIN
  RAISE EXCEPTION 'insert-only notification row' USING ERRCODE = '42501';
END;
$$;
ALTER FUNCTION sf_notification.reject_mutation() OWNER TO sf_migrator;

CREATE TRIGGER notification_template_immutable
  BEFORE UPDATE OR DELETE ON sf_notification.notification_template
  FOR EACH ROW EXECUTE FUNCTION sf_notification.reject_mutation();

CREATE TRIGGER dispatch_attempt_immutable
  BEFORE UPDATE OR DELETE ON sf_notification.dispatch_attempt
  FOR EACH ROW EXECUTE FUNCTION sf_notification.reject_mutation();

CREATE FUNCTION sf_notification.guard_dispatch_transition()
RETURNS trigger
LANGUAGE plpgsql
SET search_path = sf_notification, pg_temp
AS $$
BEGIN
  IF TG_OP = 'DELETE' THEN
    RAISE EXCEPTION 'notification dispatches are retained' USING ERRCODE = '42501';
  END IF;
  IF TG_OP = 'INSERT' THEN
    IF NEW.status <> 'QUEUED' OR NEW.attempts <> 0 THEN
      RAISE EXCEPTION 'notification dispatch must start QUEUED with zero attempts';
    END IF;
    RETURN NEW;
  END IF;
  IF OLD.status IN ('FAILED', 'DELIVERED', 'UNDELIVERED') THEN
    RAISE EXCEPTION 'terminal notification dispatch is immutable' USING ERRCODE = '42501';
  END IF;
  IF NEW.tenant_id IS DISTINCT FROM OLD.tenant_id
     OR NEW.dispatch_id IS DISTINCT FROM OLD.dispatch_id
     OR NEW.application_id IS DISTINCT FROM OLD.application_id
     OR NEW.cell_id IS DISTINCT FROM OLD.cell_id
     OR NEW.template_ref IS DISTINCT FROM OLD.template_ref
     OR NEW.template_version IS DISTINCT FROM OLD.template_version
     OR NEW.channel IS DISTINCT FROM OLD.channel
     OR NEW.locale IS DISTINCT FROM OLD.locale
     OR NEW.recipient_handle_class IS DISTINCT FROM OLD.recipient_handle_class
     OR NEW.recipient_handle_ref IS DISTINCT FROM OLD.recipient_handle_ref
     OR NEW.template_params IS DISTINCT FROM OLD.template_params
     OR NEW.connector_binding_id IS DISTINCT FROM OLD.connector_binding_id
     OR NEW.connector_mode IS DISTINCT FROM OLD.connector_mode
     OR NEW.connector_environment IS DISTINCT FROM OLD.connector_environment
     OR NEW.connector_critical IS DISTINCT FROM OLD.connector_critical
     OR NEW.simulation_marker IS DISTINCT FROM OLD.simulation_marker
     OR NEW.max_attempts IS DISTINCT FROM OLD.max_attempts
     OR NEW.idempotency_key IS DISTINCT FROM OLD.idempotency_key
     OR NEW.requested_by IS DISTINCT FROM OLD.requested_by
     OR NEW.requested_at IS DISTINCT FROM OLD.requested_at
     OR NEW.correlation_id IS DISTINCT FROM OLD.correlation_id THEN
    RAISE EXCEPTION 'notification dispatch identity and routing are immutable' USING ERRCODE = '42501';
  END IF;
  IF NEW.aggregate_version <> OLD.aggregate_version + 1 THEN
    RAISE EXCEPTION 'notification aggregate_version must advance by one';
  END IF;
  IF NOT (
       (OLD.status = 'QUEUED' AND NEW.status = 'SENDING')
    OR (OLD.status = 'SENDING' AND NEW.status IN ('SENDING', 'QUEUED', 'SENT', 'FAILED'))
    OR (OLD.status = 'SENT' AND NEW.status IN ('DELIVERED', 'UNDELIVERED'))
  ) THEN
    RAISE EXCEPTION 'notification transition % -> % refused', OLD.status, NEW.status;
  END IF;
  RETURN NEW;
END;
$$;
ALTER FUNCTION sf_notification.guard_dispatch_transition() OWNER TO sf_migrator;

CREATE TRIGGER notification_dispatch_transition_guard
  BEFORE INSERT OR UPDATE OR DELETE ON sf_notification.notification_dispatch
  FOR EACH ROW EXECUTE FUNCTION sf_notification.guard_dispatch_transition();

REVOKE ALL ON ALL TABLES IN SCHEMA sf_notification FROM PUBLIC;
REVOKE ALL ON ALL SEQUENCES IN SCHEMA sf_notification FROM PUBLIC;
REVOKE ALL ON ALL FUNCTIONS IN SCHEMA sf_notification FROM PUBLIC;

GRANT SELECT, INSERT ON sf_notification.notification_template TO sf_cmp025_rw;
GRANT SELECT, INSERT,
  UPDATE (
    status, attempts, next_attempt_at, lease_owner, lease_expires_at, provider_message_ref,
    last_error_code, sent_at, delivered_at, aggregate_version, updated_at
  )
  ON sf_notification.notification_dispatch TO sf_cmp025_rw;
GRANT SELECT, INSERT ON sf_notification.dispatch_attempt TO sf_cmp025_rw;
GRANT SELECT, INSERT, DELETE, UPDATE (status, response_ref, response_status, response_body)
  ON sf_notification.idempotency_record TO sf_cmp025_rw;

GRANT EXECUTE ON FUNCTION sf_notification.reject_mutation() TO sf_cmp025_rw;
GRANT EXECUTE ON FUNCTION sf_notification.guard_dispatch_transition() TO sf_cmp025_rw;
;
INSERT INTO "public"."sf_schema_migrations" (name, run_on) VALUES ('1759545025000_cmp-025-notification', NOW());


### MIGRATION 1759545025001_cmp-025-outbox (UP) ###
--
-- Up Migration

-- SF-CON-OUTBOX v1: normative outbox and inbox layout for every component schema.
-- Copy into the component's own migration, replacing sf_notification with the component schema and
-- CMP-025 with its CMP id. Do not add columns or change grants without a Contract Change Request.
-- Requires db/migrations/1759490000000_shared-db-contracts.sql (sf_platform.current_tenant_id(),
-- role sf_outbox_publisher).
--
-- Rules (summary; the schema contracts/shared/schemas/outbox-record.schema.json is authoritative
-- for row content):
--  1. Producers INSERT exactly one row per event in the same transaction as the state change,
--     after validating the envelope against SF-CON-EVENT-ENVELOPE. Producers never SELECT,
--     UPDATE or DELETE outbox rows.
--  2. Envelopes with a tenant_id go to outbox_event; envelopes with tenant_id null go to
--     outbox_event_platform.
--  3. The publisher (packages/outbox, CMP-038) runs as a login role that is a member of
--     sf_outbox_publisher only. It claims PENDING rows by setting lease_owner/lease_expires_at
--     in one short transaction, publishes with no transaction open, then sets PUBLISHED (or
--     schedules a retry) in another. An expired lease makes a row claimable again, so delivery
--     is at-least-once.
--  4. For one partition_key, a row is claimable only when no row with a lower seq is PENDING or
--     DEAD_LETTERED. A DEAD_LETTERED row therefore holds its key until an operator replays or
--     discards it through an audited action.
--  5. Consumers record (consumer_group, event_id) in inbox_event or inbox_event_platform in the
--     same transaction as their own state change; a conflict means the event was already applied.
--  6. The publisher deletes PUBLISHED rows only after the topic's retention window in the CMP-038
--     topic registry.

-- sf:isolation sf_notification.outbox_event TENANT_SCOPED owner=CMP-025
CREATE TABLE sf_notification.outbox_event (
  seq bigint GENERATED ALWAYS AS IDENTITY PRIMARY KEY,
  event_id uuid NOT NULL UNIQUE,
  tenant_id uuid NOT NULL,
  topic text NOT NULL CHECK (topic ~ '^[a-zA-Z0-9._-]{3,249}$'),
  partition_key text NOT NULL CHECK (length(partition_key) BETWEEN 1 AND 200),
  event_type text NOT NULL,
  schema_version integer NOT NULL CHECK (schema_version >= 1),
  aggregate_type text NOT NULL,
  aggregate_id uuid NOT NULL,
  aggregate_version bigint NOT NULL CHECK (aggregate_version >= 0),
  envelope jsonb NOT NULL CHECK (octet_length(envelope::text) <= 262144),
  status text NOT NULL DEFAULT 'PENDING' CHECK (status IN ('PENDING', 'PUBLISHED', 'DEAD_LETTERED')),
  attempts integer NOT NULL DEFAULT 0 CHECK (attempts >= 0),
  next_attempt_at timestamptz NOT NULL DEFAULT now(),
  lease_owner text,
  lease_expires_at timestamptz,
  last_error_code text CHECK (last_error_code ~ '^[A-Z][A-Z0-9_]{1,63}$'),
  created_at timestamptz NOT NULL DEFAULT now(),
  published_at timestamptz,
  CHECK (envelope ->> 'event_id' = event_id::text),
  CHECK (envelope ->> 'tenant_id' = tenant_id::text),
  CHECK (envelope ->> 'aggregate_id' = aggregate_id::text),
  CHECK (envelope ->> 'event_type' = event_type)
);
CREATE INDEX outbox_event_claim_idx ON sf_notification.outbox_event (partition_key, seq) WHERE status <> 'PUBLISHED';
CREATE INDEX outbox_event_due_idx ON sf_notification.outbox_event (next_attempt_at) WHERE status = 'PENDING';
ALTER TABLE sf_notification.outbox_event ENABLE ROW LEVEL SECURITY;
ALTER TABLE sf_notification.outbox_event FORCE ROW LEVEL SECURITY;
CREATE POLICY outbox_event_tenant_insert ON sf_notification.outbox_event FOR INSERT TO sf_app
  WITH CHECK (tenant_id = sf_platform.current_tenant_id());
CREATE POLICY outbox_event_publisher ON sf_notification.outbox_event TO sf_outbox_publisher
  USING (true) WITH CHECK (true);
GRANT INSERT ON sf_notification.outbox_event TO sf_app;

-- sf:isolation sf_notification.outbox_event_platform PLATFORM_OPERATIONAL owner=CMP-025
CREATE TABLE sf_notification.outbox_event_platform (
  seq bigint GENERATED ALWAYS AS IDENTITY PRIMARY KEY,
  event_id uuid NOT NULL UNIQUE,
  topic text NOT NULL CHECK (topic ~ '^[a-zA-Z0-9._-]{3,249}$'),
  partition_key text NOT NULL CHECK (length(partition_key) BETWEEN 1 AND 200),
  event_type text NOT NULL,
  schema_version integer NOT NULL CHECK (schema_version >= 1),
  aggregate_type text NOT NULL,
  aggregate_id uuid NOT NULL,
  aggregate_version bigint NOT NULL CHECK (aggregate_version >= 0),
  envelope jsonb NOT NULL CHECK (octet_length(envelope::text) <= 262144),
  status text NOT NULL DEFAULT 'PENDING' CHECK (status IN ('PENDING', 'PUBLISHED', 'DEAD_LETTERED')),
  attempts integer NOT NULL DEFAULT 0 CHECK (attempts >= 0),
  next_attempt_at timestamptz NOT NULL DEFAULT now(),
  lease_owner text,
  lease_expires_at timestamptz,
  last_error_code text CHECK (last_error_code ~ '^[A-Z][A-Z0-9_]{1,63}$'),
  created_at timestamptz NOT NULL DEFAULT now(),
  published_at timestamptz,
  CHECK (envelope ->> 'event_id' = event_id::text),
  CHECK (jsonb_typeof(envelope -> 'tenant_id') = 'null'),
  CHECK (envelope ->> 'aggregate_id' = aggregate_id::text),
  CHECK (envelope ->> 'event_type' = event_type)
);
CREATE INDEX outbox_event_platform_claim_idx ON sf_notification.outbox_event_platform (partition_key, seq) WHERE status <> 'PUBLISHED';
CREATE INDEX outbox_event_platform_due_idx ON sf_notification.outbox_event_platform (next_attempt_at) WHERE status = 'PENDING';
GRANT INSERT ON sf_notification.outbox_event_platform TO sf_app;

GRANT USAGE ON SCHEMA sf_notification TO sf_outbox_publisher;
GRANT SELECT, DELETE ON sf_notification.outbox_event, sf_notification.outbox_event_platform TO sf_outbox_publisher;
GRANT UPDATE (status, attempts, next_attempt_at, lease_owner, lease_expires_at, last_error_code, published_at)
  ON sf_notification.outbox_event, sf_notification.outbox_event_platform TO sf_outbox_publisher;

-- sf:isolation sf_notification.inbox_event TENANT_SCOPED owner=CMP-025
CREATE TABLE sf_notification.inbox_event (
  consumer_group text NOT NULL CHECK (consumer_group ~ '^[a-z0-9][a-z0-9._-]{0,99}$'),
  event_id uuid NOT NULL,
  tenant_id uuid NOT NULL,
  processed_at timestamptz NOT NULL DEFAULT now(),
  PRIMARY KEY (consumer_group, event_id)
);
ALTER TABLE sf_notification.inbox_event ENABLE ROW LEVEL SECURITY;
ALTER TABLE sf_notification.inbox_event FORCE ROW LEVEL SECURITY;
CREATE POLICY inbox_event_tenant ON sf_notification.inbox_event TO sf_app
  USING (tenant_id = sf_platform.current_tenant_id())
  WITH CHECK (tenant_id = sf_platform.current_tenant_id());
GRANT SELECT, INSERT ON sf_notification.inbox_event TO sf_app;

-- sf:isolation sf_notification.inbox_event_platform PLATFORM_OPERATIONAL owner=CMP-025
CREATE TABLE sf_notification.inbox_event_platform (
  consumer_group text NOT NULL CHECK (consumer_group ~ '^[a-z0-9][a-z0-9._-]{0,99}$'),
  event_id uuid NOT NULL,
  processed_at timestamptz NOT NULL DEFAULT now(),
  PRIMARY KEY (consumer_group, event_id)
);
GRANT SELECT, INSERT ON sf_notification.inbox_event_platform TO sf_app;

-- Identity sequences are required for the frozen template GRANT INSERT … TO sf_app.
-- Table grants in the template body above are unchanged (ADR-0006 condition 9).
GRANT USAGE, SELECT ON ALL SEQUENCES IN SCHEMA sf_notification TO sf_app;
REVOKE ALL ON ALL SEQUENCES IN SCHEMA sf_notification FROM PUBLIC;
ALTER TABLE sf_notification.outbox_event OWNER TO sf_migrator;
ALTER TABLE sf_notification.outbox_event_platform OWNER TO sf_migrator;
ALTER TABLE sf_notification.inbox_event OWNER TO sf_migrator;
ALTER TABLE sf_notification.inbox_event_platform OWNER TO sf_migrator;
;
INSERT INTO "public"."sf_schema_migrations" (name, run_on) VALUES ('1759545025001_cmp-025-outbox', NOW());


### MIGRATION 1759620200000_cmp-020-fee-calculation (UP) ###
--
-- Up Migration

DO $$
BEGIN
  IF NOT EXISTS (SELECT 1 FROM pg_roles WHERE rolname = 'sf_migrator') THEN
    CREATE ROLE sf_migrator NOLOGIN NOSUPERUSER NOCREATEDB NOCREATEROLE NOINHERIT NOBYPASSRLS;
  END IF;
END
$$;

DO $$
BEGIN
  IF NOT EXISTS (SELECT 1 FROM pg_roles WHERE rolname = 'sf_cmp020_rw') THEN
    CREATE ROLE sf_cmp020_rw NOLOGIN NOSUPERUSER NOCREATEDB NOCREATEROLE NOINHERIT NOBYPASSRLS;
  END IF;
END
$$;
COMMENT ON ROLE sf_cmp020_rw IS
  'ADR-0006: CMP-020 privilege role. NOLOGIN. Runtime logins inherit sf_app + this role only.';

CREATE SCHEMA sf_fee AUTHORIZATION sf_migrator;
COMMENT ON SCHEMA sf_fee IS
  'isolation_class=TENANT_SCOPED; owner=CMP-020; immutable fee quotes and quote lines';

REVOKE ALL ON SCHEMA sf_fee FROM PUBLIC;
GRANT USAGE ON SCHEMA sf_fee TO sf_cmp020_rw;
GRANT USAGE ON SCHEMA sf_fee TO sf_app;

ALTER DEFAULT PRIVILEGES FOR ROLE sf_migrator IN SCHEMA sf_fee REVOKE ALL ON TABLES FROM PUBLIC;
ALTER DEFAULT PRIVILEGES FOR ROLE sf_migrator IN SCHEMA sf_fee REVOKE ALL ON SEQUENCES FROM PUBLIC;
ALTER DEFAULT PRIVILEGES FOR ROLE sf_migrator IN SCHEMA sf_fee REVOKE ALL ON FUNCTIONS FROM PUBLIC;

GRANT USAGE ON SCHEMA sf_platform TO sf_migrator;

-- sf:isolation sf_fee.fee_quote TENANT_SCOPED owner=CMP-020
CREATE TABLE sf_fee.fee_quote (
  tenant_id uuid NOT NULL,
  quote_id uuid NOT NULL,
  application_id uuid NOT NULL,
  cell_id text NOT NULL CHECK (cell_id ~ '^cell-[a-z0-9-]{1,40}$'),
  tenant_service_binding_id uuid NOT NULL,
  fee_policy_version_id uuid NOT NULL,
  fee_policy_content_hash text NOT NULL CHECK (fee_policy_content_hash ~ '^sha256:[0-9a-f]{64}$'),
  rule_version_id uuid NOT NULL,
  rule_content_hash text CHECK (rule_content_hash IS NULL OR rule_content_hash ~ '^sha256:[0-9a-f]{64}$'),
  rule_evaluation_id uuid,
  currency text NOT NULL CHECK (currency ~ '^[A-Z]{3}$'),
  total_amount_minor bigint NOT NULL CHECK (total_amount_minor BETWEEN 0 AND 9007199254740991),
  amount_source text NOT NULL CHECK (amount_source IN ('RULES_ENGINE', 'FEE_POLICY_METADATA')),
  client_authoritative_amount boolean NOT NULL DEFAULT false CHECK (client_authoritative_amount = false),
  waiver_policy_ref text CHECK (waiver_policy_ref IS NULL OR char_length(waiver_policy_ref) BETWEEN 1 AND 128),
  facts_hash text NOT NULL CHECK (facts_hash ~ '^sha256:[0-9a-f]{64}$'),
  calculation_hash text NOT NULL CHECK (calculation_hash ~ '^sha256:[0-9a-f]{64}$'),
  idempotency_key text NOT NULL CHECK (idempotency_key ~ '^[A-Za-z0-9_.:-]{8,128}$'),
  correlation_id uuid NOT NULL,
  actor_type text NOT NULL CHECK (actor_type IN ('CITIZEN', 'OFFICER', 'SYSTEM', 'INTEGRATION', 'PRIVILEGED_ADMIN')),
  issued_by uuid NOT NULL,
  issued_at timestamptz NOT NULL,
  recorded_at timestamptz NOT NULL DEFAULT now(),
  PRIMARY KEY (tenant_id, quote_id),
  UNIQUE (tenant_id, application_id, calculation_hash),
  CHECK ((amount_source = 'RULES_ENGINE') = (rule_content_hash IS NOT NULL AND rule_evaluation_id IS NOT NULL))
);
CREATE INDEX fee_quote_application_idx ON sf_fee.fee_quote (tenant_id, application_id, issued_at);
ALTER TABLE sf_fee.fee_quote ENABLE ROW LEVEL SECURITY;
ALTER TABLE sf_fee.fee_quote FORCE ROW LEVEL SECURITY;
CREATE POLICY fee_quote_isolation ON sf_fee.fee_quote TO sf_app
  USING (tenant_id = sf_platform.current_tenant_id())
  WITH CHECK (tenant_id = sf_platform.current_tenant_id());
ALTER TABLE sf_fee.fee_quote OWNER TO sf_migrator;

-- sf:isolation sf_fee.fee_quote_line TENANT_SCOPED owner=CMP-020
CREATE TABLE sf_fee.fee_quote_line (
  tenant_id uuid NOT NULL,
  quote_id uuid NOT NULL,
  line_seq smallint NOT NULL CHECK (line_seq BETWEEN 1 AND 64),
  code text NOT NULL CHECK (code ~ '^[A-Z0-9_.-]{1,64}$'),
  amount_minor bigint NOT NULL CHECK (amount_minor BETWEEN 0 AND 9007199254740991),
  calculation_basis text NOT NULL CHECK (calculation_basis IN ('FEE_POLICY_LINE', 'RULES_ENGINE_LINE')),
  description_code text CHECK (description_code IS NULL OR char_length(description_code) BETWEEN 1 AND 64),
  rule_output_key text CHECK (rule_output_key IS NULL OR rule_output_key ~ '^[A-Za-z][A-Za-z0-9_.]{0,63}$'),
  PRIMARY KEY (tenant_id, quote_id, line_seq),
  UNIQUE (tenant_id, quote_id, code),
  CHECK ((calculation_basis = 'RULES_ENGINE_LINE') = (rule_output_key IS NOT NULL)),
  FOREIGN KEY (tenant_id, quote_id) REFERENCES sf_fee.fee_quote (tenant_id, quote_id)
);
ALTER TABLE sf_fee.fee_quote_line ENABLE ROW LEVEL SECURITY;
ALTER TABLE sf_fee.fee_quote_line FORCE ROW LEVEL SECURITY;
CREATE POLICY fee_quote_line_isolation ON sf_fee.fee_quote_line TO sf_app
  USING (tenant_id = sf_platform.current_tenant_id())
  WITH CHECK (tenant_id = sf_platform.current_tenant_id());
ALTER TABLE sf_fee.fee_quote_line OWNER TO sf_migrator;

-- sf:isolation sf_fee.idempotency_record TENANT_SCOPED owner=CMP-020
CREATE TABLE sf_fee.idempotency_record (
  tenant_id uuid NOT NULL,
  principal_id uuid NOT NULL,
  endpoint text NOT NULL,
  idempotency_key text NOT NULL,
  request_fingerprint text NOT NULL CHECK (request_fingerprint ~ '^sha256:[0-9a-f]{64}$'),
  status text NOT NULL CHECK (status IN ('IN_PROGRESS', 'COMPLETED', 'FAILED')),
  response_ref text,
  response_status integer,
  response_body jsonb,
  created_at timestamptz NOT NULL DEFAULT now(),
  expires_at timestamptz NOT NULL,
  PRIMARY KEY (tenant_id, principal_id, endpoint, idempotency_key)
);
ALTER TABLE sf_fee.idempotency_record ENABLE ROW LEVEL SECURITY;
ALTER TABLE sf_fee.idempotency_record FORCE ROW LEVEL SECURITY;
CREATE POLICY idempotency_record_isolation ON sf_fee.idempotency_record TO sf_app
  USING (tenant_id = sf_platform.current_tenant_id())
  WITH CHECK (tenant_id = sf_platform.current_tenant_id());
ALTER TABLE sf_fee.idempotency_record OWNER TO sf_migrator;

CREATE FUNCTION sf_fee.reject_mutation()
RETURNS trigger
LANGUAGE plpgsql
SET search_path = sf_fee, pg_temp
AS $$
BEGIN
  RAISE EXCEPTION 'issued fee quotes are immutable' USING ERRCODE = '42501';
END;
$$;
ALTER FUNCTION sf_fee.reject_mutation() OWNER TO sf_migrator;

CREATE TRIGGER fee_quote_immutable
  BEFORE UPDATE OR DELETE ON sf_fee.fee_quote
  FOR EACH ROW EXECUTE FUNCTION sf_fee.reject_mutation();

CREATE TRIGGER fee_quote_line_immutable
  BEFORE UPDATE OR DELETE ON sf_fee.fee_quote_line
  FOR EACH ROW EXECUTE FUNCTION sf_fee.reject_mutation();

-- Commit-time integrity: a quote has at least one line, its total is the exact integer sum of its
-- lines, and RULES_ENGINE is declared exactly when a line came from the rules engine.
CREATE FUNCTION sf_fee.assert_quote_consistent()
RETURNS trigger
LANGUAGE plpgsql
SET search_path = sf_fee, pg_temp
AS $$
DECLARE
  line_count integer;
  line_sum numeric;
  rules_lines integer;
BEGIN
  SELECT count(*), coalesce(sum(amount_minor), 0),
         count(*) FILTER (WHERE calculation_basis = 'RULES_ENGINE_LINE')
    INTO line_count, line_sum, rules_lines
    FROM sf_fee.fee_quote_line
   WHERE tenant_id = NEW.tenant_id AND quote_id = NEW.quote_id;
  IF line_count < 1 THEN
    RAISE EXCEPTION 'fee quote % has no lines', NEW.quote_id USING ERRCODE = '23514';
  END IF;
  IF line_sum <> NEW.total_amount_minor THEN
    RAISE EXCEPTION 'fee quote % total does not equal sum of lines', NEW.quote_id USING ERRCODE = '23514';
  END IF;
  IF (rules_lines > 0) <> (NEW.amount_source = 'RULES_ENGINE') THEN
    RAISE EXCEPTION 'fee quote % amount_source inconsistent with lines', NEW.quote_id USING ERRCODE = '23514';
  END IF;
  RETURN NULL;
END;
$$;
ALTER FUNCTION sf_fee.assert_quote_consistent() OWNER TO sf_migrator;

CREATE CONSTRAINT TRIGGER fee_quote_consistent
  AFTER INSERT ON sf_fee.fee_quote
  DEFERRABLE INITIALLY DEFERRED
  FOR EACH ROW EXECUTE FUNCTION sf_fee.assert_quote_consistent();

REVOKE ALL ON ALL TABLES IN SCHEMA sf_fee FROM PUBLIC;
REVOKE ALL ON ALL SEQUENCES IN SCHEMA sf_fee FROM PUBLIC;
REVOKE ALL ON ALL FUNCTIONS IN SCHEMA sf_fee FROM PUBLIC;

GRANT SELECT, INSERT ON sf_fee.fee_quote TO sf_cmp020_rw;
GRANT SELECT, INSERT ON sf_fee.fee_quote_line TO sf_cmp020_rw;
GRANT SELECT, INSERT, DELETE, UPDATE (status, response_ref, response_status, response_body)
  ON sf_fee.idempotency_record TO sf_cmp020_rw;

GRANT EXECUTE ON FUNCTION sf_fee.reject_mutation() TO sf_cmp020_rw;
GRANT EXECUTE ON FUNCTION sf_fee.assert_quote_consistent() TO sf_cmp020_rw;
;
INSERT INTO "public"."sf_schema_migrations" (name, run_on) VALUES ('1759620200000_cmp-020-fee-calculation', NOW());


### MIGRATION 1759620200001_cmp-020-outbox (UP) ###
--
-- Up Migration

-- SF-CON-OUTBOX v1: normative outbox and inbox layout for every component schema.
-- Copy into the component's own migration, replacing sf_fee with the component schema and
-- CMP-020 with its CMP id. Do not add columns or change grants without a Contract Change Request.
-- Requires db/migrations/1759490000000_shared-db-contracts.sql (sf_platform.current_tenant_id(),
-- role sf_outbox_publisher).
--
-- Rules (summary; the schema contracts/shared/schemas/outbox-record.schema.json is authoritative
-- for row content):
--  1. Producers INSERT exactly one row per event in the same transaction as the state change,
--     after validating the envelope against SF-CON-EVENT-ENVELOPE. Producers never SELECT,
--     UPDATE or DELETE outbox rows.
--  2. Envelopes with a tenant_id go to outbox_event; envelopes with tenant_id null go to
--     outbox_event_platform.
--  3. The publisher (packages/outbox, CMP-038) runs as a login role that is a member of
--     sf_outbox_publisher only. It claims PENDING rows by setting lease_owner/lease_expires_at
--     in one short transaction, publishes with no transaction open, then sets PUBLISHED (or
--     schedules a retry) in another. An expired lease makes a row claimable again, so delivery
--     is at-least-once.
--  4. For one partition_key, a row is claimable only when no row with a lower seq is PENDING or
--     DEAD_LETTERED. A DEAD_LETTERED row therefore holds its key until an operator replays or
--     discards it through an audited action.
--  5. Consumers record (consumer_group, event_id) in inbox_event or inbox_event_platform in the
--     same transaction as their own state change; a conflict means the event was already applied.
--  6. The publisher deletes PUBLISHED rows only after the topic's retention window in the CMP-038
--     topic registry.

-- sf:isolation sf_fee.outbox_event TENANT_SCOPED owner=CMP-020
CREATE TABLE sf_fee.outbox_event (
  seq bigint GENERATED ALWAYS AS IDENTITY PRIMARY KEY,
  event_id uuid NOT NULL UNIQUE,
  tenant_id uuid NOT NULL,
  topic text NOT NULL CHECK (topic ~ '^[a-zA-Z0-9._-]{3,249}$'),
  partition_key text NOT NULL CHECK (length(partition_key) BETWEEN 1 AND 200),
  event_type text NOT NULL,
  schema_version integer NOT NULL CHECK (schema_version >= 1),
  aggregate_type text NOT NULL,
  aggregate_id uuid NOT NULL,
  aggregate_version bigint NOT NULL CHECK (aggregate_version >= 0),
  envelope jsonb NOT NULL CHECK (octet_length(envelope::text) <= 262144),
  status text NOT NULL DEFAULT 'PENDING' CHECK (status IN ('PENDING', 'PUBLISHED', 'DEAD_LETTERED')),
  attempts integer NOT NULL DEFAULT 0 CHECK (attempts >= 0),
  next_attempt_at timestamptz NOT NULL DEFAULT now(),
  lease_owner text,
  lease_expires_at timestamptz,
  last_error_code text CHECK (last_error_code ~ '^[A-Z][A-Z0-9_]{1,63}$'),
  created_at timestamptz NOT NULL DEFAULT now(),
  published_at timestamptz,
  CHECK (envelope ->> 'event_id' = event_id::text),
  CHECK (envelope ->> 'tenant_id' = tenant_id::text),
  CHECK (envelope ->> 'aggregate_id' = aggregate_id::text),
  CHECK (envelope ->> 'event_type' = event_type)
);
CREATE INDEX outbox_event_claim_idx ON sf_fee.outbox_event (partition_key, seq) WHERE status <> 'PUBLISHED';
CREATE INDEX outbox_event_due_idx ON sf_fee.outbox_event (next_attempt_at) WHERE status = 'PENDING';
ALTER TABLE sf_fee.outbox_event ENABLE ROW LEVEL SECURITY;
ALTER TABLE sf_fee.outbox_event FORCE ROW LEVEL SECURITY;
CREATE POLICY outbox_event_tenant_insert ON sf_fee.outbox_event FOR INSERT TO sf_app
  WITH CHECK (tenant_id = sf_platform.current_tenant_id());
CREATE POLICY outbox_event_publisher ON sf_fee.outbox_event TO sf_outbox_publisher
  USING (true) WITH CHECK (true);
GRANT INSERT ON sf_fee.outbox_event TO sf_app;

-- sf:isolation sf_fee.outbox_event_platform PLATFORM_OPERATIONAL owner=CMP-020
CREATE TABLE sf_fee.outbox_event_platform (
  seq bigint GENERATED ALWAYS AS IDENTITY PRIMARY KEY,
  event_id uuid NOT NULL UNIQUE,
  topic text NOT NULL CHECK (topic ~ '^[a-zA-Z0-9._-]{3,249}$'),
  partition_key text NOT NULL CHECK (length(partition_key) BETWEEN 1 AND 200),
  event_type text NOT NULL,
  schema_version integer NOT NULL CHECK (schema_version >= 1),
  aggregate_type text NOT NULL,
  aggregate_id uuid NOT NULL,
  aggregate_version bigint NOT NULL CHECK (aggregate_version >= 0),
  envelope jsonb NOT NULL CHECK (octet_length(envelope::text) <= 262144),
  status text NOT NULL DEFAULT 'PENDING' CHECK (status IN ('PENDING', 'PUBLISHED', 'DEAD_LETTERED')),
  attempts integer NOT NULL DEFAULT 0 CHECK (attempts >= 0),
  next_attempt_at timestamptz NOT NULL DEFAULT now(),
  lease_owner text,
  lease_expires_at timestamptz,
  last_error_code text CHECK (last_error_code ~ '^[A-Z][A-Z0-9_]{1,63}$'),
  created_at timestamptz NOT NULL DEFAULT now(),
  published_at timestamptz,
  CHECK (envelope ->> 'event_id' = event_id::text),
  CHECK (jsonb_typeof(envelope -> 'tenant_id') = 'null'),
  CHECK (envelope ->> 'aggregate_id' = aggregate_id::text),
  CHECK (envelope ->> 'event_type' = event_type)
);
CREATE INDEX outbox_event_platform_claim_idx ON sf_fee.outbox_event_platform (partition_key, seq) WHERE status <> 'PUBLISHED';
CREATE INDEX outbox_event_platform_due_idx ON sf_fee.outbox_event_platform (next_attempt_at) WHERE status = 'PENDING';
GRANT INSERT ON sf_fee.outbox_event_platform TO sf_app;

GRANT USAGE ON SCHEMA sf_fee TO sf_outbox_publisher;
GRANT SELECT, DELETE ON sf_fee.outbox_event, sf_fee.outbox_event_platform TO sf_outbox_publisher;
GRANT UPDATE (status, attempts, next_attempt_at, lease_owner, lease_expires_at, last_error_code, published_at)
  ON sf_fee.outbox_event, sf_fee.outbox_event_platform TO sf_outbox_publisher;

-- sf:isolation sf_fee.inbox_event TENANT_SCOPED owner=CMP-020
CREATE TABLE sf_fee.inbox_event (
  consumer_group text NOT NULL CHECK (consumer_group ~ '^[a-z0-9][a-z0-9._-]{0,99}$'),
  event_id uuid NOT NULL,
  tenant_id uuid NOT NULL,
  processed_at timestamptz NOT NULL DEFAULT now(),
  PRIMARY KEY (consumer_group, event_id)
);
ALTER TABLE sf_fee.inbox_event ENABLE ROW LEVEL SECURITY;
ALTER TABLE sf_fee.inbox_event FORCE ROW LEVEL SECURITY;
CREATE POLICY inbox_event_tenant ON sf_fee.inbox_event TO sf_app
  USING (tenant_id = sf_platform.current_tenant_id())
  WITH CHECK (tenant_id = sf_platform.current_tenant_id());
GRANT SELECT, INSERT ON sf_fee.inbox_event TO sf_app;

-- sf:isolation sf_fee.inbox_event_platform PLATFORM_OPERATIONAL owner=CMP-020
CREATE TABLE sf_fee.inbox_event_platform (
  consumer_group text NOT NULL CHECK (consumer_group ~ '^[a-z0-9][a-z0-9._-]{0,99}$'),
  event_id uuid NOT NULL,
  processed_at timestamptz NOT NULL DEFAULT now(),
  PRIMARY KEY (consumer_group, event_id)
);
GRANT SELECT, INSERT ON sf_fee.inbox_event_platform TO sf_app;

-- Identity sequences are required for the frozen template GRANT INSERT … TO sf_app.
-- Table grants in the template body above are unchanged (ADR-0006 condition 9).
GRANT USAGE, SELECT ON ALL SEQUENCES IN SCHEMA sf_fee TO sf_app;
REVOKE ALL ON ALL SEQUENCES IN SCHEMA sf_fee FROM PUBLIC;
ALTER TABLE sf_fee.outbox_event OWNER TO sf_migrator;
ALTER TABLE sf_fee.outbox_event_platform OWNER TO sf_migrator;
ALTER TABLE sf_fee.inbox_event OWNER TO sf_migrator;
ALTER TABLE sf_fee.inbox_event_platform OWNER TO sf_migrator;
;
INSERT INTO "public"."sf_schema_migrations" (name, run_on) VALUES ('1759620200001_cmp-020-outbox', NOW());


Migrations complete!
