==> SF-M01-001 CMP-002 suite=envelope-int pkg=@serviceform/cmp-002-tenant-organisation config=vitest.integration.config.ts

 RUN  v5.0.3 /home/ubuntu/wt-SF-M04-STITCH-B/services/cmp-002-tenant-organisation

 ✓ test/integration/rls-matrix.int.test.ts (3 tests) 1062ms
 ✓ test/integration/privilege-boundary.int.test.ts (11 tests) 852ms
 ✓ test/integration/api-negative.int.test.ts (14 tests) 1213ms
 ✓ test/integration/migration.int.test.ts (1 test) 661ms
 ✓ test/integration/pool-reuse.int.test.ts (3 tests) 728ms

 Test Files  5 passed (5)
      Tests  32 passed (32)
   Start at  00:55:10
   Duration  6.34s (tests 79%, import 14%, transform 7%)

    Isolate  5 workers spawned · ~109ms startup each (spawn + environment, per file)
             at least ~435ms faster with isolate: false — reuses workers across files instead of one per file

JUNIT report written to /home/ubuntu/wt-SF-M04-STITCH-B/evidence/SF-M04-STITCH-B/m01-envelope-int/SF-M01-001/junit/envelope-int.xml
==> SF-M01-002 CMP-048 suite=envelope-int pkg=@serviceform/cmp-048-security-platform config=vitest.integration.config.ts

 RUN  v5.0.3 /home/ubuntu/wt-SF-M04-STITCH-B/services/cmp-048-security-platform

 ✓ test/integration/privilege-boundary.int.test.ts (8 tests) 535ms
 ✓ test/integration/rls-negative.int.test.ts (5 tests) 582ms
 ✓ test/integration/pep-opa.int.test.ts (2 tests) 273ms
 ✓ test/integration/migration-roundtrip.int.test.ts (1 test) 3438ms
   ✓ migration round trip (D13) (1)
     ✓ up / down / up leaves sf_security and sf_cmp048_rw 3435ms
decision_latency_p99_ms=0.12076400000000831
 ✓ test/integration/decision-latency.int.test.ts (1 test) 99ms
 ✓ test/integration/opa-bundle.int.test.ts (1 test) 44ms

 Test Files  6 passed (6)
      Tests  18 passed (18)
   Start at  00:55:17
   Duration  6.79s (tests 81%, import 14%, transform 4%)

    Isolate  6 workers spawned · ~106ms startup each (spawn + environment, per file)
             at least ~531ms faster with isolate: false — reuses workers across files instead of one per file

JUNIT report written to /home/ubuntu/wt-SF-M04-STITCH-B/evidence/SF-M04-STITCH-B/m01-envelope-int/SF-M01-002/junit/envelope-int.xml

> @serviceform/cmp-048-security-platform@0.0.0 opa:test /home/ubuntu/wt-SF-M04-STITCH-B/services/cmp-048-security-platform
> bash scripts/opa-test.sh

{
  "files": {
    "policy/opa/sf/authz/decision.rego": {
      "covered": [
        {
          "start": {
            "row": 5,
            "col": 1
          },
          "end": {
            "row": 5,
            "col": 8
          }
        },
        {
          "start": {
            "row": 5,
            "col": 9
          },
          "end": {
            "row": 5,
            "col": 23
          }
        },
        {
          "start": {
            "row": 7,
            "col": 1
          },
          "end": {
            "row": 11,
            "col": 2
          }
        },
        {
          "start": {
            "row": 7,
            "col": 13
          },
          "end": {
            "row": 11,
            "col": 2
          }
        },
        {
          "start": {
            "row": 8,
            "col": 11
          },
          "end": {
            "row": 8,
            "col": 16
          }
        },
        {
          "start": {
            "row": 9,
            "col": 17
          },
          "end": {
            "row": 9,
            "col": 28
          }
        },
        {
          "start": {
            "row": 10,
            "col": 21
          },
          "end": {
            "row": 10,
            "col": 72
          }
        },
        {
          "start": {
            "row": 10,
            "col": 32
          },
          "end": {
            "row": 10,
            "col": 44
          }
        },
        {
          "start": {
            "row": 13,
            "col": 1
          },
          "end": {
            "row": 13,
            "col": 6
          }
        },
        {
          "start": {
            "row": 13,
            "col": 10
          },
          "end": {
            "row": 13,
            "col": 32
          }
        },
        {
          "start": {
            "row": 15,
            "col": 1
          },
          "end": {
            "row": 15,
            "col": 26
          }
        },
        {
          "start": {
            "row": 15,
            "col": 16
          },
          "end": {
            "row": 15,
            "col": 26
          }
        },
        {
          "start": {
            "row": 15,
            "col": 30
          },
          "end": {
            "row": 15,
            "col": 40
          }
        },
        {
          "start": {
            "row": 15,
            "col": 30
          },
          "end": {
            "row": 15,
            "col": 46
          }
        },
        {
          "start": {
            "row": 17,
            "col": 1
          },
          "end": {
            "row": 17,
            "col": 23
          }
        },
        {
          "start": {
            "row": 17,
            "col": 27
          },
          "end": {
            "row": 17,
            "col": 43
          }
        },
        {
          "start": {
            "row": 19,
            "col": 1
          },
          "end": {
            "row": 19,
            "col": 8
          }
        },
        {
          "start": {
            "row": 19,
            "col": 9
          },
          "end": {
            "row": 19,
            "col": 30
          }
        },
        {
          "start": {
            "row": 21,
            "col": 1
          },
          "end": {
            "row": 21,
            "col": 8
          }
        },
        {
          "start": {
            "row": 21,
            "col": 9
          },
          "end": {
            "row": 21,
            "col": 24
          }
        },
        {
          "start": {
            "row": 23,
            "col": 1
          },
          "end": {
            "row": 23,
            "col": 8
          }
        },
        {
          "start": {
            "row": 23,
            "col": 9
          },
          "end": {
            "row": 23,
            "col": 24
          }
        },
        {
          "start": {
            "row": 25,
            "col": 1
          },
          "end": {
            "row": 25,
            "col": 8
          }
        },
        {
          "start": {
            "row": 25,
            "col": 9
          },
          "end": {
            "row": 25,
            "col": 24
          }
        },
        {
          "start": {
            "row": 27,
            "col": 1
          },
          "end": {
            "row": 27,
            "col": 23
          }
        },
        {
          "start": {
            "row": 27,
            "col": 27
          },
          "end": {
            "row": 27,
            "col": 40
          }
        },
        {
          "start": {
            "row": 29,
            "col": 1
          },
          "end": {
            "row": 29,
            "col": 17
          }
        },
        {
          "start": {
            "row": 29,
            "col": 21
          },
          "end": {
            "row": 29,
            "col": 33
          }
        },
        {
          "start": {
            "row": 31,
            "col": 1
          },
          "end": {
            "row": 31,
            "col": 17
          }
        },
        {
          "start": {
            "row": 31,
            "col": 21
          },
          "end": {
            "row": 31,
            "col": 40
          }
        },
        {
          "start": {
            "row": 33,
            "col": 1
          },
          "end": {
            "row": 33,
            "col": 17
          }
        },
        {
          "start": {
            "row": 33,
            "col": 21
          },
          "end": {
            "row": 33,
            "col": 33
          }
        },
        {
          "start": {
            "row": 35,
            "col": 1
          },
          "end": {
            "row": 54,
            "col": 2
          }
        },
        {
          "start": {
            "row": 35,
            "col": 10
          },
          "end": {
            "row": 54,
            "col": 2
          }
        },
        {
          "start": {
            "row": 36,
            "col": 2
          },
          "end": {
            "row": 50,
            "col": 3
          }
        },
        {
          "start": {
            "row": 36,
            "col": 15
          },
          "end": {
            "row": 50,
            "col": 3
          }
        },
        {
          "start": {
            "row": 37,
            "col": 10
          },
          "end": {
            "row": 37,
            "col": 23
          }
        },
        {
          "start": {
            "row": 38,
            "col": 10
          },
          "end": {
            "row": 38,
            "col": 17
          }
        },
        {
          "start": {
            "row": 39,
            "col": 10
          },
          "end": {
            "row": 39,
            "col": 25
          }
        },
        {
          "start": {
            "row": 40,
            "col": 10
          },
          "end": {
            "row": 40,
            "col": 17
          }
        },
        {
          "start": {
            "row": 41,
            "col": 10
          },
          "end": {
            "row": 41,
            "col": 17
          }
        },
        {
          "start": {
            "row": 42,
            "col": 10
          },
          "end": {
            "row": 42,
            "col": 22
          }
        },
        {
          "start": {
            "row": 43,
            "col": 10
          },
          "end": {
            "row": 43,
            "col": 25
          }
        },
        {
          "start": {
            "row": 44,
            "col": 10
          },
          "end": {
            "row": 44,
            "col": 30
          }
        },
        {
          "start": {
            "row": 45,
            "col": 10
          },
          "end": {
            "row": 45,
            "col": 29
          }
        },
        {
          "start": {
            "row": 46,
            "col": 10
          },
          "end": {
            "row": 46,
            "col": 31
          }
        },
        {
          "start": {
            "row": 47,
            "col": 10
          },
          "end": {
            "row": 47,
            "col": 27
          }
        },
        {
          "start": {
            "row": 47,
            "col": 10
          },
          "end": {
            "row": 47,
            "col": 33
          }
        },
        {
          "start": {
            "row": 47,
            "col": 43
          },
          "end": {
            "row": 47,
            "col": 60
          }
        },
        {
          "start": {
            "row": 48,
            "col": 10
          },
          "end": {
            "row": 48,
            "col": 27
          }
        },
        {
          "start": {
            "row": 49,
            "col": 10
          },
          "end": {
            "row": 49,
            "col": 27
          }
        },
        {
          "start": {
            "row": 49,
            "col": 10
          },
          "end": {
            "row": 49,
            "col": 33
          }
        },
        {
          "start": {
            "row": 49,
            "col": 43
          },
          "end": {
            "row": 49,
            "col": 60
          }
        },
        {
          "start": {
            "row": 51,
            "col": 2
          },
          "end": {
            "row": 51,
            "col": 9
          }
        },
        {
          "start": {
            "row": 52,
            "col": 2
          },
          "end": {
            "row": 52,
            "col": 16
          }
        },
        {
          "start": {
            "row": 53,
            "col": 2
          },
          "end": {
            "row": 53,
            "col": 9
          }
        },
        {
          "start": {
            "row": 56,
            "col": 1
          },
          "end": {
            "row": 56,
            "col": 23
          }
        },
        {
          "start": {
            "row": 56,
            "col": 15
          },
          "end": {
            "row": 56,
            "col": 23
          }
        },
        {
          "start": {
            "row": 56,
            "col": 27
          },
          "end": {
            "row": 56,
            "col": 39
          }
        },
        {
          "start": {
            "row": 56,
            "col": 27
          },
          "end": {
            "row": 56,
            "col": 43
          }
        },
        {
          "start": {
            "row": 56,
            "col": 33
          },
          "end": {
            "row": 56,
            "col": 38
          }
        },
        {
          "start": {
            "row": 58,
            "col": 1
          },
          "end": {
            "row": 58,
            "col": 17
          }
        },
        {
          "start": {
            "row": 58,
            "col": 21
          },
          "end": {
            "row": 58,
            "col": 33
          }
        },
        {
          "start": {
            "row": 58,
            "col": 21
          },
          "end": {
            "row": 58,
            "col": 38
          }
        },
        {
          "start": {
            "row": 58,
            "col": 27
          },
          "end": {
            "row": 58,
            "col": 32
          }
        }
      ],
      "covered_lines": 39,
      "coverage": 100
    },
    "policy/opa/sf/authz/decision_test.rego": {
      "covered": [
        {
          "start": {
            "row": 6,
            "col": 1
          },
          "end": {
            "row": 6,
            "col": 22
          }
        },
        {
          "start": {
            "row": 7,
            "col": 2
          },
          "end": {
            "row": 7,
            "col": 92
          }
        },
        {
          "start": {
            "row": 7,
            "col": 64
          },
          "end": {
            "row": 7,
            "col": 92
          }
        },
        {
          "start": {
            "row": 7,
            "col": 77
          },
          "end": {
            "row": 7,
            "col": 84
          }
        },
        {
          "start": {
            "row": 10,
            "col": 1
          },
          "end": {
            "row": 10,
            "col": 26
          }
        },
        {
          "start": {
            "row": 11,
            "col": 2
          },
          "end": {
            "row": 11,
            "col": 120
          }
        },
        {
          "start": {
            "row": 11,
            "col": 64
          },
          "end": {
            "row": 11,
            "col": 71
          }
        },
        {
          "start": {
            "row": 14,
            "col": 1
          },
          "end": {
            "row": 14,
            "col": 25
          }
        },
        {
          "start": {
            "row": 15,
            "col": 2
          },
          "end": {
            "row": 15,
            "col": 27
          }
        },
        {
          "start": {
            "row": 15,
            "col": 7
          },
          "end": {
            "row": 15,
            "col": 27
          }
        },
        {
          "start": {
            "row": 15,
            "col": 12
          },
          "end": {
            "row": 15,
            "col": 22
          }
        },
        {
          "start": {
            "row": 16,
            "col": 2
          },
          "end": {
            "row": 16,
            "col": 17
          }
        },
        {
          "start": {
            "row": 17,
            "col": 2
          },
          "end": {
            "row": 17,
            "col": 26
          }
        },
        {
          "start": {
            "row": 18,
            "col": 2
          },
          "end": {
            "row": 18,
            "col": 34
          }
        },
        {
          "start": {
            "row": 21,
            "col": 1
          },
          "end": {
            "row": 21,
            "col": 20
          }
        },
        {
          "start": {
            "row": 22,
            "col": 2
          },
          "end": {
            "row": 22,
            "col": 38
          }
        },
        {
          "start": {
            "row": 23,
            "col": 2
          },
          "end": {
            "row": 23,
            "col": 18
          }
        },
        {
          "start": {
            "row": 24,
            "col": 2
          },
          "end": {
            "row": 24,
            "col": 34
          }
        },
        {
          "start": {
            "row": 27,
            "col": 1
          },
          "end": {
            "row": 27,
            "col": 23
          }
        },
        {
          "start": {
            "row": 28,
            "col": 2
          },
          "end": {
            "row": 28,
            "col": 74
          }
        },
        {
          "start": {
            "row": 28,
            "col": 7
          },
          "end": {
            "row": 28,
            "col": 74
          }
        },
        {
          "start": {
            "row": 28,
            "col": 12
          },
          "end": {
            "row": 28,
            "col": 69
          }
        },
        {
          "start": {
            "row": 28,
            "col": 25
          },
          "end": {
            "row": 28,
            "col": 35
          }
        },
        {
          "start": {
            "row": 29,
            "col": 2
          },
          "end": {
            "row": 29,
            "col": 18
          }
        },
        {
          "start": {
            "row": 30,
            "col": 2
          },
          "end": {
            "row": 30,
            "col": 35
          }
        },
        {
          "start": {
            "row": 33,
            "col": 1
          },
          "end": {
            "row": 33,
            "col": 26
          }
        },
        {
          "start": {
            "row": 34,
            "col": 2
          },
          "end": {
            "row": 34,
            "col": 91
          }
        },
        {
          "start": {
            "row": 34,
            "col": 9
          },
          "end": {
            "row": 34,
            "col": 91
          }
        },
        {
          "start": {
            "row": 34,
            "col": 20
          },
          "end": {
            "row": 34,
            "col": 30
          }
        },
        {
          "start": {
            "row": 35,
            "col": 2
          },
          "end": {
            "row": 35,
            "col": 20
          }
        },
        {
          "start": {
            "row": 35,
            "col": 7
          },
          "end": {
            "row": 35,
            "col": 20
          }
        },
        {
          "start": {
            "row": 36,
            "col": 2
          },
          "end": {
            "row": 36,
            "col": 18
          }
        },
        {
          "start": {
            "row": 37,
            "col": 2
          },
          "end": {
            "row": 37,
            "col": 39
          }
        },
        {
          "start": {
            "row": 40,
            "col": 1
          },
          "end": {
            "row": 40,
            "col": 28
          }
        },
        {
          "start": {
            "row": 41,
            "col": 2
          },
          "end": {
            "row": 41,
            "col": 110
          }
        },
        {
          "start": {
            "row": 41,
            "col": 9
          },
          "end": {
            "row": 41,
            "col": 110
          }
        },
        {
          "start": {
            "row": 41,
            "col": 20
          },
          "end": {
            "row": 41,
            "col": 30
          }
        },
        {
          "start": {
            "row": 42,
            "col": 2
          },
          "end": {
            "row": 42,
            "col": 20
          }
        },
        {
          "start": {
            "row": 42,
            "col": 7
          },
          "end": {
            "row": 42,
            "col": 20
          }
        },
        {
          "start": {
            "row": 43,
            "col": 2
          },
          "end": {
            "row": 43,
            "col": 18
          }
        },
        {
          "start": {
            "row": 44,
            "col": 2
          },
          "end": {
            "row": 44,
            "col": 39
          }
        },
        {
          "start": {
            "row": 47,
            "col": 1
          },
          "end": {
            "row": 47,
            "col": 21
          }
        },
        {
          "start": {
            "row": 48,
            "col": 2
          },
          "end": {
            "row": 48,
            "col": 96
          }
        },
        {
          "start": {
            "row": 48,
            "col": 9
          },
          "end": {
            "row": 48,
            "col": 96
          }
        },
        {
          "start": {
            "row": 48,
            "col": 20
          },
          "end": {
            "row": 48,
            "col": 30
          }
        },
        {
          "start": {
            "row": 48,
            "col": 91
          },
          "end": {
            "row": 48,
            "col": 93
          }
        },
        {
          "start": {
            "row": 49,
            "col": 2
          },
          "end": {
            "row": 49,
            "col": 20
          }
        },
        {
          "start": {
            "row": 49,
            "col": 7
          },
          "end": {
            "row": 49,
            "col": 20
          }
        },
        {
          "start": {
            "row": 50,
            "col": 2
          },
          "end": {
            "row": 50,
            "col": 18
          }
        },
        {
          "start": {
            "row": 51,
            "col": 2
          },
          "end": {
            "row": 51,
            "col": 36
          }
        },
        {
          "start": {
            "row": 54,
            "col": 1
          },
          "end": {
            "row": 54,
            "col": 28
          }
        },
        {
          "start": {
            "row": 55,
            "col": 2
          },
          "end": {
            "row": 55,
            "col": 97
          }
        },
        {
          "start": {
            "row": 55,
            "col": 9
          },
          "end": {
            "row": 55,
            "col": 97
          }
        },
        {
          "start": {
            "row": 55,
            "col": 20
          },
          "end": {
            "row": 55,
            "col": 30
          }
        },
        {
          "start": {
            "row": 56,
            "col": 2
          },
          "end": {
            "row": 56,
            "col": 20
          }
        },
        {
          "start": {
            "row": 56,
            "col": 7
          },
          "end": {
            "row": 56,
            "col": 20
          }
        },
        {
          "start": {
            "row": 57,
            "col": 2
          },
          "end": {
            "row": 57,
            "col": 18
          }
        },
        {
          "start": {
            "row": 58,
            "col": 2
          },
          "end": {
            "row": 58,
            "col": 36
          }
        },
        {
          "start": {
            "row": 61,
            "col": 1
          },
          "end": {
            "row": 61,
            "col": 29
          }
        },
        {
          "start": {
            "row": 62,
            "col": 2
          },
          "end": {
            "row": 62,
            "col": 98
          }
        },
        {
          "start": {
            "row": 62,
            "col": 9
          },
          "end": {
            "row": 62,
            "col": 98
          }
        },
        {
          "start": {
            "row": 62,
            "col": 20
          },
          "end": {
            "row": 62,
            "col": 30
          }
        },
        {
          "start": {
            "row": 63,
            "col": 2
          },
          "end": {
            "row": 63,
            "col": 20
          }
        },
        {
          "start": {
            "row": 63,
            "col": 7
          },
          "end": {
            "row": 63,
            "col": 20
          }
        },
        {
          "start": {
            "row": 64,
            "col": 2
          },
          "end": {
            "row": 64,
            "col": 18
          }
        },
        {
          "start": {
            "row": 65,
            "col": 2
          },
          "end": {
            "row": 65,
            "col": 36
          }
        },
        {
          "start": {
            "row": 68,
            "col": 1
          },
          "end": {
            "row": 68,
            "col": 27
          }
        },
        {
          "start": {
            "row": 69,
            "col": 2
          },
          "end": {
            "row": 69,
            "col": 73
          }
        },
        {
          "start": {
            "row": 69,
            "col": 36
          },
          "end": {
            "row": 69,
            "col": 46
          }
        },
        {
          "start": {
            "row": 70,
            "col": 2
          },
          "end": {
            "row": 70,
            "col": 18
          }
        },
        {
          "start": {
            "row": 71,
            "col": 2
          },
          "end": {
            "row": 71,
            "col": 40
          }
        },
        {
          "start": {
            "row": 74,
            "col": 1
          },
          "end": {
            "row": 74,
            "col": 28
          }
        },
        {
          "start": {
            "row": 75,
            "col": 2
          },
          "end": {
            "row": 78,
            "col": 4
          }
        },
        {
          "start": {
            "row": 75,
            "col": 9
          },
          "end": {
            "row": 78,
            "col": 4
          }
        },
        {
          "start": {
            "row": 75,
            "col": 20
          },
          "end": {
            "row": 75,
            "col": 30
          }
        },
        {
          "start": {
            "row": 77,
            "col": 67
          },
          "end": {
            "row": 77,
            "col": 74
          }
        },
        {
          "start": {
            "row": 79,
            "col": 2
          },
          "end": {
            "row": 79,
            "col": 20
          }
        },
        {
          "start": {
            "row": 79,
            "col": 7
          },
          "end": {
            "row": 79,
            "col": 20
          }
        },
        {
          "start": {
            "row": 80,
            "col": 2
          },
          "end": {
            "row": 80,
            "col": 18
          }
        },
        {
          "start": {
            "row": 81,
            "col": 2
          },
          "end": {
            "row": 81,
            "col": 40
          }
        },
        {
          "start": {
            "row": 84,
            "col": 1
          },
          "end": {
            "row": 84,
            "col": 28
          }
        },
        {
          "start": {
            "row": 85,
            "col": 2
          },
          "end": {
            "row": 89,
            "col": 4
          }
        },
        {
          "start": {
            "row": 85,
            "col": 9
          },
          "end": {
            "row": 89,
            "col": 4
          }
        },
        {
          "start": {
            "row": 85,
            "col": 20
          },
          "end": {
            "row": 85,
            "col": 30
          }
        },
        {
          "start": {
            "row": 87,
            "col": 68
          },
          "end": {
            "row": 87,
            "col": 75
          }
        },
        {
          "start": {
            "row": 88,
            "col": 67
          },
          "end": {
            "row": 88,
            "col": 72
          }
        },
        {
          "start": {
            "row": 90,
            "col": 2
          },
          "end": {
            "row": 90,
            "col": 20
          }
        },
        {
          "start": {
            "row": 90,
            "col": 7
          },
          "end": {
            "row": 90,
            "col": 20
          }
        },
        {
          "start": {
            "row": 91,
            "col": 2
          },
          "end": {
            "row": 91,
            "col": 18
          }
        },
        {
          "start": {
            "row": 92,
            "col": 2
          },
          "end": {
            "row": 92,
            "col": 40
          }
        },
        {
          "start": {
            "row": 95,
            "col": 1
          },
          "end": {
            "row": 95,
            "col": 29
          }
        },
        {
          "start": {
            "row": 96,
            "col": 2
          },
          "end": {
            "row": 99,
            "col": 4
          }
        },
        {
          "start": {
            "row": 96,
            "col": 9
          },
          "end": {
            "row": 99,
            "col": 4
          }
        },
        {
          "start": {
            "row": 96,
            "col": 20
          },
          "end": {
            "row": 96,
            "col": 30
          }
        },
        {
          "start": {
            "row": 100,
            "col": 2
          },
          "end": {
            "row": 100,
            "col": 20
          }
        },
        {
          "start": {
            "row": 100,
            "col": 7
          },
          "end": {
            "row": 100,
            "col": 20
          }
        },
        {
          "start": {
            "row": 101,
            "col": 2
          },
          "end": {
            "row": 101,
            "col": 18
          }
        },
        {
          "start": {
            "row": 102,
            "col": 2
          },
          "end": {
            "row": 102,
            "col": 40
          }
        },
        {
          "start": {
            "row": 105,
            "col": 1
          },
          "end": {
            "row": 105,
            "col": 29
          }
        },
        {
          "start": {
            "row": 106,
            "col": 2
          },
          "end": {
            "row": 110,
            "col": 4
          }
        },
        {
          "start": {
            "row": 106,
            "col": 9
          },
          "end": {
            "row": 110,
            "col": 4
          }
        },
        {
          "start": {
            "row": 106,
            "col": 20
          },
          "end": {
            "row": 106,
            "col": 30
          }
        },
        {
          "start": {
            "row": 108,
            "col": 68
          },
          "end": {
            "row": 108,
            "col": 74
          }
        },
        {
          "start": {
            "row": 109,
            "col": 67
          },
          "end": {
            "row": 109,
            "col": 74
          }
        },
        {
          "start": {
            "row": 111,
            "col": 2
          },
          "end": {
            "row": 111,
            "col": 20
          }
        },
        {
          "start": {
            "row": 111,
            "col": 7
          },
          "end": {
            "row": 111,
            "col": 20
          }
        },
        {
          "start": {
            "row": 112,
            "col": 2
          },
          "end": {
            "row": 112,
            "col": 17
          }
        },
        {
          "start": {
            "row": 115,
            "col": 1
          },
          "end": {
            "row": 115,
            "col": 21
          }
        },
        {
          "start": {
            "row": 116,
            "col": 2
          },
          "end": {
            "row": 119,
            "col": 4
          }
        },
        {
          "start": {
            "row": 116,
            "col": 9
          },
          "end": {
            "row": 119,
            "col": 4
          }
        },
        {
          "start": {
            "row": 116,
            "col": 20
          },
          "end": {
            "row": 116,
            "col": 30
          }
        },
        {
          "start": {
            "row": 120,
            "col": 2
          },
          "end": {
            "row": 120,
            "col": 20
          }
        },
        {
          "start": {
            "row": 120,
            "col": 7
          },
          "end": {
            "row": 120,
            "col": 20
          }
        },
        {
          "start": {
            "row": 121,
            "col": 2
          },
          "end": {
            "row": 121,
            "col": 18
          }
        },
        {
          "start": {
            "row": 122,
            "col": 2
          },
          "end": {
            "row": 122,
            "col": 33
          }
        },
        {
          "start": {
            "row": 125,
            "col": 1
          },
          "end": {
            "row": 125,
            "col": 20
          }
        },
        {
          "start": {
            "row": 126,
            "col": 2
          },
          "end": {
            "row": 129,
            "col": 4
          }
        },
        {
          "start": {
            "row": 126,
            "col": 9
          },
          "end": {
            "row": 129,
            "col": 4
          }
        },
        {
          "start": {
            "row": 126,
            "col": 20
          },
          "end": {
            "row": 126,
            "col": 30
          }
        },
        {
          "start": {
            "row": 130,
            "col": 2
          },
          "end": {
            "row": 130,
            "col": 20
          }
        },
        {
          "start": {
            "row": 130,
            "col": 7
          },
          "end": {
            "row": 130,
            "col": 20
          }
        },
        {
          "start": {
            "row": 131,
            "col": 2
          },
          "end": {
            "row": 131,
            "col": 18
          }
        },
        {
          "start": {
            "row": 132,
            "col": 2
          },
          "end": {
            "row": 132,
            "col": 41
          }
        },
        {
          "start": {
            "row": 135,
            "col": 1
          },
          "end": {
            "row": 135,
            "col": 27
          }
        },
        {
          "start": {
            "row": 136,
            "col": 2
          },
          "end": {
            "row": 136,
            "col": 131
          }
        },
        {
          "start": {
            "row": 136,
            "col": 9
          },
          "end": {
            "row": 136,
            "col": 131
          }
        },
        {
          "start": {
            "row": 136,
            "col": 20
          },
          "end": {
            "row": 136,
            "col": 30
          }
        },
        {
          "start": {
            "row": 137,
            "col": 2
          },
          "end": {
            "row": 137,
            "col": 20
          }
        },
        {
          "start": {
            "row": 137,
            "col": 7
          },
          "end": {
            "row": 137,
            "col": 20
          }
        },
        {
          "start": {
            "row": 138,
            "col": 2
          },
          "end": {
            "row": 138,
            "col": 18
          }
        },
        {
          "start": {
            "row": 139,
            "col": 2
          },
          "end": {
            "row": 139,
            "col": 39
          }
        },
        {
          "start": {
            "row": 142,
            "col": 1
          },
          "end": {
            "row": 142,
            "col": 27
          }
        },
        {
          "start": {
            "row": 143,
            "col": 2
          },
          "end": {
            "row": 146,
            "col": 4
          }
        },
        {
          "start": {
            "row": 143,
            "col": 9
          },
          "end": {
            "row": 146,
            "col": 4
          }
        },
        {
          "start": {
            "row": 143,
            "col": 20
          },
          "end": {
            "row": 143,
            "col": 30
          }
        },
        {
          "start": {
            "row": 144,
            "col": 60
          },
          "end": {
            "row": 144,
            "col": 63
          }
        },
        {
          "start": {
            "row": 145,
            "col": 58
          },
          "end": {
            "row": 145,
            "col": 60
          }
        },
        {
          "start": {
            "row": 147,
            "col": 2
          },
          "end": {
            "row": 147,
            "col": 20
          }
        },
        {
          "start": {
            "row": 147,
            "col": 7
          },
          "end": {
            "row": 147,
            "col": 20
          }
        },
        {
          "start": {
            "row": 148,
            "col": 2
          },
          "end": {
            "row": 148,
            "col": 18
          }
        },
        {
          "start": {
            "row": 149,
            "col": 2
          },
          "end": {
            "row": 149,
            "col": 39
          }
        },
        {
          "start": {
            "row": 152,
            "col": 1
          },
          "end": {
            "row": 152,
            "col": 27
          }
        },
        {
          "start": {
            "row": 153,
            "col": 2
          },
          "end": {
            "row": 156,
            "col": 4
          }
        },
        {
          "start": {
            "row": 153,
            "col": 9
          },
          "end": {
            "row": 156,
            "col": 4
          }
        },
        {
          "start": {
            "row": 153,
            "col": 20
          },
          "end": {
            "row": 153,
            "col": 30
          }
        },
        {
          "start": {
            "row": 154,
            "col": 60
          },
          "end": {
            "row": 154,
            "col": 63
          }
        },
        {
          "start": {
            "row": 157,
            "col": 2
          },
          "end": {
            "row": 157,
            "col": 20
          }
        },
        {
          "start": {
            "row": 157,
            "col": 7
          },
          "end": {
            "row": 157,
            "col": 20
          }
        },
        {
          "start": {
            "row": 158,
            "col": 2
          },
          "end": {
            "row": 158,
            "col": 18
          }
        },
        {
          "start": {
            "row": 159,
            "col": 2
          },
          "end": {
            "row": 159,
            "col": 39
          }
        },
        {
          "start": {
            "row": 162,
            "col": 1
          },
          "end": {
            "row": 162,
            "col": 28
          }
        },
        {
          "start": {
            "row": 163,
            "col": 2
          },
          "end": {
            "row": 163,
            "col": 96
          }
        },
        {
          "start": {
            "row": 163,
            "col": 9
          },
          "end": {
            "row": 163,
            "col": 96
          }
        },
        {
          "start": {
            "row": 163,
            "col": 20
          },
          "end": {
            "row": 163,
            "col": 30
          }
        },
        {
          "start": {
            "row": 163,
            "col": 90
          },
          "end": {
            "row": 163,
            "col": 93
          }
        },
        {
          "start": {
            "row": 164,
            "col": 2
          },
          "end": {
            "row": 164,
            "col": 20
          }
        },
        {
          "start": {
            "row": 164,
            "col": 7
          },
          "end": {
            "row": 164,
            "col": 20
          }
        },
        {
          "start": {
            "row": 165,
            "col": 2
          },
          "end": {
            "row": 165,
            "col": 17
          }
        },
        {
          "start": {
            "row": 168,
            "col": 1
          },
          "end": {
            "row": 168,
            "col": 33
          }
        },
        {
          "start": {
            "row": 169,
            "col": 2
          },
          "end": {
            "row": 172,
            "col": 4
          }
        },
        {
          "start": {
            "row": 169,
            "col": 9
          },
          "end": {
            "row": 172,
            "col": 4
          }
        },
        {
          "start": {
            "row": 169,
            "col": 20
          },
          "end": {
            "row": 169,
            "col": 30
          }
        },
        {
          "start": {
            "row": 170,
            "col": 60
          },
          "end": {
            "row": 170,
            "col": 63
          }
        },
        {
          "start": {
            "row": 173,
            "col": 2
          },
          "end": {
            "row": 173,
            "col": 20
          }
        },
        {
          "start": {
            "row": 173,
            "col": 7
          },
          "end": {
            "row": 173,
            "col": 20
          }
        },
        {
          "start": {
            "row": 174,
            "col": 2
          },
          "end": {
            "row": 174,
            "col": 18
          }
        },
        {
          "start": {
            "row": 175,
            "col": 2
          },
          "end": {
            "row": 175,
            "col": 41
          }
        },
        {
          "start": {
            "row": 178,
            "col": 1
          },
          "end": {
            "row": 178,
            "col": 18
          }
        },
        {
          "start": {
            "row": 179,
            "col": 2
          },
          "end": {
            "row": 179,
            "col": 109
          }
        },
        {
          "start": {
            "row": 179,
            "col": 9
          },
          "end": {
            "row": 179,
            "col": 109
          }
        },
        {
          "start": {
            "row": 179,
            "col": 20
          },
          "end": {
            "row": 179,
            "col": 30
          }
        },
        {
          "start": {
            "row": 180,
            "col": 2
          },
          "end": {
            "row": 180,
            "col": 23
          }
        },
        {
          "start": {
            "row": 180,
            "col": 7
          },
          "end": {
            "row": 180,
            "col": 23
          }
        },
        {
          "start": {
            "row": 181,
            "col": 2
          },
          "end": {
            "row": 181,
            "col": 18
          }
        },
        {
          "start": {
            "row": 182,
            "col": 2
          },
          "end": {
            "row": 182,
            "col": 45
          }
        },
        {
          "start": {
            "row": 185,
            "col": 1
          },
          "end": {
            "row": 185,
            "col": 26
          }
        },
        {
          "start": {
            "row": 186,
            "col": 2
          },
          "end": {
            "row": 186,
            "col": 109
          }
        },
        {
          "start": {
            "row": 186,
            "col": 9
          },
          "end": {
            "row": 186,
            "col": 109
          }
        },
        {
          "start": {
            "row": 186,
            "col": 20
          },
          "end": {
            "row": 186,
            "col": 30
          }
        },
        {
          "start": {
            "row": 187,
            "col": 2
          },
          "end": {
            "row": 196,
            "col": 5
          }
        },
        {
          "start": {
            "row": 187,
            "col": 8
          },
          "end": {
            "row": 187,
            "col": 10
          }
        },
        {
          "start": {
            "row": 187,
            "col": 13
          },
          "end": {
            "row": 187,
            "col": 15
          }
        },
        {
          "start": {
            "row": 189,
            "col": 18
          },
          "end": {
            "row": 189,
            "col": 20
          }
        },
        {
          "start": {
            "row": 190,
            "col": 22
          },
          "end": {
            "row": 190,
            "col": 24
          }
        },
        {
          "start": {
            "row": 191,
            "col": 16
          },
          "end": {
            "row": 191,
            "col": 18
          }
        },
        {
          "start": {
            "row": 197,
            "col": 2
          },
          "end": {
            "row": 197,
            "col": 22
          }
        },
        {
          "start": {
            "row": 197,
            "col": 7
          },
          "end": {
            "row": 197,
            "col": 22
          }
        },
        {
          "start": {
            "row": 198,
            "col": 2
          },
          "end": {
            "row": 198,
            "col": 18
          }
        },
        {
          "start": {
            "row": 199,
            "col": 2
          },
          "end": {
            "row": 199,
            "col": 48
          }
        },
        {
          "start": {
            "row": 202,
            "col": 1
          },
          "end": {
            "row": 202,
            "col": 23
          }
        },
        {
          "start": {
            "row": 203,
            "col": 2
          },
          "end": {
            "row": 203,
            "col": 109
          }
        },
        {
          "start": {
            "row": 203,
            "col": 9
          },
          "end": {
            "row": 203,
            "col": 109
          }
        },
        {
          "start": {
            "row": 203,
            "col": 20
          },
          "end": {
            "row": 203,
            "col": 30
          }
        },
        {
          "start": {
            "row": 204,
            "col": 2
          },
          "end": {
            "row": 213,
            "col": 5
          }
        },
        {
          "start": {
            "row": 204,
            "col": 8
          },
          "end": {
            "row": 204,
            "col": 10
          }
        },
        {
          "start": {
            "row": 204,
            "col": 13
          },
          "end": {
            "row": 204,
            "col": 15
          }
        },
        {
          "start": {
            "row": 206,
            "col": 18
          },
          "end": {
            "row": 206,
            "col": 20
          }
        },
        {
          "start": {
            "row": 207,
            "col": 22
          },
          "end": {
            "row": 207,
            "col": 24
          }
        },
        {
          "start": {
            "row": 208,
            "col": 16
          },
          "end": {
            "row": 208,
            "col": 18
          }
        },
        {
          "start": {
            "row": 214,
            "col": 2
          },
          "end": {
            "row": 214,
            "col": 22
          }
        },
        {
          "start": {
            "row": 214,
            "col": 7
          },
          "end": {
            "row": 214,
            "col": 22
          }
        },
        {
          "start": {
            "row": 215,
            "col": 2
          },
          "end": {
            "row": 215,
            "col": 18
          }
        },
        {
          "start": {
            "row": 216,
            "col": 2
          },
          "end": {
            "row": 216,
            "col": 45
          }
        },
        {
          "start": {
            "row": 219,
            "col": 1
          },
          "end": {
            "row": 219,
            "col": 28
          }
        },
        {
          "start": {
            "row": 220,
            "col": 2
          },
          "end": {
            "row": 220,
            "col": 109
          }
        },
        {
          "start": {
            "row": 220,
            "col": 9
          },
          "end": {
            "row": 220,
            "col": 109
          }
        },
        {
          "start": {
            "row": 220,
            "col": 20
          },
          "end": {
            "row": 220,
            "col": 30
          }
        },
        {
          "start": {
            "row": 221,
            "col": 2
          },
          "end": {
            "row": 230,
            "col": 5
          }
        },
        {
          "start": {
            "row": 221,
            "col": 8
          },
          "end": {
            "row": 221,
            "col": 10
          }
        },
        {
          "start": {
            "row": 221,
            "col": 13
          },
          "end": {
            "row": 221,
            "col": 15
          }
        },
        {
          "start": {
            "row": 223,
            "col": 18
          },
          "end": {
            "row": 223,
            "col": 20
          }
        },
        {
          "start": {
            "row": 224,
            "col": 22
          },
          "end": {
            "row": 224,
            "col": 24
          }
        },
        {
          "start": {
            "row": 225,
            "col": 16
          },
          "end": {
            "row": 225,
            "col": 18
          }
        },
        {
          "start": {
            "row": 231,
            "col": 2
          },
          "end": {
            "row": 231,
            "col": 22
          }
        },
        {
          "start": {
            "row": 231,
            "col": 7
          },
          "end": {
            "row": 231,
            "col": 22
          }
        },
        {
          "start": {
            "row": 232,
            "col": 2
          },
          "end": {
            "row": 232,
            "col": 18
          }
        },
        {
          "start": {
            "row": 233,
            "col": 2
          },
          "end": {
            "row": 233,
            "col": 38
          }
        },
        {
          "start": {
            "row": 236,
            "col": 1
          },
          "end": {
            "row": 236,
            "col": 19
          }
        },
        {
          "start": {
            "row": 237,
            "col": 2
          },
          "end": {
            "row": 240,
            "col": 4
          }
        },
        {
          "start": {
            "row": 237,
            "col": 9
          },
          "end": {
            "row": 240,
            "col": 4
          }
        },
        {
          "start": {
            "row": 237,
            "col": 20
          },
          "end": {
            "row": 237,
            "col": 30
          }
        },
        {
          "start": {
            "row": 241,
            "col": 2
          },
          "end": {
            "row": 241,
            "col": 23
          }
        },
        {
          "start": {
            "row": 241,
            "col": 7
          },
          "end": {
            "row": 241,
            "col": 23
          }
        },
        {
          "start": {
            "row": 242,
            "col": 2
          },
          "end": {
            "row": 242,
            "col": 18
          }
        },
        {
          "start": {
            "row": 243,
            "col": 2
          },
          "end": {
            "row": 243,
            "col": 41
          }
        },
        {
          "start": {
            "row": 246,
            "col": 1
          },
          "end": {
            "row": 246,
            "col": 24
          }
        },
        {
          "start": {
            "row": 247,
            "col": 2
          },
          "end": {
            "row": 247,
            "col": 109
          }
        },
        {
          "start": {
            "row": 247,
            "col": 9
          },
          "end": {
            "row": 247,
            "col": 109
          }
        },
        {
          "start": {
            "row": 247,
            "col": 20
          },
          "end": {
            "row": 247,
            "col": 30
          }
        },
        {
          "start": {
            "row": 248,
            "col": 2
          },
          "end": {
            "row": 257,
            "col": 5
          }
        },
        {
          "start": {
            "row": 248,
            "col": 8
          },
          "end": {
            "row": 248,
            "col": 10
          }
        },
        {
          "start": {
            "row": 248,
            "col": 13
          },
          "end": {
            "row": 248,
            "col": 15
          }
        },
        {
          "start": {
            "row": 250,
            "col": 18
          },
          "end": {
            "row": 250,
            "col": 20
          }
        },
        {
          "start": {
            "row": 251,
            "col": 22
          },
          "end": {
            "row": 251,
            "col": 24
          }
        },
        {
          "start": {
            "row": 252,
            "col": 16
          },
          "end": {
            "row": 252,
            "col": 18
          }
        },
        {
          "start": {
            "row": 258,
            "col": 2
          },
          "end": {
            "row": 258,
            "col": 22
          }
        },
        {
          "start": {
            "row": 258,
            "col": 7
          },
          "end": {
            "row": 258,
            "col": 22
          }
        },
        {
          "start": {
            "row": 259,
            "col": 2
          },
          "end": {
            "row": 259,
            "col": 17
          }
        },
        {
          "start": {
            "row": 262,
            "col": 1
          },
          "end": {
            "row": 262,
            "col": 27
          }
        },
        {
          "start": {
            "row": 263,
            "col": 2
          },
          "end": {
            "row": 263,
            "col": 113
          }
        },
        {
          "start": {
            "row": 263,
            "col": 9
          },
          "end": {
            "row": 263,
            "col": 113
          }
        },
        {
          "start": {
            "row": 263,
            "col": 22
          },
          "end": {
            "row": 263,
            "col": 32
          }
        },
        {
          "start": {
            "row": 264,
            "col": 2
          },
          "end": {
            "row": 264,
            "col": 20
          }
        },
        {
          "start": {
            "row": 264,
            "col": 7
          },
          "end": {
            "row": 264,
            "col": 20
          }
        },
        {
          "start": {
            "row": 265,
            "col": 2
          },
          "end": {
            "row": 265,
            "col": 18
          }
        },
        {
          "start": {
            "row": 266,
            "col": 2
          },
          "end": {
            "row": 266,
            "col": 38
          }
        },
        {
          "start": {
            "row": 269,
            "col": 1
          },
          "end": {
            "row": 269,
            "col": 22
          }
        },
        {
          "start": {
            "row": 270,
            "col": 2
          },
          "end": {
            "row": 270,
            "col": 38
          }
        },
        {
          "start": {
            "row": 271,
            "col": 2
          },
          "end": {
            "row": 271,
            "col": 18
          }
        },
        {
          "start": {
            "row": 272,
            "col": 2
          },
          "end": {
            "row": 272,
            "col": 15
          }
        },
        {
          "start": {
            "row": 273,
            "col": 2
          },
          "end": {
            "row": 273,
            "col": 19
          }
        },
        {
          "start": {
            "row": 276,
            "col": 1
          },
          "end": {
            "row": 276,
            "col": 33
          }
        },
        {
          "start": {
            "row": 277,
            "col": 2
          },
          "end": {
            "row": 277,
            "col": 86
          }
        },
        {
          "start": {
            "row": 277,
            "col": 36
          },
          "end": {
            "row": 277,
            "col": 46
          }
        },
        {
          "start": {
            "row": 277,
            "col": 71
          },
          "end": {
            "row": 277,
            "col": 86
          }
        },
        {
          "start": {
            "row": 277,
            "col": 72
          },
          "end": {
            "row": 277,
            "col": 74
          }
        },
        {
          "start": {
            "row": 277,
            "col": 76
          },
          "end": {
            "row": 277,
            "col": 85
          }
        },
        {
          "start": {
            "row": 278,
            "col": 2
          },
          "end": {
            "row": 278,
            "col": 18
          }
        },
        {
          "start": {
            "row": 279,
            "col": 2
          },
          "end": {
            "row": 279,
            "col": 40
          }
        },
        {
          "start": {
            "row": 282,
            "col": 1
          },
          "end": {
            "row": 282,
            "col": 34
          }
        },
        {
          "start": {
            "row": 283,
            "col": 2
          },
          "end": {
            "row": 283,
            "col": 87
          }
        },
        {
          "start": {
            "row": 283,
            "col": 9
          },
          "end": {
            "row": 283,
            "col": 87
          }
        },
        {
          "start": {
            "row": 283,
            "col": 20
          },
          "end": {
            "row": 283,
            "col": 30
          }
        },
        {
          "start": {
            "row": 284,
            "col": 2
          },
          "end": {
            "row": 284,
            "col": 20
          }
        },
        {
          "start": {
            "row": 284,
            "col": 7
          },
          "end": {
            "row": 284,
            "col": 20
          }
        },
        {
          "start": {
            "row": 285,
            "col": 2
          },
          "end": {
            "row": 285,
            "col": 18
          }
        },
        {
          "start": {
            "row": 286,
            "col": 2
          },
          "end": {
            "row": 286,
            "col": 36
          }
        },
        {
          "start": {
            "row": 289,
            "col": 1
          },
          "end": {
            "row": 289,
            "col": 25
          }
        },
        {
          "start": {
            "row": 290,
            "col": 2
          },
          "end": {
            "row": 293,
            "col": 4
          }
        },
        {
          "start": {
            "row": 290,
            "col": 9
          },
          "end": {
            "row": 293,
            "col": 4
          }
        },
        {
          "start": {
            "row": 290,
            "col": 20
          },
          "end": {
            "row": 290,
            "col": 30
          }
        },
        {
          "start": {
            "row": 294,
            "col": 2
          },
          "end": {
            "row": 294,
            "col": 20
          }
        },
        {
          "start": {
            "row": 294,
            "col": 7
          },
          "end": {
            "row": 294,
            "col": 20
          }
        },
        {
          "start": {
            "row": 295,
            "col": 2
          },
          "end": {
            "row": 295,
            "col": 18
          }
        },
        {
          "start": {
            "row": 296,
            "col": 2
          },
          "end": {
            "row": 296,
            "col": 36
          }
        },
        {
          "start": {
            "row": 299,
            "col": 1
          },
          "end": {
            "row": 299,
            "col": 29
          }
        },
        {
          "start": {
            "row": 300,
            "col": 2
          },
          "end": {
            "row": 300,
            "col": 109
          }
        },
        {
          "start": {
            "row": 300,
            "col": 9
          },
          "end": {
            "row": 300,
            "col": 109
          }
        },
        {
          "start": {
            "row": 300,
            "col": 20
          },
          "end": {
            "row": 300,
            "col": 30
          }
        },
        {
          "start": {
            "row": 301,
            "col": 2
          },
          "end": {
            "row": 310,
            "col": 5
          }
        },
        {
          "start": {
            "row": 301,
            "col": 8
          },
          "end": {
            "row": 301,
            "col": 10
          }
        },
        {
          "start": {
            "row": 301,
            "col": 13
          },
          "end": {
            "row": 301,
            "col": 15
          }
        },
        {
          "start": {
            "row": 303,
            "col": 18
          },
          "end": {
            "row": 303,
            "col": 20
          }
        },
        {
          "start": {
            "row": 304,
            "col": 22
          },
          "end": {
            "row": 304,
            "col": 24
          }
        },
        {
          "start": {
            "row": 305,
            "col": 16
          },
          "end": {
            "row": 305,
            "col": 18
          }
        },
        {
          "start": {
            "row": 311,
            "col": 2
          },
          "end": {
            "row": 311,
            "col": 22
          }
        },
        {
          "start": {
            "row": 311,
            "col": 7
          },
          "end": {
            "row": 311,
            "col": 22
          }
        },
        {
          "start": {
            "row": 312,
            "col": 2
          },
          "end": {
            "row": 312,
            "col": 18
          }
        },
        {
          "start": {
            "row": 313,
            "col": 2
          },
          "end": {
            "row": 313,
            "col": 45
          }
        },
        {
          "start": {
            "row": 316,
            "col": 1
          },
          "end": {
            "row": 316,
            "col": 33
          }
        },
        {
          "start": {
            "row": 317,
            "col": 2
          },
          "end": {
            "row": 317,
            "col": 86
          }
        },
        {
          "start": {
            "row": 317,
            "col": 9
          },
          "end": {
            "row": 317,
            "col": 86
          }
        },
        {
          "start": {
            "row": 317,
            "col": 20
          },
          "end": {
            "row": 317,
            "col": 30
          }
        },
        {
          "start": {
            "row": 318,
            "col": 2
          },
          "end": {
            "row": 318,
            "col": 20
          }
        },
        {
          "start": {
            "row": 318,
            "col": 7
          },
          "end": {
            "row": 318,
            "col": 20
          }
        },
        {
          "start": {
            "row": 319,
            "col": 2
          },
          "end": {
            "row": 319,
            "col": 18
          }
        },
        {
          "start": {
            "row": 322,
            "col": 1
          },
          "end": {
            "row": 322,
            "col": 31
          }
        },
        {
          "start": {
            "row": 323,
            "col": 2
          },
          "end": {
            "row": 323,
            "col": 128
          }
        },
        {
          "start": {
            "row": 326,
            "col": 1
          },
          "end": {
            "row": 326,
            "col": 36
          }
        },
        {
          "start": {
            "row": 327,
            "col": 2
          },
          "end": {
            "row": 327,
            "col": 136
          }
        },
        {
          "start": {
            "row": 330,
            "col": 1
          },
          "end": {
            "row": 330,
            "col": 42
          }
        },
        {
          "start": {
            "row": 331,
            "col": 2
          },
          "end": {
            "row": 331,
            "col": 113
          }
        },
        {
          "start": {
            "row": 334,
            "col": 1
          },
          "end": {
            "row": 334,
            "col": 36
          }
        },
        {
          "start": {
            "row": 335,
            "col": 2
          },
          "end": {
            "row": 335,
            "col": 45
          }
        }
      ],
      "covered_lines": 254,
      "coverage": 100
    },
    "policy/opa/sf/authz/delegation.rego": {
      "covered": [
        {
          "start": {
            "row": 7,
            "col": 1
          },
          "end": {
            "row": 7,
            "col": 66
          }
        },
        {
          "start": {
            "row": 7,
            "col": 18
          },
          "end": {
            "row": 7,
            "col": 66
          }
        },
        {
          "start": {
            "row": 7,
            "col": 29
          },
          "end": {
            "row": 7,
            "col": 42
          }
        },
        {
          "start": {
            "row": 9,
            "col": 1
          },
          "end": {
            "row": 9,
            "col": 113
          }
        },
        {
          "start": {
            "row": 9,
            "col": 22
          },
          "end": {
            "row": 9,
            "col": 113
          }
        },
        {
          "start": {
            "row": 9,
            "col": 33
          },
          "end": {
            "row": 9,
            "col": 91
          }
        },
        {
          "start": {
            "row": 9,
            "col": 44
          },
          "end": {
            "row": 9,
            "col": 71
          }
        },
        {
          "start": {
            "row": 9,
            "col": 60
          },
          "end": {
            "row": 9,
            "col": 70
          }
        },
        {
          "start": {
            "row": 9,
            "col": 93
          },
          "end": {
            "row": 9,
            "col": 106
          }
        },
        {
          "start": {
            "row": 11,
            "col": 1
          },
          "end": {
            "row": 11,
            "col": 8
          }
        },
        {
          "start": {
            "row": 11,
            "col": 9
          },
          "end": {
            "row": 11,
            "col": 32
          }
        },
        {
          "start": {
            "row": 13,
            "col": 1
          },
          "end": {
            "row": 13,
            "col": 8
          }
        },
        {
          "start": {
            "row": 13,
            "col": 9
          },
          "end": {
            "row": 13,
            "col": 28
          }
        },
        {
          "start": {
            "row": 15,
            "col": 1
          },
          "end": {
            "row": 15,
            "col": 8
          }
        },
        {
          "start": {
            "row": 15,
            "col": 9
          },
          "end": {
            "row": 15,
            "col": 34
          }
        },
        {
          "start": {
            "row": 17,
            "col": 1
          },
          "end": {
            "row": 17,
            "col": 8
          }
        },
        {
          "start": {
            "row": 17,
            "col": 9
          },
          "end": {
            "row": 17,
            "col": 25
          }
        },
        {
          "start": {
            "row": 19,
            "col": 1
          },
          "end": {
            "row": 19,
            "col": 8
          }
        },
        {
          "start": {
            "row": 19,
            "col": 9
          },
          "end": {
            "row": 19,
            "col": 32
          }
        },
        {
          "start": {
            "row": 21,
            "col": 1
          },
          "end": {
            "row": 21,
            "col": 8
          }
        },
        {
          "start": {
            "row": 21,
            "col": 9
          },
          "end": {
            "row": 21,
            "col": 25
          }
        },
        {
          "start": {
            "row": 23,
            "col": 1
          },
          "end": {
            "row": 23,
            "col": 8
          }
        },
        {
          "start": {
            "row": 23,
            "col": 9
          },
          "end": {
            "row": 23,
            "col": 25
          }
        },
        {
          "start": {
            "row": 25,
            "col": 1
          },
          "end": {
            "row": 25,
            "col": 8
          }
        },
        {
          "start": {
            "row": 25,
            "col": 9
          },
          "end": {
            "row": 25,
            "col": 34
          }
        },
        {
          "start": {
            "row": 27,
            "col": 1
          },
          "end": {
            "row": 27,
            "col": 8
          }
        },
        {
          "start": {
            "row": 27,
            "col": 9
          },
          "end": {
            "row": 27,
            "col": 38
          }
        },
        {
          "start": {
            "row": 35,
            "col": 1
          },
          "end": {
            "row": 35,
            "col": 8
          }
        },
        {
          "start": {
            "row": 35,
            "col": 9
          },
          "end": {
            "row": 35,
            "col": 29
          }
        },
        {
          "start": {
            "row": 43,
            "col": 1
          },
          "end": {
            "row": 43,
            "col": 15
          }
        },
        {
          "start": {
            "row": 43,
            "col": 19
          },
          "end": {
            "row": 43,
            "col": 32
          }
        },
        {
          "start": {
            "row": 43,
            "col": 19
          },
          "end": {
            "row": 43,
            "col": 40
          }
        },
        {
          "start": {
            "row": 45,
            "col": 1
          },
          "end": {
            "row": 45,
            "col": 11
          }
        },
        {
          "start": {
            "row": 45,
            "col": 15
          },
          "end": {
            "row": 45,
            "col": 32
          }
        },
        {
          "start": {
            "row": 45,
            "col": 15
          },
          "end": {
            "row": 45,
            "col": 40
          }
        },
        {
          "start": {
            "row": 47,
            "col": 1
          },
          "end": {
            "row": 47,
            "col": 17
          }
        },
        {
          "start": {
            "row": 48,
            "col": 2
          },
          "end": {
            "row": 48,
            "col": 12
          }
        },
        {
          "start": {
            "row": 49,
            "col": 2
          },
          "end": {
            "row": 49,
            "col": 61
          }
        },
        {
          "start": {
            "row": 52,
            "col": 1
          },
          "end": {
            "row": 52,
            "col": 21
          }
        },
        {
          "start": {
            "row": 52,
            "col": 25
          },
          "end": {
            "row": 52,
            "col": 93
          }
        },
        {
          "start": {
            "row": 52,
            "col": 25
          },
          "end": {
            "row": 52,
            "col": 99
          }
        },
        {
          "start": {
            "row": 52,
            "col": 36
          },
          "end": {
            "row": 52,
            "col": 72
          }
        },
        {
          "start": {
            "row": 52,
            "col": 47
          },
          "end": {
            "row": 52,
            "col": 52
          }
        },
        {
          "start": {
            "row": 54,
            "col": 1
          },
          "end": {
            "row": 54,
            "col": 8
          }
        },
        {
          "start": {
            "row": 55,
            "col": 2
          },
          "end": {
            "row": 55,
            "col": 55
          }
        },
        {
          "start": {
            "row": 55,
            "col": 2
          },
          "end": {
            "row": 55,
            "col": 109
          }
        },
        {
          "start": {
            "row": 55,
            "col": 24
          },
          "end": {
            "row": 55,
            "col": 54
          }
        },
        {
          "start": {
            "row": 55,
            "col": 59
          },
          "end": {
            "row": 55,
            "col": 109
          }
        },
        {
          "start": {
            "row": 55,
            "col": 81
          },
          "end": {
            "row": 55,
            "col": 108
          }
        },
        {
          "start": {
            "row": 58,
            "col": 1
          },
          "end": {
            "row": 58,
            "col": 8
          }
        },
        {
          "start": {
            "row": 59,
            "col": 2
          },
          "end": {
            "row": 59,
            "col": 55
          }
        },
        {
          "start": {
            "row": 59,
            "col": 2
          },
          "end": {
            "row": 59,
            "col": 107
          }
        },
        {
          "start": {
            "row": 59,
            "col": 24
          },
          "end": {
            "row": 59,
            "col": 54
          }
        },
        {
          "start": {
            "row": 59,
            "col": 59
          },
          "end": {
            "row": 59,
            "col": 107
          }
        },
        {
          "start": {
            "row": 59,
            "col": 81
          },
          "end": {
            "row": 59,
            "col": 106
          }
        },
        {
          "start": {
            "row": 63,
            "col": 2
          },
          "end": {
            "row": 63,
            "col": 12
          }
        },
        {
          "start": {
            "row": 64,
            "col": 2
          },
          "end": {
            "row": 64,
            "col": 39
          }
        },
        {
          "start": {
            "row": 68,
            "col": 2
          },
          "end": {
            "row": 68,
            "col": 12
          }
        },
        {
          "start": {
            "row": 69,
            "col": 2
          },
          "end": {
            "row": 69,
            "col": 45
          }
        },
        {
          "start": {
            "row": 73,
            "col": 1
          },
          "end": {
            "row": 73,
            "col": 17
          }
        },
        {
          "start": {
            "row": 74,
            "col": 2
          },
          "end": {
            "row": 74,
            "col": 12
          }
        },
        {
          "start": {
            "row": 75,
            "col": 2
          },
          "end": {
            "row": 75,
            "col": 14
          }
        },
        {
          "start": {
            "row": 75,
            "col": 2
          },
          "end": {
            "row": 75,
            "col": 62
          }
        },
        {
          "start": {
            "row": 75,
            "col": 18
          },
          "end": {
            "row": 75,
            "col": 62
          }
        },
        {
          "start": {
            "row": 75,
            "col": 29
          },
          "end": {
            "row": 75,
            "col": 46
          }
        },
        {
          "start": {
            "row": 78,
            "col": 1
          },
          "end": {
            "row": 78,
            "col": 21
          }
        },
        {
          "start": {
            "row": 79,
            "col": 2
          },
          "end": {
            "row": 79,
            "col": 74
          }
        },
        {
          "start": {
            "row": 79,
            "col": 22
          },
          "end": {
            "row": 79,
            "col": 74
          }
        },
        {
          "start": {
            "row": 79,
            "col": 33
          },
          "end": {
            "row": 79,
            "col": 60
          }
        },
        {
          "start": {
            "row": 79,
            "col": 49
          },
          "end": {
            "row": 79,
            "col": 59
          }
        },
        {
          "start": {
            "row": 80,
            "col": 2
          },
          "end": {
            "row": 80,
            "col": 14
          }
        },
        {
          "start": {
            "row": 80,
            "col": 2
          },
          "end": {
            "row": 80,
            "col": 50
          }
        },
        {
          "start": {
            "row": 80,
            "col": 18
          },
          "end": {
            "row": 80,
            "col": 50
          }
        },
        {
          "start": {
            "row": 81,
            "col": 2
          },
          "end": {
            "row": 81,
            "col": 6
          }
        },
        {
          "start": {
            "row": 84,
            "col": 1
          },
          "end": {
            "row": 84,
            "col": 12
          }
        },
        {
          "start": {
            "row": 85,
            "col": 2
          },
          "end": {
            "row": 85,
            "col": 16
          }
        },
        {
          "start": {
            "row": 86,
            "col": 2
          },
          "end": {
            "row": 86,
            "col": 16
          }
        },
        {
          "start": {
            "row": 89,
            "col": 1
          },
          "end": {
            "row": 89,
            "col": 21
          }
        },
        {
          "start": {
            "row": 89,
            "col": 25
          },
          "end": {
            "row": 89,
            "col": 35
          }
        },
        {
          "start": {
            "row": 91,
            "col": 1
          },
          "end": {
            "row": 91,
            "col": 21
          }
        },
        {
          "start": {
            "row": 91,
            "col": 25
          },
          "end": {
            "row": 91,
            "col": 43
          }
        },
        {
          "start": {
            "row": 93,
            "col": 1
          },
          "end": {
            "row": 93,
            "col": 12
          }
        },
        {
          "start": {
            "row": 94,
            "col": 2
          },
          "end": {
            "row": 94,
            "col": 12
          }
        },
        {
          "start": {
            "row": 95,
            "col": 2
          },
          "end": {
            "row": 95,
            "col": 22
          }
        },
        {
          "start": {
            "row": 98,
            "col": 1
          },
          "end": {
            "row": 98,
            "col": 21
          }
        },
        {
          "start": {
            "row": 98,
            "col": 25
          },
          "end": {
            "row": 98,
            "col": 41
          }
        },
        {
          "start": {
            "row": 100,
            "col": 1
          },
          "end": {
            "row": 100,
            "col": 21
          }
        },
        {
          "start": {
            "row": 100,
            "col": 25
          },
          "end": {
            "row": 100,
            "col": 39
          }
        },
        {
          "start": {
            "row": 102,
            "col": 1
          },
          "end": {
            "row": 102,
            "col": 17
          }
        },
        {
          "start": {
            "row": 103,
            "col": 2
          },
          "end": {
            "row": 103,
            "col": 12
          }
        },
        {
          "start": {
            "row": 104,
            "col": 2
          },
          "end": {
            "row": 104,
            "col": 18
          }
        },
        {
          "start": {
            "row": 105,
            "col": 2
          },
          "end": {
            "row": 105,
            "col": 26
          }
        },
        {
          "start": {
            "row": 108,
            "col": 1
          },
          "end": {
            "row": 108,
            "col": 26
          }
        },
        {
          "start": {
            "row": 108,
            "col": 30
          },
          "end": {
            "row": 108,
            "col": 50
          }
        },
        {
          "start": {
            "row": 110,
            "col": 1
          },
          "end": {
            "row": 110,
            "col": 26
          }
        },
        {
          "start": {
            "row": 110,
            "col": 30
          },
          "end": {
            "row": 110,
            "col": 44
          }
        },
        {
          "start": {
            "row": 112,
            "col": 1
          },
          "end": {
            "row": 112,
            "col": 12
          }
        },
        {
          "start": {
            "row": 113,
            "col": 2
          },
          "end": {
            "row": 113,
            "col": 12
          }
        },
        {
          "start": {
            "row": 114,
            "col": 2
          },
          "end": {
            "row": 114,
            "col": 18
          }
        },
        {
          "start": {
            "row": 115,
            "col": 2
          },
          "end": {
            "row": 115,
            "col": 22
          }
        },
        {
          "start": {
            "row": 116,
            "col": 2
          },
          "end": {
            "row": 116,
            "col": 13
          }
        },
        {
          "start": {
            "row": 119,
            "col": 1
          },
          "end": {
            "row": 119,
            "col": 21
          }
        },
        {
          "start": {
            "row": 119,
            "col": 25
          },
          "end": {
            "row": 119,
            "col": 32
          }
        },
        {
          "start": {
            "row": 121,
            "col": 1
          },
          "end": {
            "row": 121,
            "col": 21
          }
        },
        {
          "start": {
            "row": 121,
            "col": 25
          },
          "end": {
            "row": 121,
            "col": 39
          }
        },
        {
          "start": {
            "row": 123,
            "col": 1
          },
          "end": {
            "row": 123,
            "col": 11
          }
        },
        {
          "start": {
            "row": 124,
            "col": 2
          },
          "end": {
            "row": 124,
            "col": 12
          }
        },
        {
          "start": {
            "row": 125,
            "col": 2
          },
          "end": {
            "row": 125,
            "col": 18
          }
        },
        {
          "start": {
            "row": 126,
            "col": 2
          },
          "end": {
            "row": 126,
            "col": 9
          }
        },
        {
          "start": {
            "row": 129,
            "col": 1
          },
          "end": {
            "row": 129,
            "col": 20
          }
        },
        {
          "start": {
            "row": 130,
            "col": 2
          },
          "end": {
            "row": 130,
            "col": 12
          }
        },
        {
          "start": {
            "row": 131,
            "col": 2
          },
          "end": {
            "row": 131,
            "col": 13
          }
        },
        {
          "start": {
            "row": 134,
            "col": 1
          },
          "end": {
            "row": 134,
            "col": 20
          }
        },
        {
          "start": {
            "row": 134,
            "col": 24
          },
          "end": {
            "row": 134,
            "col": 38
          }
        },
        {
          "start": {
            "row": 137,
            "col": 2
          },
          "end": {
            "row": 137,
            "col": 12
          }
        },
        {
          "start": {
            "row": 138,
            "col": 2
          },
          "end": {
            "row": 138,
            "col": 22
          }
        },
        {
          "start": {
            "row": 141,
            "col": 1
          },
          "end": {
            "row": 141,
            "col": 20
          }
        },
        {
          "start": {
            "row": 141,
            "col": 24
          },
          "end": {
            "row": 141,
            "col": 40
          }
        },
        {
          "start": {
            "row": 143,
            "col": 1
          },
          "end": {
            "row": 143,
            "col": 20
          }
        },
        {
          "start": {
            "row": 143,
            "col": 24
          },
          "end": {
            "row": 143,
            "col": 38
          }
        },
        {
          "start": {
            "row": 146,
            "col": 2
          },
          "end": {
            "row": 146,
            "col": 12
          }
        },
        {
          "start": {
            "row": 147,
            "col": 2
          },
          "end": {
            "row": 147,
            "col": 26
          }
        },
        {
          "start": {
            "row": 150,
            "col": 1
          },
          "end": {
            "row": 150,
            "col": 23
          }
        },
        {
          "start": {
            "row": 150,
            "col": 27
          },
          "end": {
            "row": 150,
            "col": 47
          }
        },
        {
          "start": {
            "row": 152,
            "col": 1
          },
          "end": {
            "row": 152,
            "col": 23
          }
        },
        {
          "start": {
            "row": 152,
            "col": 27
          },
          "end": {
            "row": 152,
            "col": 41
          }
        },
        {
          "start": {
            "row": 154,
            "col": 1
          },
          "end": {
            "row": 168,
            "col": 2
          }
        },
        {
          "start": {
            "row": 154,
            "col": 14
          },
          "end": {
            "row": 168,
            "col": 2
          }
        },
        {
          "start": {
            "row": 155,
            "col": 2
          },
          "end": {
            "row": 165,
            "col": 3
          }
        },
        {
          "start": {
            "row": 155,
            "col": 15
          },
          "end": {
            "row": 165,
            "col": 3
          }
        },
        {
          "start": {
            "row": 156,
            "col": 10
          },
          "end": {
            "row": 156,
            "col": 21
          }
        },
        {
          "start": {
            "row": 157,
            "col": 10
          },
          "end": {
            "row": 157,
            "col": 21
          }
        },
        {
          "start": {
            "row": 158,
            "col": 10
          },
          "end": {
            "row": 158,
            "col": 26
          }
        },
        {
          "start": {
            "row": 159,
            "col": 10
          },
          "end": {
            "row": 159,
            "col": 21
          }
        },
        {
          "start": {
            "row": 160,
            "col": 10
          },
          "end": {
            "row": 160,
            "col": 20
          }
        },
        {
          "start": {
            "row": 161,
            "col": 10
          },
          "end": {
            "row": 161,
            "col": 17
          }
        },
        {
          "start": {
            "row": 162,
            "col": 10
          },
          "end": {
            "row": 162,
            "col": 24
          }
        },
        {
          "start": {
            "row": 163,
            "col": 10
          },
          "end": {
            "row": 163,
            "col": 20
          }
        },
        {
          "start": {
            "row": 164,
            "col": 10
          },
          "end": {
            "row": 164,
            "col": 23
          }
        },
        {
          "start": {
            "row": 166,
            "col": 2
          },
          "end": {
            "row": 166,
            "col": 9
          }
        },
        {
          "start": {
            "row": 167,
            "col": 2
          },
          "end": {
            "row": 167,
            "col": 16
          }
        },
        {
          "start": {
            "row": 170,
            "col": 1
          },
          "end": {
            "row": 170,
            "col": 34
          }
        },
        {
          "start": {
            "row": 170,
            "col": 22
          },
          "end": {
            "row": 170,
            "col": 34
          }
        },
        {
          "start": {
            "row": 170,
            "col": 38
          },
          "end": {
            "row": 170,
            "col": 54
          }
        },
        {
          "start": {
            "row": 170,
            "col": 38
          },
          "end": {
            "row": 170,
            "col": 58
          }
        },
        {
          "start": {
            "row": 170,
            "col": 44
          },
          "end": {
            "row": 170,
            "col": 53
          }
        },
        {
          "start": {
            "row": 172,
            "col": 1
          },
          "end": {
            "row": 172,
            "col": 24
          }
        },
        {
          "start": {
            "row": 172,
            "col": 28
          },
          "end": {
            "row": 172,
            "col": 44
          }
        },
        {
          "start": {
            "row": 172,
            "col": 28
          },
          "end": {
            "row": 172,
            "col": 49
          }
        },
        {
          "start": {
            "row": 172,
            "col": 34
          },
          "end": {
            "row": 172,
            "col": 43
          }
        }
      ],
      "not_covered": [
        {
          "start": {
            "row": 5,
            "col": 1
          },
          "end": {
            "row": 5,
            "col": 8
          }
        },
        {
          "start": {
            "row": 5,
            "col": 9
          },
          "end": {
            "row": 5,
            "col": 32
          }
        },
        {
          "start": {
            "row": 29,
            "col": 1
          },
          "end": {
            "row": 29,
            "col": 8
          }
        },
        {
          "start": {
            "row": 29,
            "col": 9
          },
          "end": {
            "row": 29,
            "col": 29
          }
        },
        {
          "start": {
            "row": 31,
            "col": 1
          },
          "end": {
            "row": 31,
            "col": 8
          }
        },
        {
          "start": {
            "row": 31,
            "col": 9
          },
          "end": {
            "row": 31,
            "col": 29
          }
        },
        {
          "start": {
            "row": 33,
            "col": 1
          },
          "end": {
            "row": 33,
            "col": 8
          }
        },
        {
          "start": {
            "row": 33,
            "col": 9
          },
          "end": {
            "row": 33,
            "col": 34
          }
        },
        {
          "start": {
            "row": 37,
            "col": 1
          },
          "end": {
            "row": 37,
            "col": 8
          }
        },
        {
          "start": {
            "row": 37,
            "col": 9
          },
          "end": {
            "row": 37,
            "col": 28
          }
        },
        {
          "start": {
            "row": 39,
            "col": 1
          },
          "end": {
            "row": 39,
            "col": 8
          }
        },
        {
          "start": {
            "row": 39,
            "col": 9
          },
          "end": {
            "row": 39,
            "col": 28
          }
        },
        {
          "start": {
            "row": 41,
            "col": 1
          },
          "end": {
            "row": 41,
            "col": 8
          }
        },
        {
          "start": {
            "row": 41,
            "col": 9
          },
          "end": {
            "row": 41,
            "col": 31
          }
        },
        {
          "start": {
            "row": 62,
            "col": 1
          },
          "end": {
            "row": 62,
            "col": 8
          }
        },
        {
          "start": {
            "row": 67,
            "col": 1
          },
          "end": {
            "row": 67,
            "col": 15
          }
        },
        {
          "start": {
            "row": 70,
            "col": 2
          },
          "end": {
            "row": 70,
            "col": 35
          }
        },
        {
          "start": {
            "row": 136,
            "col": 1
          },
          "end": {
            "row": 136,
            "col": 11
          }
        },
        {
          "start": {
            "row": 145,
            "col": 1
          },
          "end": {
            "row": 145,
            "col": 14
          }
        }
      ],
      "covered_lines": 89,
      "not_covered_lines": 12,
      "coverage": 88.11881188118812
    },
    "policy/opa/sf/authz/delegation_test.rego": {
      "covered": [
        {
          "start": {
            "row": 5,
            "col": 1
          },
          "end": {
            "row": 5,
            "col": 28
          }
        },
        {
          "start": {
            "row": 6,
            "col": 2
          },
          "end": {
            "row": 9,
            "col": 4
          }
        },
        {
          "start": {
            "row": 6,
            "col": 9
          },
          "end": {
            "row": 9,
            "col": 4
          }
        },
        {
          "start": {
            "row": 6,
            "col": 20
          },
          "end": {
            "row": 6,
            "col": 30
          }
        },
        {
          "start": {
            "row": 7,
            "col": 60
          },
          "end": {
            "row": 7,
            "col": 63
          }
        },
        {
          "start": {
            "row": 10,
            "col": 2
          },
          "end": {
            "row": 10,
            "col": 20
          }
        },
        {
          "start": {
            "row": 10,
            "col": 7
          },
          "end": {
            "row": 10,
            "col": 20
          }
        },
        {
          "start": {
            "row": 11,
            "col": 2
          },
          "end": {
            "row": 11,
            "col": 18
          }
        },
        {
          "start": {
            "row": 12,
            "col": 2
          },
          "end": {
            "row": 12,
            "col": 43
          }
        }
      ],
      "covered_lines": 8,
      "coverage": 100
    },
    "policy/opa/sf/authz/fixtures_test.rego": {
      "covered": [
        {
          "start": {
            "row": 5,
            "col": 1
          },
          "end": {
            "row": 5,
            "col": 45
          }
        },
        {
          "start": {
            "row": 5,
            "col": 7
          },
          "end": {
            "row": 5,
            "col": 45
          }
        },
        {
          "start": {
            "row": 7,
            "col": 1
          },
          "end": {
            "row": 7,
            "col": 45
          }
        },
        {
          "start": {
            "row": 7,
            "col": 7
          },
          "end": {
            "row": 7,
            "col": 45
          }
        },
        {
          "start": {
            "row": 9,
            "col": 1
          },
          "end": {
            "row": 9,
            "col": 45
          }
        },
        {
          "start": {
            "row": 9,
            "col": 7
          },
          "end": {
            "row": 9,
            "col": 45
          }
        },
        {
          "start": {
            "row": 11,
            "col": 1
          },
          "end": {
            "row": 11,
            "col": 45
          }
        },
        {
          "start": {
            "row": 11,
            "col": 7
          },
          "end": {
            "row": 11,
            "col": 45
          }
        },
        {
          "start": {
            "row": 13,
            "col": 1
          },
          "end": {
            "row": 13,
            "col": 49
          }
        },
        {
          "start": {
            "row": 13,
            "col": 11
          },
          "end": {
            "row": 13,
            "col": 49
          }
        },
        {
          "start": {
            "row": 15,
            "col": 1
          },
          "end": {
            "row": 15,
            "col": 50
          }
        },
        {
          "start": {
            "row": 15,
            "col": 12
          },
          "end": {
            "row": 15,
            "col": 50
          }
        },
        {
          "start": {
            "row": 17,
            "col": 1
          },
          "end": {
            "row": 17,
            "col": 48
          }
        },
        {
          "start": {
            "row": 17,
            "col": 10
          },
          "end": {
            "row": 17,
            "col": 48
          }
        },
        {
          "start": {
            "row": 19,
            "col": 1
          },
          "end": {
            "row": 19,
            "col": 46
          }
        },
        {
          "start": {
            "row": 19,
            "col": 8
          },
          "end": {
            "row": 19,
            "col": 46
          }
        },
        {
          "start": {
            "row": 21,
            "col": 1
          },
          "end": {
            "row": 21,
            "col": 49
          }
        },
        {
          "start": {
            "row": 21,
            "col": 11
          },
          "end": {
            "row": 21,
            "col": 49
          }
        },
        {
          "start": {
            "row": 23,
            "col": 1
          },
          "end": {
            "row": 23,
            "col": 46
          }
        },
        {
          "start": {
            "row": 23,
            "col": 8
          },
          "end": {
            "row": 23,
            "col": 46
          }
        },
        {
          "start": {
            "row": 25,
            "col": 1
          },
          "end": {
            "row": 25,
            "col": 46
          }
        },
        {
          "start": {
            "row": 25,
            "col": 8
          },
          "end": {
            "row": 25,
            "col": 46
          }
        },
        {
          "start": {
            "row": 27,
            "col": 1
          },
          "end": {
            "row": 27,
            "col": 42
          }
        },
        {
          "start": {
            "row": 27,
            "col": 12
          },
          "end": {
            "row": 27,
            "col": 42
          }
        },
        {
          "start": {
            "row": 27,
            "col": 13
          },
          "end": {
            "row": 27,
            "col": 15
          }
        },
        {
          "start": {
            "row": 27,
            "col": 17
          },
          "end": {
            "row": 27,
            "col": 26
          }
        },
        {
          "start": {
            "row": 27,
            "col": 28
          },
          "end": {
            "row": 27,
            "col": 30
          }
        },
        {
          "start": {
            "row": 27,
            "col": 32
          },
          "end": {
            "row": 27,
            "col": 41
          }
        },
        {
          "start": {
            "row": 29,
            "col": 1
          },
          "end": {
            "row": 87,
            "col": 2
          }
        },
        {
          "start": {
            "row": 29,
            "col": 14
          },
          "end": {
            "row": 87,
            "col": 2
          }
        },
        {
          "start": {
            "row": 61,
            "col": 25
          },
          "end": {
            "row": 61,
            "col": 28
          }
        },
        {
          "start": {
            "row": 67,
            "col": 19
          },
          "end": {
            "row": 67,
            "col": 25
          }
        },
        {
          "start": {
            "row": 73,
            "col": 20
          },
          "end": {
            "row": 73,
            "col": 23
          }
        },
        {
          "start": {
            "row": 76,
            "col": 29
          },
          "end": {
            "row": 76,
            "col": 36
          }
        },
        {
          "start": {
            "row": 76,
            "col": 39
          },
          "end": {
            "row": 76,
            "col": 45
          }
        },
        {
          "start": {
            "row": 76,
            "col": 48
          },
          "end": {
            "row": 76,
            "col": 53
          }
        },
        {
          "start": {
            "row": 76,
            "col": 56
          },
          "end": {
            "row": 76,
            "col": 62
          }
        },
        {
          "start": {
            "row": 76,
            "col": 65
          },
          "end": {
            "row": 76,
            "col": 71
          }
        },
        {
          "start": {
            "row": 77,
            "col": 18
          },
          "end": {
            "row": 77,
            "col": 21
          }
        },
        {
          "start": {
            "row": 78,
            "col": 24
          },
          "end": {
            "row": 78,
            "col": 26
          }
        },
        {
          "start": {
            "row": 79,
            "col": 23
          },
          "end": {
            "row": 79,
            "col": 25
          }
        },
        {
          "start": {
            "row": 89,
            "col": 1
          },
          "end": {
            "row": 94,
            "col": 4
          }
        },
        {
          "start": {
            "row": 89,
            "col": 14
          },
          "end": {
            "row": 94,
            "col": 4
          }
        },
        {
          "start": {
            "row": 96,
            "col": 1
          },
          "end": {
            "row": 116,
            "col": 2
          }
        },
        {
          "start": {
            "row": 96,
            "col": 15
          },
          "end": {
            "row": 116,
            "col": 2
          }
        },
        {
          "start": {
            "row": 98,
            "col": 14
          },
          "end": {
            "row": 98,
            "col": 16
          }
        },
        {
          "start": {
            "row": 100,
            "col": 16
          },
          "end": {
            "row": 100,
            "col": 18
          }
        },
        {
          "start": {
            "row": 102,
            "col": 24
          },
          "end": {
            "row": 102,
            "col": 30
          }
        },
        {
          "start": {
            "row": 104,
            "col": 22
          },
          "end": {
            "row": 104,
            "col": 25
          }
        },
        {
          "start": {
            "row": 105,
            "col": 16
          },
          "end": {
            "row": 105,
            "col": 22
          }
        },
        {
          "start": {
            "row": 109,
            "col": 16
          },
          "end": {
            "row": 109,
            "col": 18
          }
        },
        {
          "start": {
            "row": 111,
            "col": 22
          },
          "end": {
            "row": 111,
            "col": 28
          }
        },
        {
          "start": {
            "row": 112,
            "col": 17
          },
          "end": {
            "row": 112,
            "col": 20
          }
        }
      ],
      "covered_lines": 98,
      "coverage": 100
    },
    "policy/opa/sf/authz/jurisdiction.rego": {
      "covered": [
        {
          "start": {
            "row": 5,
            "col": 1
          },
          "end": {
            "row": 5,
            "col": 8
          }
        },
        {
          "start": {
            "row": 5,
            "col": 9
          },
          "end": {
            "row": 5,
            "col": 37
          }
        },
        {
          "start": {
            "row": 7,
            "col": 1
          },
          "end": {
            "row": 7,
            "col": 86
          }
        },
        {
          "start": {
            "row": 7,
            "col": 21
          },
          "end": {
            "row": 7,
            "col": 86
          }
        },
        {
          "start": {
            "row": 7,
            "col": 32
          },
          "end": {
            "row": 7,
            "col": 48
          }
        },
        {
          "start": {
            "row": 9,
            "col": 1
          },
          "end": {
            "row": 9,
            "col": 20
          }
        },
        {
          "start": {
            "row": 10,
            "col": 2
          },
          "end": {
            "row": 10,
            "col": 29
          }
        },
        {
          "start": {
            "row": 11,
            "col": 2
          },
          "end": {
            "row": 11,
            "col": 18
          }
        },
        {
          "start": {
            "row": 11,
            "col": 2
          },
          "end": {
            "row": 11,
            "col": 35
          }
        },
        {
          "start": {
            "row": 12,
            "col": 2
          },
          "end": {
            "row": 12,
            "col": 36
          }
        },
        {
          "start": {
            "row": 15,
            "col": 1
          },
          "end": {
            "row": 15,
            "col": 20
          }
        },
        {
          "start": {
            "row": 16,
            "col": 2
          },
          "end": {
            "row": 16,
            "col": 29
          }
        },
        {
          "start": {
            "row": 17,
            "col": 2
          },
          "end": {
            "row": 17,
            "col": 18
          }
        },
        {
          "start": {
            "row": 17,
            "col": 2
          },
          "end": {
            "row": 17,
            "col": 37
          }
        },
        {
          "start": {
            "row": 18,
            "col": 2
          },
          "end": {
            "row": 18,
            "col": 89
          }
        },
        {
          "start": {
            "row": 18,
            "col": 6
          },
          "end": {
            "row": 18,
            "col": 36
          }
        },
        {
          "start": {
            "row": 18,
            "col": 40
          },
          "end": {
            "row": 18,
            "col": 89
          }
        },
        {
          "start": {
            "row": 18,
            "col": 51
          },
          "end": {
            "row": 18,
            "col": 64
          }
        },
        {
          "start": {
            "row": 21,
            "col": 1
          },
          "end": {
            "row": 21,
            "col": 20
          }
        },
        {
          "start": {
            "row": 22,
            "col": 2
          },
          "end": {
            "row": 22,
            "col": 29
          }
        },
        {
          "start": {
            "row": 23,
            "col": 2
          },
          "end": {
            "row": 23,
            "col": 18
          }
        },
        {
          "start": {
            "row": 23,
            "col": 2
          },
          "end": {
            "row": 23,
            "col": 35
          }
        },
        {
          "start": {
            "row": 24,
            "col": 2
          },
          "end": {
            "row": 24,
            "col": 51
          }
        },
        {
          "start": {
            "row": 24,
            "col": 20
          },
          "end": {
            "row": 24,
            "col": 50
          }
        },
        {
          "start": {
            "row": 28,
            "col": 2
          },
          "end": {
            "row": 28,
            "col": 29
          }
        },
        {
          "start": {
            "row": 29,
            "col": 2
          },
          "end": {
            "row": 29,
            "col": 18
          }
        },
        {
          "start": {
            "row": 29,
            "col": 2
          },
          "end": {
            "row": 29,
            "col": 37
          }
        },
        {
          "start": {
            "row": 35,
            "col": 2
          },
          "end": {
            "row": 35,
            "col": 58
          }
        },
        {
          "start": {
            "row": 35,
            "col": 9
          },
          "end": {
            "row": 35,
            "col": 58
          }
        },
        {
          "start": {
            "row": 35,
            "col": 20
          },
          "end": {
            "row": 35,
            "col": 33
          }
        },
        {
          "start": {
            "row": 38,
            "col": 1
          },
          "end": {
            "row": 38,
            "col": 19
          }
        },
        {
          "start": {
            "row": 39,
            "col": 2
          },
          "end": {
            "row": 39,
            "col": 68
          }
        },
        {
          "start": {
            "row": 39,
            "col": 19
          },
          "end": {
            "row": 39,
            "col": 68
          }
        },
        {
          "start": {
            "row": 39,
            "col": 30
          },
          "end": {
            "row": 39,
            "col": 43
          }
        },
        {
          "start": {
            "row": 40,
            "col": 2
          },
          "end": {
            "row": 40,
            "col": 105
          }
        },
        {
          "start": {
            "row": 40,
            "col": 15
          },
          "end": {
            "row": 40,
            "col": 105
          }
        },
        {
          "start": {
            "row": 40,
            "col": 26
          },
          "end": {
            "row": 40,
            "col": 95
          }
        },
        {
          "start": {
            "row": 40,
            "col": 37
          },
          "end": {
            "row": 40,
            "col": 64
          }
        },
        {
          "start": {
            "row": 40,
            "col": 53
          },
          "end": {
            "row": 40,
            "col": 63
          }
        },
        {
          "start": {
            "row": 41,
            "col": 2
          },
          "end": {
            "row": 41,
            "col": 23
          }
        }
      ],
      "not_covered": [
        {
          "start": {
            "row": 27,
            "col": 1
          },
          "end": {
            "row": 27,
            "col": 20
          }
        },
        {
          "start": {
            "row": 30,
            "col": 2
          },
          "end": {
            "row": 30,
            "col": 65
          }
        },
        {
          "start": {
            "row": 31,
            "col": 2
          },
          "end": {
            "row": 31,
            "col": 47
          }
        },
        {
          "start": {
            "row": 34,
            "col": 1
          },
          "end": {
            "row": 34,
            "col": 19
          }
        }
      ],
      "covered_lines": 21,
      "not_covered_lines": 4,
      "coverage": 84
    },
    "policy/opa/sf/authz/jurisdiction_test.rego": {
      "covered": [
        {
          "start": {
            "row": 5,
            "col": 1
          },
          "end": {
            "row": 5,
            "col": 28
          }
        },
        {
          "start": {
            "row": 6,
            "col": 2
          },
          "end": {
            "row": 9,
            "col": 4
          }
        },
        {
          "start": {
            "row": 6,
            "col": 9
          },
          "end": {
            "row": 9,
            "col": 4
          }
        },
        {
          "start": {
            "row": 6,
            "col": 20
          },
          "end": {
            "row": 6,
            "col": 30
          }
        },
        {
          "start": {
            "row": 8,
            "col": 67
          },
          "end": {
            "row": 8,
            "col": 73
          }
        },
        {
          "start": {
            "row": 10,
            "col": 2
          },
          "end": {
            "row": 10,
            "col": 20
          }
        },
        {
          "start": {
            "row": 10,
            "col": 7
          },
          "end": {
            "row": 10,
            "col": 20
          }
        },
        {
          "start": {
            "row": 11,
            "col": 2
          },
          "end": {
            "row": 11,
            "col": 17
          }
        }
      ],
      "covered_lines": 7,
      "coverage": 100
    },
    "policy/opa/sf/authz/privileged.rego": {
      "covered": [
        {
          "start": {
            "row": 7,
            "col": 1
          },
          "end": {
            "row": 7,
            "col": 8
          }
        },
        {
          "start": {
            "row": 7,
            "col": 9
          },
          "end": {
            "row": 7,
            "col": 39
          }
        },
        {
          "start": {
            "row": 9,
            "col": 1
          },
          "end": {
            "row": 9,
            "col": 110
          }
        },
        {
          "start": {
            "row": 9,
            "col": 17
          },
          "end": {
            "row": 9,
            "col": 110
          }
        },
        {
          "start": {
            "row": 9,
            "col": 28
          },
          "end": {
            "row": 9,
            "col": 80
          }
        },
        {
          "start": {
            "row": 9,
            "col": 39
          },
          "end": {
            "row": 9,
            "col": 61
          }
        },
        {
          "start": {
            "row": 9,
            "col": 63
          },
          "end": {
            "row": 9,
            "col": 75
          }
        },
        {
          "start": {
            "row": 11,
            "col": 1
          },
          "end": {
            "row": 11,
            "col": 8
          }
        },
        {
          "start": {
            "row": 11,
            "col": 9
          },
          "end": {
            "row": 11,
            "col": 34
          }
        },
        {
          "start": {
            "row": 13,
            "col": 1
          },
          "end": {
            "row": 13,
            "col": 8
          }
        },
        {
          "start": {
            "row": 13,
            "col": 9
          },
          "end": {
            "row": 13,
            "col": 27
          }
        },
        {
          "start": {
            "row": 15,
            "col": 1
          },
          "end": {
            "row": 15,
            "col": 8
          }
        },
        {
          "start": {
            "row": 15,
            "col": 9
          },
          "end": {
            "row": 15,
            "col": 31
          }
        },
        {
          "start": {
            "row": 17,
            "col": 1
          },
          "end": {
            "row": 17,
            "col": 8
          }
        },
        {
          "start": {
            "row": 17,
            "col": 9
          },
          "end": {
            "row": 17,
            "col": 30
          }
        },
        {
          "start": {
            "row": 21,
            "col": 1
          },
          "end": {
            "row": 21,
            "col": 8
          }
        },
        {
          "start": {
            "row": 21,
            "col": 9
          },
          "end": {
            "row": 21,
            "col": 31
          }
        },
        {
          "start": {
            "row": 33,
            "col": 1
          },
          "end": {
            "row": 33,
            "col": 17
          }
        },
        {
          "start": {
            "row": 33,
            "col": 21
          },
          "end": {
            "row": 33,
            "col": 49
          }
        },
        {
          "start": {
            "row": 37,
            "col": 1
          },
          "end": {
            "row": 37,
            "col": 10
          }
        },
        {
          "start": {
            "row": 37,
            "col": 14
          },
          "end": {
            "row": 37,
            "col": 19
          }
        },
        {
          "start": {
            "row": 37,
            "col": 14
          },
          "end": {
            "row": 37,
            "col": 27
          }
        },
        {
          "start": {
            "row": 39,
            "col": 1
          },
          "end": {
            "row": 43,
            "col": 2
          }
        },
        {
          "start": {
            "row": 39,
            "col": 10
          },
          "end": {
            "row": 43,
            "col": 2
          }
        },
        {
          "start": {
            "row": 40,
            "col": 2
          },
          "end": {
            "row": 40,
            "col": 82
          }
        },
        {
          "start": {
            "row": 40,
            "col": 13
          },
          "end": {
            "row": 40,
            "col": 65
          }
        },
        {
          "start": {
            "row": 40,
            "col": 24
          },
          "end": {
            "row": 40,
            "col": 39
          }
        },
        {
          "start": {
            "row": 40,
            "col": 67
          },
          "end": {
            "row": 40,
            "col": 77
          }
        },
        {
          "start": {
            "row": 41,
            "col": 2
          },
          "end": {
            "row": 41,
            "col": 23
          }
        },
        {
          "start": {
            "row": 45,
            "col": 1
          },
          "end": {
            "row": 45,
            "col": 14
          }
        },
        {
          "start": {
            "row": 46,
            "col": 2
          },
          "end": {
            "row": 46,
            "col": 11
          }
        },
        {
          "start": {
            "row": 47,
            "col": 2
          },
          "end": {
            "row": 47,
            "col": 55
          }
        },
        {
          "start": {
            "row": 47,
            "col": 2
          },
          "end": {
            "row": 47,
            "col": 98
          }
        },
        {
          "start": {
            "row": 47,
            "col": 24
          },
          "end": {
            "row": 47,
            "col": 54
          }
        },
        {
          "start": {
            "row": 47,
            "col": 59
          },
          "end": {
            "row": 47,
            "col": 98
          }
        },
        {
          "start": {
            "row": 47,
            "col": 81
          },
          "end": {
            "row": 47,
            "col": 97
          }
        },
        {
          "start": {
            "row": 51,
            "col": 2
          },
          "end": {
            "row": 51,
            "col": 11
          }
        },
        {
          "start": {
            "row": 52,
            "col": 2
          },
          "end": {
            "row": 52,
            "col": 55
          }
        },
        {
          "start": {
            "row": 52,
            "col": 2
          },
          "end": {
            "row": 52,
            "col": 96
          }
        },
        {
          "start": {
            "row": 52,
            "col": 24
          },
          "end": {
            "row": 52,
            "col": 54
          }
        },
        {
          "start": {
            "row": 52,
            "col": 58
          },
          "end": {
            "row": 52,
            "col": 96
          }
        },
        {
          "start": {
            "row": 52,
            "col": 80
          },
          "end": {
            "row": 52,
            "col": 95
          }
        },
        {
          "start": {
            "row": 55,
            "col": 1
          },
          "end": {
            "row": 55,
            "col": 13
          }
        },
        {
          "start": {
            "row": 56,
            "col": 2
          },
          "end": {
            "row": 56,
            "col": 11
          }
        },
        {
          "start": {
            "row": 57,
            "col": 2
          },
          "end": {
            "row": 57,
            "col": 14
          }
        },
        {
          "start": {
            "row": 57,
            "col": 2
          },
          "end": {
            "row": 57,
            "col": 56
          }
        },
        {
          "start": {
            "row": 57,
            "col": 18
          },
          "end": {
            "row": 57,
            "col": 56
          }
        },
        {
          "start": {
            "row": 57,
            "col": 29
          },
          "end": {
            "row": 57,
            "col": 34
          }
        },
        {
          "start": {
            "row": 58,
            "col": 2
          },
          "end": {
            "row": 58,
            "col": 30
          }
        },
        {
          "start": {
            "row": 58,
            "col": 2
          },
          "end": {
            "row": 58,
            "col": 79
          }
        },
        {
          "start": {
            "row": 58,
            "col": 34
          },
          "end": {
            "row": 58,
            "col": 79
          }
        },
        {
          "start": {
            "row": 58,
            "col": 45
          },
          "end": {
            "row": 58,
            "col": 50
          }
        },
        {
          "start": {
            "row": 62,
            "col": 2
          },
          "end": {
            "row": 62,
            "col": 18
          }
        },
        {
          "start": {
            "row": 63,
            "col": 2
          },
          "end": {
            "row": 63,
            "col": 26
          }
        },
        {
          "start": {
            "row": 66,
            "col": 1
          },
          "end": {
            "row": 66,
            "col": 22
          }
        },
        {
          "start": {
            "row": 67,
            "col": 2
          },
          "end": {
            "row": 67,
            "col": 15
          }
        },
        {
          "start": {
            "row": 67,
            "col": 2
          },
          "end": {
            "row": 67,
            "col": 23
          }
        },
        {
          "start": {
            "row": 68,
            "col": 2
          },
          "end": {
            "row": 68,
            "col": 26
          }
        },
        {
          "start": {
            "row": 71,
            "col": 1
          },
          "end": {
            "row": 71,
            "col": 7
          }
        },
        {
          "start": {
            "row": 72,
            "col": 2
          },
          "end": {
            "row": 72,
            "col": 18
          }
        },
        {
          "start": {
            "row": 73,
            "col": 2
          },
          "end": {
            "row": 73,
            "col": 44
          }
        },
        {
          "start": {
            "row": 73,
            "col": 2
          },
          "end": {
            "row": 73,
            "col": 53
          }
        },
        {
          "start": {
            "row": 73,
            "col": 13
          },
          "end": {
            "row": 73,
            "col": 26
          }
        },
        {
          "start": {
            "row": 76,
            "col": 1
          },
          "end": {
            "row": 76,
            "col": 16
          }
        },
        {
          "start": {
            "row": 76,
            "col": 20
          },
          "end": {
            "row": 76,
            "col": 62
          }
        },
        {
          "start": {
            "row": 76,
            "col": 20
          },
          "end": {
            "row": 76,
            "col": 71
          }
        },
        {
          "start": {
            "row": 76,
            "col": 31
          },
          "end": {
            "row": 76,
            "col": 44
          }
        },
        {
          "start": {
            "row": 78,
            "col": 1
          },
          "end": {
            "row": 78,
            "col": 16
          }
        },
        {
          "start": {
            "row": 78,
            "col": 20
          },
          "end": {
            "row": 78,
            "col": 40
          }
        },
        {
          "start": {
            "row": 80,
            "col": 1
          },
          "end": {
            "row": 80,
            "col": 14
          }
        },
        {
          "start": {
            "row": 81,
            "col": 2
          },
          "end": {
            "row": 81,
            "col": 18
          }
        },
        {
          "start": {
            "row": 82,
            "col": 2
          },
          "end": {
            "row": 82,
            "col": 44
          }
        },
        {
          "start": {
            "row": 82,
            "col": 2
          },
          "end": {
            "row": 82,
            "col": 53
          }
        },
        {
          "start": {
            "row": 82,
            "col": 13
          },
          "end": {
            "row": 82,
            "col": 26
          }
        },
        {
          "start": {
            "row": 83,
            "col": 2
          },
          "end": {
            "row": 83,
            "col": 15
          }
        },
        {
          "start": {
            "row": 86,
            "col": 1
          },
          "end": {
            "row": 86,
            "col": 23
          }
        },
        {
          "start": {
            "row": 86,
            "col": 27
          },
          "end": {
            "row": 86,
            "col": 36
          }
        },
        {
          "start": {
            "row": 88,
            "col": 1
          },
          "end": {
            "row": 88,
            "col": 23
          }
        },
        {
          "start": {
            "row": 88,
            "col": 27
          },
          "end": {
            "row": 88,
            "col": 47
          }
        },
        {
          "start": {
            "row": 90,
            "col": 1
          },
          "end": {
            "row": 90,
            "col": 11
          }
        },
        {
          "start": {
            "row": 91,
            "col": 2
          },
          "end": {
            "row": 91,
            "col": 11
          }
        },
        {
          "start": {
            "row": 92,
            "col": 2
          },
          "end": {
            "row": 92,
            "col": 33
          }
        },
        {
          "start": {
            "row": 92,
            "col": 2
          },
          "end": {
            "row": 92,
            "col": 47
          }
        },
        {
          "start": {
            "row": 92,
            "col": 13
          },
          "end": {
            "row": 92,
            "col": 18
          }
        },
        {
          "start": {
            "row": 95,
            "col": 1
          },
          "end": {
            "row": 95,
            "col": 20
          }
        },
        {
          "start": {
            "row": 96,
            "col": 2
          },
          "end": {
            "row": 96,
            "col": 11
          }
        },
        {
          "start": {
            "row": 97,
            "col": 2
          },
          "end": {
            "row": 97,
            "col": 33
          }
        },
        {
          "start": {
            "row": 97,
            "col": 2
          },
          "end": {
            "row": 97,
            "col": 47
          }
        },
        {
          "start": {
            "row": 97,
            "col": 13
          },
          "end": {
            "row": 97,
            "col": 18
          }
        },
        {
          "start": {
            "row": 100,
            "col": 1
          },
          "end": {
            "row": 100,
            "col": 20
          }
        },
        {
          "start": {
            "row": 100,
            "col": 24
          },
          "end": {
            "row": 100,
            "col": 37
          }
        },
        {
          "start": {
            "row": 102,
            "col": 1
          },
          "end": {
            "row": 102,
            "col": 14
          }
        },
        {
          "start": {
            "row": 103,
            "col": 2
          },
          "end": {
            "row": 103,
            "col": 11
          }
        },
        {
          "start": {
            "row": 104,
            "col": 2
          },
          "end": {
            "row": 104,
            "col": 44
          }
        },
        {
          "start": {
            "row": 107,
            "col": 1
          },
          "end": {
            "row": 107,
            "col": 23
          }
        },
        {
          "start": {
            "row": 108,
            "col": 2
          },
          "end": {
            "row": 108,
            "col": 11
          }
        },
        {
          "start": {
            "row": 109,
            "col": 2
          },
          "end": {
            "row": 109,
            "col": 19
          }
        },
        {
          "start": {
            "row": 109,
            "col": 2
          },
          "end": {
            "row": 109,
            "col": 44
          }
        },
        {
          "start": {
            "row": 109,
            "col": 23
          },
          "end": {
            "row": 109,
            "col": 44
          }
        },
        {
          "start": {
            "row": 112,
            "col": 1
          },
          "end": {
            "row": 112,
            "col": 23
          }
        },
        {
          "start": {
            "row": 112,
            "col": 27
          },
          "end": {
            "row": 112,
            "col": 40
          }
        },
        {
          "start": {
            "row": 114,
            "col": 1
          },
          "end": {
            "row": 114,
            "col": 13
          }
        },
        {
          "start": {
            "row": 115,
            "col": 2
          },
          "end": {
            "row": 115,
            "col": 11
          }
        },
        {
          "start": {
            "row": 116,
            "col": 2
          },
          "end": {
            "row": 116,
            "col": 17
          }
        },
        {
          "start": {
            "row": 116,
            "col": 2
          },
          "end": {
            "row": 116,
            "col": 45
          }
        },
        {
          "start": {
            "row": 116,
            "col": 21
          },
          "end": {
            "row": 116,
            "col": 45
          }
        },
        {
          "start": {
            "row": 119,
            "col": 1
          },
          "end": {
            "row": 119,
            "col": 22
          }
        },
        {
          "start": {
            "row": 120,
            "col": 2
          },
          "end": {
            "row": 120,
            "col": 11
          }
        },
        {
          "start": {
            "row": 121,
            "col": 2
          },
          "end": {
            "row": 121,
            "col": 45
          }
        },
        {
          "start": {
            "row": 124,
            "col": 1
          },
          "end": {
            "row": 124,
            "col": 22
          }
        },
        {
          "start": {
            "row": 124,
            "col": 26
          },
          "end": {
            "row": 124,
            "col": 39
          }
        },
        {
          "start": {
            "row": 127,
            "col": 2
          },
          "end": {
            "row": 127,
            "col": 11
          }
        },
        {
          "start": {
            "row": 128,
            "col": 2
          },
          "end": {
            "row": 128,
            "col": 18
          }
        },
        {
          "start": {
            "row": 131,
            "col": 1
          },
          "end": {
            "row": 131,
            "col": 22
          }
        },
        {
          "start": {
            "row": 131,
            "col": 26
          },
          "end": {
            "row": 131,
            "col": 38
          }
        },
        {
          "start": {
            "row": 133,
            "col": 1
          },
          "end": {
            "row": 133,
            "col": 22
          }
        },
        {
          "start": {
            "row": 133,
            "col": 26
          },
          "end": {
            "row": 133,
            "col": 39
          }
        },
        {
          "start": {
            "row": 135,
            "col": 1
          },
          "end": {
            "row": 135,
            "col": 17
          }
        },
        {
          "start": {
            "row": 135,
            "col": 21
          },
          "end": {
            "row": 135,
            "col": 34
          }
        },
        {
          "start": {
            "row": 137,
            "col": 1
          },
          "end": {
            "row": 137,
            "col": 26
          }
        },
        {
          "start": {
            "row": 138,
            "col": 2
          },
          "end": {
            "row": 138,
            "col": 11
          }
        },
        {
          "start": {
            "row": 139,
            "col": 2
          },
          "end": {
            "row": 139,
            "col": 19
          }
        },
        {
          "start": {
            "row": 142,
            "col": 1
          },
          "end": {
            "row": 142,
            "col": 26
          }
        },
        {
          "start": {
            "row": 142,
            "col": 30
          },
          "end": {
            "row": 142,
            "col": 43
          }
        },
        {
          "start": {
            "row": 144,
            "col": 1
          },
          "end": {
            "row": 156,
            "col": 2
          }
        },
        {
          "start": {
            "row": 144,
            "col": 15
          },
          "end": {
            "row": 156,
            "col": 2
          }
        },
        {
          "start": {
            "row": 145,
            "col": 2
          },
          "end": {
            "row": 153,
            "col": 3
          }
        },
        {
          "start": {
            "row": 145,
            "col": 15
          },
          "end": {
            "row": 153,
            "col": 3
          }
        },
        {
          "start": {
            "row": 146,
            "col": 10
          },
          "end": {
            "row": 146,
            "col": 16
          }
        },
        {
          "start": {
            "row": 147,
            "col": 10
          },
          "end": {
            "row": 147,
            "col": 23
          }
        },
        {
          "start": {
            "row": 148,
            "col": 10
          },
          "end": {
            "row": 148,
            "col": 20
          }
        },
        {
          "start": {
            "row": 149,
            "col": 10
          },
          "end": {
            "row": 149,
            "col": 23
          }
        },
        {
          "start": {
            "row": 150,
            "col": 10
          },
          "end": {
            "row": 150,
            "col": 26
          }
        },
        {
          "start": {
            "row": 151,
            "col": 10
          },
          "end": {
            "row": 151,
            "col": 22
          }
        },
        {
          "start": {
            "row": 152,
            "col": 10
          },
          "end": {
            "row": 152,
            "col": 22
          }
        },
        {
          "start": {
            "row": 154,
            "col": 2
          },
          "end": {
            "row": 154,
            "col": 9
          }
        },
        {
          "start": {
            "row": 155,
            "col": 2
          },
          "end": {
            "row": 155,
            "col": 16
          }
        },
        {
          "start": {
            "row": 158,
            "col": 1
          },
          "end": {
            "row": 158,
            "col": 35
          }
        },
        {
          "start": {
            "row": 158,
            "col": 22
          },
          "end": {
            "row": 158,
            "col": 35
          }
        },
        {
          "start": {
            "row": 158,
            "col": 39
          },
          "end": {
            "row": 158,
            "col": 56
          }
        },
        {
          "start": {
            "row": 158,
            "col": 39
          },
          "end": {
            "row": 158,
            "col": 60
          }
        },
        {
          "start": {
            "row": 158,
            "col": 45
          },
          "end": {
            "row": 158,
            "col": 55
          }
        },
        {
          "start": {
            "row": 160,
            "col": 1
          },
          "end": {
            "row": 160,
            "col": 24
          }
        },
        {
          "start": {
            "row": 160,
            "col": 28
          },
          "end": {
            "row": 160,
            "col": 45
          }
        },
        {
          "start": {
            "row": 160,
            "col": 28
          },
          "end": {
            "row": 160,
            "col": 50
          }
        },
        {
          "start": {
            "row": 160,
            "col": 34
          },
          "end": {
            "row": 160,
            "col": 44
          }
        }
      ],
      "not_covered": [
        {
          "start": {
            "row": 5,
            "col": 1
          },
          "end": {
            "row": 5,
            "col": 8
          }
        },
        {
          "start": {
            "row": 5,
            "col": 9
          },
          "end": {
            "row": 5,
            "col": 32
          }
        },
        {
          "start": {
            "row": 19,
            "col": 1
          },
          "end": {
            "row": 19,
            "col": 8
          }
        },
        {
          "start": {
            "row": 19,
            "col": 9
          },
          "end": {
            "row": 19,
            "col": 24
          }
        },
        {
          "start": {
            "row": 23,
            "col": 1
          },
          "end": {
            "row": 23,
            "col": 8
          }
        },
        {
          "start": {
            "row": 23,
            "col": 9
          },
          "end": {
            "row": 23,
            "col": 28
          }
        },
        {
          "start": {
            "row": 25,
            "col": 1
          },
          "end": {
            "row": 25,
            "col": 8
          }
        },
        {
          "start": {
            "row": 25,
            "col": 9
          },
          "end": {
            "row": 25,
            "col": 31
          }
        },
        {
          "start": {
            "row": 27,
            "col": 1
          },
          "end": {
            "row": 27,
            "col": 8
          }
        },
        {
          "start": {
            "row": 27,
            "col": 9
          },
          "end": {
            "row": 27,
            "col": 30
          }
        },
        {
          "start": {
            "row": 29,
            "col": 1
          },
          "end": {
            "row": 29,
            "col": 8
          }
        },
        {
          "start": {
            "row": 29,
            "col": 9
          },
          "end": {
            "row": 29,
            "col": 30
          }
        },
        {
          "start": {
            "row": 31,
            "col": 1
          },
          "end": {
            "row": 31,
            "col": 8
          }
        },
        {
          "start": {
            "row": 31,
            "col": 9
          },
          "end": {
            "row": 31,
            "col": 34
          }
        },
        {
          "start": {
            "row": 35,
            "col": 1
          },
          "end": {
            "row": 35,
            "col": 17
          }
        },
        {
          "start": {
            "row": 35,
            "col": 21
          },
          "end": {
            "row": 35,
            "col": 67
          },
          "kinds": [
            "index_excluded"
          ]
        },
        {
          "start": {
            "row": 50,
            "col": 1
          },
          "end": {
            "row": 50,
            "col": 14
          }
        },
        {
          "start": {
            "row": 61,
            "col": 1
          },
          "end": {
            "row": 61,
            "col": 22
          }
        },
        {
          "start": {
            "row": 126,
            "col": 1
          },
          "end": {
            "row": 126,
            "col": 13
          }
        }
      ],
      "covered_lines": 84,
      "not_covered_lines": 11,
      "coverage": 88.42105263157895
    },
    "policy/opa/sf/authz/privileged_test.rego": {
      "covered": [
        {
          "start": {
            "row": 5,
            "col": 1
          },
          "end": {
            "row": 5,
            "col": 24
          }
        },
        {
          "start": {
            "row": 6,
            "col": 2
          },
          "end": {
            "row": 6,
            "col": 109
          }
        },
        {
          "start": {
            "row": 6,
            "col": 9
          },
          "end": {
            "row": 6,
            "col": 109
          }
        },
        {
          "start": {
            "row": 6,
            "col": 20
          },
          "end": {
            "row": 6,
            "col": 30
          }
        },
        {
          "start": {
            "row": 7,
            "col": 2
          },
          "end": {
            "row": 16,
            "col": 5
          }
        },
        {
          "start": {
            "row": 7,
            "col": 8
          },
          "end": {
            "row": 7,
            "col": 10
          }
        },
        {
          "start": {
            "row": 7,
            "col": 13
          },
          "end": {
            "row": 7,
            "col": 15
          }
        },
        {
          "start": {
            "row": 9,
            "col": 18
          },
          "end": {
            "row": 9,
            "col": 20
          }
        },
        {
          "start": {
            "row": 10,
            "col": 22
          },
          "end": {
            "row": 10,
            "col": 24
          }
        },
        {
          "start": {
            "row": 11,
            "col": 16
          },
          "end": {
            "row": 11,
            "col": 18
          }
        },
        {
          "start": {
            "row": 17,
            "col": 2
          },
          "end": {
            "row": 17,
            "col": 22
          }
        },
        {
          "start": {
            "row": 17,
            "col": 7
          },
          "end": {
            "row": 17,
            "col": 22
          }
        },
        {
          "start": {
            "row": 18,
            "col": 2
          },
          "end": {
            "row": 18,
            "col": 18
          }
        },
        {
          "start": {
            "row": 19,
            "col": 2
          },
          "end": {
            "row": 19,
            "col": 39
          }
        }
      ],
      "covered_lines": 15,
      "coverage": 100
    },
    "policy/opa/sf/authz/role.rego": {
      "covered": [
        {
          "start": {
            "row": 5,
            "col": 1
          },
          "end": {
            "row": 5,
            "col": 8
          }
        },
        {
          "start": {
            "row": 5,
            "col": 9
          },
          "end": {
            "row": 5,
            "col": 30
          }
        },
        {
          "start": {
            "row": 7,
            "col": 1
          },
          "end": {
            "row": 7,
            "col": 8
          }
        },
        {
          "start": {
            "row": 7,
            "col": 9
          },
          "end": {
            "row": 7,
            "col": 30
          }
        },
        {
          "start": {
            "row": 9,
            "col": 1
          },
          "end": {
            "row": 9,
            "col": 8
          }
        },
        {
          "start": {
            "row": 9,
            "col": 9
          },
          "end": {
            "row": 9,
            "col": 33
          }
        },
        {
          "start": {
            "row": 11,
            "col": 1
          },
          "end": {
            "row": 11,
            "col": 8
          }
        },
        {
          "start": {
            "row": 11,
            "col": 9
          },
          "end": {
            "row": 11,
            "col": 38
          }
        },
        {
          "start": {
            "row": 13,
            "col": 1
          },
          "end": {
            "row": 13,
            "col": 29
          }
        },
        {
          "start": {
            "row": 14,
            "col": 2
          },
          "end": {
            "row": 14,
            "col": 53
          }
        },
        {
          "start": {
            "row": 14,
            "col": 15
          },
          "end": {
            "row": 14,
            "col": 53
          }
        },
        {
          "start": {
            "row": 14,
            "col": 26
          },
          "end": {
            "row": 14,
            "col": 39
          }
        },
        {
          "start": {
            "row": 15,
            "col": 2
          },
          "end": {
            "row": 15,
            "col": 85
          }
        },
        {
          "start": {
            "row": 15,
            "col": 11
          },
          "end": {
            "row": 15,
            "col": 85
          }
        },
        {
          "start": {
            "row": 15,
            "col": 22
          },
          "end": {
            "row": 15,
            "col": 74
          }
        },
        {
          "start": {
            "row": 15,
            "col": 33
          },
          "end": {
            "row": 15,
            "col": 60
          }
        },
        {
          "start": {
            "row": 15,
            "col": 49
          },
          "end": {
            "row": 15,
            "col": 59
          }
        },
        {
          "start": {
            "row": 16,
            "col": 2
          },
          "end": {
            "row": 16,
            "col": 14
          }
        },
        {
          "start": {
            "row": 16,
            "col": 2
          },
          "end": {
            "row": 16,
            "col": 50
          }
        },
        {
          "start": {
            "row": 16,
            "col": 18
          },
          "end": {
            "row": 16,
            "col": 50
          }
        },
        {
          "start": {
            "row": 17,
            "col": 2
          },
          "end": {
            "row": 17,
            "col": 30
          }
        },
        {
          "start": {
            "row": 17,
            "col": 2
          },
          "end": {
            "row": 17,
            "col": 73
          }
        },
        {
          "start": {
            "row": 17,
            "col": 34
          },
          "end": {
            "row": 17,
            "col": 73
          }
        },
        {
          "start": {
            "row": 20,
            "col": 1
          },
          "end": {
            "row": 20,
            "col": 13
          }
        },
        {
          "start": {
            "row": 20,
            "col": 17
          },
          "end": {
            "row": 20,
            "col": 38
          }
        },
        {
          "start": {
            "row": 20,
            "col": 17
          },
          "end": {
            "row": 20,
            "col": 42
          }
        },
        {
          "start": {
            "row": 20,
            "col": 23
          },
          "end": {
            "row": 20,
            "col": 37
          }
        },
        {
          "start": {
            "row": 22,
            "col": 1
          },
          "end": {
            "row": 22,
            "col": 95
          }
        },
        {
          "start": {
            "row": 22,
            "col": 21
          },
          "end": {
            "row": 22,
            "col": 95
          }
        },
        {
          "start": {
            "row": 22,
            "col": 32
          },
          "end": {
            "row": 22,
            "col": 84
          }
        },
        {
          "start": {
            "row": 22,
            "col": 43
          },
          "end": {
            "row": 22,
            "col": 70
          }
        },
        {
          "start": {
            "row": 22,
            "col": 59
          },
          "end": {
            "row": 22,
            "col": 69
          }
        },
        {
          "start": {
            "row": 24,
            "col": 1
          },
          "end": {
            "row": 24,
            "col": 13
          }
        },
        {
          "start": {
            "row": 25,
            "col": 2
          },
          "end": {
            "row": 25,
            "col": 29
          }
        },
        {
          "start": {
            "row": 26,
            "col": 2
          },
          "end": {
            "row": 26,
            "col": 61
          }
        },
        {
          "start": {
            "row": 26,
            "col": 9
          },
          "end": {
            "row": 26,
            "col": 61
          }
        },
        {
          "start": {
            "row": 26,
            "col": 20
          },
          "end": {
            "row": 26,
            "col": 36
          }
        },
        {
          "start": {
            "row": 27,
            "col": 2
          },
          "end": {
            "row": 27,
            "col": 12
          }
        },
        {
          "start": {
            "row": 27,
            "col": 2
          },
          "end": {
            "row": 27,
            "col": 16
          }
        },
        {
          "start": {
            "row": 28,
            "col": 2
          },
          "end": {
            "row": 28,
            "col": 42
          }
        },
        {
          "start": {
            "row": 28,
            "col": 6
          },
          "end": {
            "row": 28,
            "col": 35
          }
        },
        {
          "start": {
            "row": 31,
            "col": 1
          },
          "end": {
            "row": 31,
            "col": 16
          }
        },
        {
          "start": {
            "row": 32,
            "col": 2
          },
          "end": {
            "row": 32,
            "col": 29
          }
        },
        {
          "start": {
            "row": 33,
            "col": 2
          },
          "end": {
            "row": 33,
            "col": 55
          }
        },
        {
          "start": {
            "row": 33,
            "col": 9
          },
          "end": {
            "row": 33,
            "col": 55
          }
        },
        {
          "start": {
            "row": 33,
            "col": 20
          },
          "end": {
            "row": 33,
            "col": 36
          }
        },
        {
          "start": {
            "row": 34,
            "col": 2
          },
          "end": {
            "row": 34,
            "col": 12
          }
        },
        {
          "start": {
            "row": 34,
            "col": 2
          },
          "end": {
            "row": 34,
            "col": 16
          }
        },
        {
          "start": {
            "row": 35,
            "col": 2
          },
          "end": {
            "row": 35,
            "col": 36
          }
        },
        {
          "start": {
            "row": 35,
            "col": 6
          },
          "end": {
            "row": 35,
            "col": 29
          }
        },
        {
          "start": {
            "row": 38,
            "col": 1
          },
          "end": {
            "row": 38,
            "col": 21
          }
        },
        {
          "start": {
            "row": 39,
            "col": 2
          },
          "end": {
            "row": 39,
            "col": 29
          }
        },
        {
          "start": {
            "row": 40,
            "col": 2
          },
          "end": {
            "row": 40,
            "col": 56
          }
        },
        {
          "start": {
            "row": 40,
            "col": 9
          },
          "end": {
            "row": 40,
            "col": 56
          }
        },
        {
          "start": {
            "row": 40,
            "col": 20
          },
          "end": {
            "row": 40,
            "col": 36
          }
        },
        {
          "start": {
            "row": 41,
            "col": 2
          },
          "end": {
            "row": 41,
            "col": 57
          }
        },
        {
          "start": {
            "row": 41,
            "col": 17
          },
          "end": {
            "row": 41,
            "col": 33
          }
        },
        {
          "start": {
            "row": 42,
            "col": 2
          },
          "end": {
            "row": 42,
            "col": 12
          }
        },
        {
          "start": {
            "row": 42,
            "col": 2
          },
          "end": {
            "row": 42,
            "col": 16
          }
        },
        {
          "start": {
            "row": 43,
            "col": 2
          },
          "end": {
            "row": 43,
            "col": 27
          }
        },
        {
          "start": {
            "row": 44,
            "col": 2
          },
          "end": {
            "row": 44,
            "col": 38
          }
        },
        {
          "start": {
            "row": 44,
            "col": 6
          },
          "end": {
            "row": 44,
            "col": 31
          }
        }
      ],
      "covered_lines": 28,
      "coverage": 100
    },
    "policy/opa/sf/authz/role_test.rego": {
      "covered": [
        {
          "start": {
            "row": 5,
            "col": 1
          },
          "end": {
            "row": 5,
            "col": 26
          }
        },
        {
          "start": {
            "row": 6,
            "col": 2
          },
          "end": {
            "row": 9,
            "col": 4
          }
        },
        {
          "start": {
            "row": 6,
            "col": 9
          },
          "end": {
            "row": 9,
            "col": 4
          }
        },
        {
          "start": {
            "row": 6,
            "col": 20
          },
          "end": {
            "row": 6,
            "col": 30
          }
        },
        {
          "start": {
            "row": 10,
            "col": 2
          },
          "end": {
            "row": 10,
            "col": 20
          }
        },
        {
          "start": {
            "row": 10,
            "col": 7
          },
          "end": {
            "row": 10,
            "col": 20
          }
        },
        {
          "start": {
            "row": 11,
            "col": 2
          },
          "end": {
            "row": 11,
            "col": 18
          }
        },
        {
          "start": {
            "row": 12,
            "col": 2
          },
          "end": {
            "row": 12,
            "col": 36
          }
        }
      ],
      "covered_lines": 8,
      "coverage": 100
    },
    "policy/opa/sf/authz/tenant.rego": {
      "covered": [
        {
          "start": {
            "row": 5,
            "col": 1
          },
          "end": {
            "row": 5,
            "col": 8
          }
        },
        {
          "start": {
            "row": 5,
            "col": 9
          },
          "end": {
            "row": 5,
            "col": 33
          }
        },
        {
          "start": {
            "row": 9,
            "col": 1
          },
          "end": {
            "row": 9,
            "col": 14
          }
        },
        {
          "start": {
            "row": 10,
            "col": 2
          },
          "end": {
            "row": 10,
            "col": 15
          }
        },
        {
          "start": {
            "row": 11,
            "col": 2
          },
          "end": {
            "row": 11,
            "col": 16
          }
        },
        {
          "start": {
            "row": 12,
            "col": 2
          },
          "end": {
            "row": 12,
            "col": 14
          }
        },
        {
          "start": {
            "row": 13,
            "col": 2
          },
          "end": {
            "row": 13,
            "col": 25
          }
        },
        {
          "start": {
            "row": 13,
            "col": 12
          },
          "end": {
            "row": 13,
            "col": 24
          }
        },
        {
          "start": {
            "row": 14,
            "col": 2
          },
          "end": {
            "row": 14,
            "col": 21
          }
        },
        {
          "start": {
            "row": 14,
            "col": 2
          },
          "end": {
            "row": 14,
            "col": 25
          }
        },
        {
          "start": {
            "row": 14,
            "col": 8
          },
          "end": {
            "row": 14,
            "col": 20
          }
        },
        {
          "start": {
            "row": 17,
            "col": 1
          },
          "end": {
            "row": 17,
            "col": 13
          }
        },
        {
          "start": {
            "row": 18,
            "col": 2
          },
          "end": {
            "row": 18,
            "col": 14
          }
        },
        {
          "start": {
            "row": 19,
            "col": 2
          },
          "end": {
            "row": 19,
            "col": 38
          }
        },
        {
          "start": {
            "row": 19,
            "col": 25
          },
          "end": {
            "row": 19,
            "col": 37
          }
        },
        {
          "start": {
            "row": 22,
            "col": 1
          },
          "end": {
            "row": 22,
            "col": 67
          }
        },
        {
          "start": {
            "row": 22,
            "col": 19
          },
          "end": {
            "row": 22,
            "col": 67
          }
        },
        {
          "start": {
            "row": 22,
            "col": 30
          },
          "end": {
            "row": 22,
            "col": 44
          }
        },
        {
          "start": {
            "row": 24,
            "col": 1
          },
          "end": {
            "row": 24,
            "col": 13
          }
        },
        {
          "start": {
            "row": 25,
            "col": 2
          },
          "end": {
            "row": 25,
            "col": 51
          }
        },
        {
          "start": {
            "row": 25,
            "col": 2
          },
          "end": {
            "row": 25,
            "col": 66
          }
        },
        {
          "start": {
            "row": 25,
            "col": 25
          },
          "end": {
            "row": 25,
            "col": 37
          }
        },
        {
          "start": {
            "row": 28,
            "col": 1
          },
          "end": {
            "row": 28,
            "col": 16
          }
        },
        {
          "start": {
            "row": 29,
            "col": 2
          },
          "end": {
            "row": 29,
            "col": 22
          }
        },
        {
          "start": {
            "row": 32,
            "col": 1
          },
          "end": {
            "row": 32,
            "col": 16
          }
        },
        {
          "start": {
            "row": 33,
            "col": 2
          },
          "end": {
            "row": 33,
            "col": 35
          }
        },
        {
          "start": {
            "row": 34,
            "col": 2
          },
          "end": {
            "row": 34,
            "col": 33
          }
        },
        {
          "start": {
            "row": 37,
            "col": 1
          },
          "end": {
            "row": 37,
            "col": 16
          }
        },
        {
          "start": {
            "row": 38,
            "col": 2
          },
          "end": {
            "row": 38,
            "col": 35
          }
        },
        {
          "start": {
            "row": 39,
            "col": 2
          },
          "end": {
            "row": 39,
            "col": 34
          }
        },
        {
          "start": {
            "row": 42,
            "col": 1
          },
          "end": {
            "row": 42,
            "col": 16
          }
        },
        {
          "start": {
            "row": 43,
            "col": 2
          },
          "end": {
            "row": 43,
            "col": 35
          }
        },
        {
          "start": {
            "row": 44,
            "col": 2
          },
          "end": {
            "row": 44,
            "col": 25
          }
        },
        {
          "start": {
            "row": 44,
            "col": 2
          },
          "end": {
            "row": 44,
            "col": 53
          }
        },
        {
          "start": {
            "row": 44,
            "col": 29
          },
          "end": {
            "row": 44,
            "col": 53
          }
        },
        {
          "start": {
            "row": 47,
            "col": 1
          },
          "end": {
            "row": 47,
            "col": 16
          }
        },
        {
          "start": {
            "row": 48,
            "col": 2
          },
          "end": {
            "row": 48,
            "col": 28
          }
        },
        {
          "start": {
            "row": 49,
            "col": 2
          },
          "end": {
            "row": 49,
            "col": 14
          }
        },
        {
          "start": {
            "row": 50,
            "col": 2
          },
          "end": {
            "row": 50,
            "col": 21
          }
        },
        {
          "start": {
            "row": 54,
            "col": 2
          },
          "end": {
            "row": 54,
            "col": 14
          }
        },
        {
          "start": {
            "row": 54,
            "col": 2
          },
          "end": {
            "row": 54,
            "col": 75
          }
        },
        {
          "start": {
            "row": 54,
            "col": 18
          },
          "end": {
            "row": 54,
            "col": 75
          }
        },
        {
          "start": {
            "row": 54,
            "col": 29
          },
          "end": {
            "row": 54,
            "col": 43
          }
        },
        {
          "start": {
            "row": 57,
            "col": 1
          },
          "end": {
            "row": 57,
            "col": 38
          }
        },
        {
          "start": {
            "row": 57,
            "col": 15
          },
          "end": {
            "row": 57,
            "col": 38
          }
        },
        {
          "start": {
            "row": 60,
            "col": 2
          },
          "end": {
            "row": 60,
            "col": 42
          }
        },
        {
          "start": {
            "row": 64,
            "col": 2
          },
          "end": {
            "row": 64,
            "col": 28
          }
        },
        {
          "start": {
            "row": 65,
            "col": 2
          },
          "end": {
            "row": 65,
            "col": 18
          }
        },
        {
          "start": {
            "row": 68,
            "col": 1
          },
          "end": {
            "row": 68,
            "col": 20
          }
        },
        {
          "start": {
            "row": 69,
            "col": 2
          },
          "end": {
            "row": 69,
            "col": 35
          }
        },
        {
          "start": {
            "row": 70,
            "col": 2
          },
          "end": {
            "row": 70,
            "col": 12
          }
        },
        {
          "start": {
            "row": 71,
            "col": 2
          },
          "end": {
            "row": 71,
            "col": 29
          }
        },
        {
          "start": {
            "row": 71,
            "col": 18
          },
          "end": {
            "row": 71,
            "col": 28
          }
        },
        {
          "start": {
            "row": 75,
            "col": 2
          },
          "end": {
            "row": 75,
            "col": 41
          }
        }
      ],
      "not_covered": [
        {
          "start": {
            "row": 7,
            "col": 1
          },
          "end": {
            "row": 7,
            "col": 8
          }
        },
        {
          "start": {
            "row": 7,
            "col": 9
          },
          "end": {
            "row": 7,
            "col": 30
          }
        },
        {
          "start": {
            "row": 53,
            "col": 1
          },
          "end": {
            "row": 53,
            "col": 16
          }
        },
        {
          "start": {
            "row": 59,
            "col": 1
          },
          "end": {
            "row": 59,
            "col": 20
          }
        },
        {
          "start": {
            "row": 63,
            "col": 1
          },
          "end": {
            "row": 63,
            "col": 20
          }
        },
        {
          "start": {
            "row": 74,
            "col": 1
          },
          "end": {
            "row": 74,
            "col": 20
          }
        },
        {
          "start": {
            "row": 76,
            "col": 2
          },
          "end": {
            "row": 76,
            "col": 12
          }
        },
        {
          "start": {
            "row": 77,
            "col": 2
          },
          "end": {
            "row": 77,
            "col": 29
          }
        }
      ],
      "covered_lines": 38,
      "not_covered_lines": 7,
      "coverage": 84.44444444444444
    },
    "policy/opa/sf/authz/tenant_test.rego": {
      "covered": [
        {
          "start": {
            "row": 6,
            "col": 1
          },
          "end": {
            "row": 6,
            "col": 50
          }
        },
        {
          "start": {
            "row": 7,
            "col": 2
          },
          "end": {
            "row": 7,
            "col": 85
          }
        }
      ],
      "covered_lines": 2,
      "coverage": 100
    },
    "policy/opa/sf/authz/workflow.rego": {
      "covered": [
        {
          "start": {
            "row": 5,
            "col": 1
          },
          "end": {
            "row": 5,
            "col": 8
          }
        },
        {
          "start": {
            "row": 5,
            "col": 9
          },
          "end": {
            "row": 5,
            "col": 35
          }
        },
        {
          "start": {
            "row": 7,
            "col": 1
          },
          "end": {
            "row": 7,
            "col": 54
          }
        },
        {
          "start": {
            "row": 7,
            "col": 13
          },
          "end": {
            "row": 7,
            "col": 54
          }
        },
        {
          "start": {
            "row": 7,
            "col": 24
          },
          "end": {
            "row": 7,
            "col": 29
          }
        },
        {
          "start": {
            "row": 9,
            "col": 1
          },
          "end": {
            "row": 9,
            "col": 18
          }
        },
        {
          "start": {
            "row": 10,
            "col": 2
          },
          "end": {
            "row": 10,
            "col": 17
          }
        },
        {
          "start": {
            "row": 10,
            "col": 2
          },
          "end": {
            "row": 10,
            "col": 21
          }
        },
        {
          "start": {
            "row": 10,
            "col": 8
          },
          "end": {
            "row": 10,
            "col": 16
          }
        },
        {
          "start": {
            "row": 11,
            "col": 2
          },
          "end": {
            "row": 11,
            "col": 55
          }
        },
        {
          "start": {
            "row": 11,
            "col": 2
          },
          "end": {
            "row": 11,
            "col": 71
          }
        },
        {
          "start": {
            "row": 11,
            "col": 13
          },
          "end": {
            "row": 11,
            "col": 21
          }
        },
        {
          "start": {
            "row": 11,
            "col": 42
          },
          "end": {
            "row": 11,
            "col": 54
          }
        },
        {
          "start": {
            "row": 11,
            "col": 59
          },
          "end": {
            "row": 11,
            "col": 71
          }
        },
        {
          "start": {
            "row": 15,
            "col": 2
          },
          "end": {
            "row": 15,
            "col": 50
          }
        },
        {
          "start": {
            "row": 15,
            "col": 9
          },
          "end": {
            "row": 15,
            "col": 50
          }
        },
        {
          "start": {
            "row": 15,
            "col": 20
          },
          "end": {
            "row": 15,
            "col": 28
          }
        },
        {
          "start": {
            "row": 16,
            "col": 2
          },
          "end": {
            "row": 16,
            "col": 11
          }
        },
        {
          "start": {
            "row": 17,
            "col": 2
          },
          "end": {
            "row": 17,
            "col": 51
          }
        },
        {
          "start": {
            "row": 17,
            "col": 13
          },
          "end": {
            "row": 17,
            "col": 51
          }
        },
        {
          "start": {
            "row": 17,
            "col": 24
          },
          "end": {
            "row": 17,
            "col": 37
          }
        }
      ],
      "not_covered": [
        {
          "start": {
            "row": 14,
            "col": 1
          },
          "end": {
            "row": 14,
            "col": 18
          }
        }
      ],
      "covered_lines": 8,
      "not_covered_lines": 1,
      "coverage": 88.88888888888889
    },
    "policy/opa/sf/authz/workflow_test.rego": {
      "covered": [
        {
          "start": {
            "row": 5,
            "col": 1
          },
          "end": {
            "row": 5,
            "col": 23
          }
        },
        {
          "start": {
            "row": 6,
            "col": 2
          },
          "end": {
            "row": 6,
            "col": 111
          }
        },
        {
          "start": {
            "row": 6,
            "col": 9
          },
          "end": {
            "row": 6,
            "col": 111
          }
        },
        {
          "start": {
            "row": 6,
            "col": 22
          },
          "end": {
            "row": 6,
            "col": 32
          }
        },
        {
          "start": {
            "row": 7,
            "col": 2
          },
          "end": {
            "row": 7,
            "col": 20
          }
        },
        {
          "start": {
            "row": 7,
            "col": 7
          },
          "end": {
            "row": 7,
            "col": 20
          }
        },
        {
          "start": {
            "row": 8,
            "col": 2
          },
          "end": {
            "row": 8,
            "col": 17
          }
        }
      ],
      "covered_lines": 4,
      "coverage": 100
    },
    "policy/opa/system/authz/authz.rego": {
      "covered": [
        {
          "start": {
            "row": 5,
            "col": 1
          },
          "end": {
            "row": 5,
            "col": 8
          }
        },
        {
          "start": {
            "row": 5,
            "col": 9
          },
          "end": {
            "row": 5,
            "col": 23
          }
        },
        {
          "start": {
            "row": 8,
            "col": 1
          },
          "end": {
            "row": 8,
            "col": 6
          }
        },
        {
          "start": {
            "row": 9,
            "col": 2
          },
          "end": {
            "row": 9,
            "col": 25
          }
        },
        {
          "start": {
            "row": 10,
            "col": 2
          },
          "end": {
            "row": 10,
            "col": 24
          }
        },
        {
          "start": {
            "row": 11,
            "col": 2
          },
          "end": {
            "row": 11,
            "col": 57
          }
        },
        {
          "start": {
            "row": 21,
            "col": 1
          },
          "end": {
            "row": 21,
            "col": 6
          }
        },
        {
          "start": {
            "row": 22,
            "col": 2
          },
          "end": {
            "row": 22,
            "col": 37
          }
        },
        {
          "start": {
            "row": 23,
            "col": 2
          },
          "end": {
            "row": 23,
            "col": 14
          }
        },
        {
          "start": {
            "row": 23,
            "col": 2
          },
          "end": {
            "row": 23,
            "col": 51
          }
        },
        {
          "start": {
            "row": 24,
            "col": 2
          },
          "end": {
            "row": 24,
            "col": 19
          }
        },
        {
          "start": {
            "row": 24,
            "col": 2
          },
          "end": {
            "row": 24,
            "col": 24
          }
        },
        {
          "start": {
            "row": 24,
            "col": 8
          },
          "end": {
            "row": 24,
            "col": 18
          }
        },
        {
          "start": {
            "row": 25,
            "col": 2
          },
          "end": {
            "row": 25,
            "col": 23
          }
        },
        {
          "start": {
            "row": 26,
            "col": 2
          },
          "end": {
            "row": 26,
            "col": 25
          }
        },
        {
          "start": {
            "row": 27,
            "col": 2
          },
          "end": {
            "row": 27,
            "col": 31
          }
        },
        {
          "start": {
            "row": 32,
            "col": 2
          },
          "end": {
            "row": 32,
            "col": 7
          }
        }
      ],
      "not_covered": [
        {
          "start": {
            "row": 14,
            "col": 1
          },
          "end": {
            "row": 14,
            "col": 6
          }
        },
        {
          "start": {
            "row": 15,
            "col": 2
          },
          "end": {
            "row": 15,
            "col": 25
          },
          "kinds": [
            "index_excluded"
          ]
        },
        {
          "start": {
            "row": 16,
            "col": 2
          },
          "end": {
            "row": 16,
            "col": 23
          },
          "kinds": [
            "index_excluded"
          ]
        },
        {
          "start": {
            "row": 17,
            "col": 2
          },
          "end": {
            "row": 17,
            "col": 26
          }
        },
        {
          "start": {
            "row": 31,
            "col": 1
          },
          "end": {
            "row": 31,
            "col": 6
          }
        },
        {
          "start": {
            "row": 33,
            "col": 2
          },
          "end": {
            "row": 33,
            "col": 29
          }
        }
      ],
      "covered_lines": 13,
      "not_covered_lines": 6,
      "coverage": 68.42105263157895
    },
    "policy/opa/system/authz/authz_test.rego": {
      "covered": [
        {
          "start": {
            "row": 6,
            "col": 1
          },
          "end": {
            "row": 6,
            "col": 32
          }
        },
        {
          "start": {
            "row": 7,
            "col": 2
          },
          "end": {
            "row": 7,
            "col": 140
          }
        },
        {
          "start": {
            "row": 10,
            "col": 1
          },
          "end": {
            "row": 10,
            "col": 42
          }
        },
        {
          "start": {
            "row": 11,
            "col": 2
          },
          "end": {
            "row": 11,
            "col": 121
          }
        },
        {
          "start": {
            "row": 14,
            "col": 1
          },
          "end": {
            "row": 14,
            "col": 27
          }
        },
        {
          "start": {
            "row": 15,
            "col": 2
          },
          "end": {
            "row": 15,
            "col": 116
          }
        },
        {
          "start": {
            "row": 18,
            "col": 1
          },
          "end": {
            "row": 18,
            "col": 28
          }
        },
        {
          "start": {
            "row": 19,
            "col": 2
          },
          "end": {
            "row": 19,
            "col": 117
          }
        }
      ],
      "covered_lines": 8,
      "coverage": 100
    },
    "policy/opa/system/log/mask.rego": {
      "covered": [
        {
          "start": {
            "row": 5,
            "col": 1
          },
          "end": {
            "row": 5,
            "col": 5
          }
        },
        {
          "start": {
            "row": 5,
            "col": 1
          },
          "end": {
            "row": 5,
            "col": 65
          }
        },
        {
          "start": {
            "row": 7,
            "col": 1
          },
          "end": {
            "row": 7,
            "col": 5
          }
        },
        {
          "start": {
            "row": 7,
            "col": 1
          },
          "end": {
            "row": 7,
            "col": 67
          }
        },
        {
          "start": {
            "row": 9,
            "col": 1
          },
          "end": {
            "row": 9,
            "col": 5
          }
        },
        {
          "start": {
            "row": 9,
            "col": 1
          },
          "end": {
            "row": 9,
            "col": 73
          }
        },
        {
          "start": {
            "row": 11,
            "col": 1
          },
          "end": {
            "row": 11,
            "col": 5
          }
        },
        {
          "start": {
            "row": 11,
            "col": 1
          },
          "end": {
            "row": 11,
            "col": 66
          }
        },
        {
          "start": {
            "row": 13,
            "col": 1
          },
          "end": {
            "row": 13,
            "col": 5
          }
        },
        {
          "start": {
            "row": 13,
            "col": 1
          },
          "end": {
            "row": 13,
            "col": 87
          }
        },
        {
          "start": {
            "row": 15,
            "col": 1
          },
          "end": {
            "row": 15,
            "col": 5
          }
        },
        {
          "start": {
            "row": 15,
            "col": 1
          },
          "end": {
            "row": 15,
            "col": 83
          }
        }
      ],
      "covered_lines": 6,
      "coverage": 100
    },
    "policy/opa/system/log/mask_test.rego": {
      "covered": [
        {
          "start": {
            "row": 6,
            "col": 1
          },
          "end": {
            "row": 6,
            "col": 43
          }
        },
        {
          "start": {
            "row": 7,
            "col": 2
          },
          "end": {
            "row": 7,
            "col": 48
          }
        },
        {
          "start": {
            "row": 7,
            "col": 16
          },
          "end": {
            "row": 7,
            "col": 34
          }
        },
        {
          "start": {
            "row": 7,
            "col": 36
          },
          "end": {
            "row": 7,
            "col": 47
          }
        },
        {
          "start": {
            "row": 8,
            "col": 2
          },
          "end": {
            "row": 8,
            "col": 35
          }
        },
        {
          "start": {
            "row": 9,
            "col": 2
          },
          "end": {
            "row": 9,
            "col": 37
          }
        },
        {
          "start": {
            "row": 10,
            "col": 2
          },
          "end": {
            "row": 10,
            "col": 43
          }
        },
        {
          "start": {
            "row": 11,
            "col": 2
          },
          "end": {
            "row": 11,
            "col": 36
          }
        },
        {
          "start": {
            "row": 12,
            "col": 2
          },
          "end": {
            "row": 12,
            "col": 57
          }
        }
      ],
      "covered_lines": 7,
      "coverage": 100
    }
  },
  "covered_lines": 737,
  "not_covered_lines": 41,
  "coverage": 94.73007712082263
}
mutation-check: tenant.rego deletion fails tests (expected)
==> SF-M01-003 CMP-031 suite=envelope-int pkg=@serviceform/cmp-031-audit-ledger config=vitest.integration.config.ts

 RUN  v5.0.3 /home/ubuntu/wt-SF-M04-STITCH-B/services/cmp-031-audit-ledger

 ✓ test/integration/api-tamper.int.test.ts (19 tests) 1118ms
 ✓ test/integration/privilege-boundary.int.test.ts (17 tests) 765ms

 Test Files  2 passed (2)
      Tests  36 passed (36)
   Start at  00:55:26
   Duration  2.89s (tests 71%, import 16%, transform 13%)

JUNIT report written to /home/ubuntu/wt-SF-M04-STITCH-B/evidence/SF-M04-STITCH-B/m01-envelope-int/SF-M01-003/junit/envelope-int.xml
==> SF-M01-004 CMP-038 suite=envelope-int pkg=@serviceform/cmp-038-event-bus config=vitest.integration.config.ts

 RUN  v5.0.3 /home/ubuntu/wt-SF-M04-STITCH-B/services/cmp-038-event-bus

 ✓ test/integration/security/privilege-boundary.int.test.ts (14 tests) 782ms
 ✓ test/integration/security/producer-consumer.int.test.ts (8 tests) 657ms
 ✓ test/integration/security/relay-faults.int.test.ts (7 tests) 776ms
{"level":"warn","time":"2026-10-05T00:55:41.195Z","service":"@serviceform/outbox","version":"0.0.0","event_id":"0918c96d-b448-4ff6-816d-f9cf2f55dc53","error_code":"PARTITION_KEY_MISMATCH","message":"dead-lettered"}
{"level":"warn","time":"2026-10-05T00:55:51.969Z","service":"@serviceform/outbox","version":"0.0.0","event_id":"a240b77d-19bb-45fd-81d3-5671d1e433e2","error_code":"PARTITION_KEY_MISMATCH","message":"dead-lettered"}
 ✓ test/integration/kafka.int.test.ts (5 tests) 27395ms
   ✓ real Kafka 4.1.0 (K1-K5, 004-29) (5)
     ✓ K1 publish after commit and consume with inbox dedup 5829ms
     ✓ K2 per-aggregate order is preserved on the broker 5181ms
     ✓ K3 broker stop/start loses no committed outbox row 7406ms
 ✓ test/integration/security/operator-registry.int.test.ts (4 tests) 690ms
 ✓ test/integration/outbox.int.test.ts (5 tests) 2256ms
   ✓ outbox atomicity, ordering, inbox, broker-outage (I1-I13) (5)
     ✓ I7 broker down then up loses no committed events 1571ms
 ✓ test/integration/migration.int.test.ts (3 tests) 1739ms
   ✓ migration / frozen template (I16, 004-30) (3)
     ✓ round-trips down then up for this migration 1734ms

 Test Files  7 passed (7)
      Tests  46 passed (46)
   Start at  00:55:30
   Duration  37.33s (tests 94%, import 5%, transform 1%)

JUNIT report written to /home/ubuntu/wt-SF-M04-STITCH-B/evidence/SF-M04-STITCH-B/m01-envelope-int/SF-M01-004/junit/envelope-int.xml
==> SF-M01-005 CMP-037 suite=envelope-int pkg=@serviceform/cmp-037-integration-hub config=vitest.integration.config.ts

 RUN  v5.0.3 /home/ubuntu/wt-SF-M04-STITCH-B/services/cmp-037-integration-hub

 ✓ test/privilege.int.test.ts (9 tests) 699ms
 ✓ test/pg.int.test.ts (1 test) 799ms

 Test Files  2 passed (2)
      Tests  10 passed (10)
   Start at  00:56:08
   Duration  2.37s (tests 70%, import 18%, transform 12%)

JUNIT report written to /home/ubuntu/wt-SF-M04-STITCH-B/evidence/SF-M04-STITCH-B/m01-envelope-int/SF-M01-005/junit/envelope-int.xml
==> SF-M01-W2-001 CMP-003 suite=envelope-int pkg=@serviceform/cmp-003-jurisdiction config=vitest.integration.config.ts

 RUN  v5.0.3 /home/ubuntu/wt-SF-M04-STITCH-B/services/cmp-003-jurisdiction

 ✓ test/integration/api.int.test.ts (1 test) 922ms
 ✓ test/integration/migration.int.test.ts (2 tests) 594ms
 ✓ test/integration/privilege-boundary.int.test.ts (3 tests) 666ms

 Test Files  3 passed (3)
      Tests  6 passed (6)
   Start at  00:56:11
   Duration  3.22s (tests 76%, import 16%, transform 8%)

JUNIT report written to /home/ubuntu/wt-SF-M04-STITCH-B/evidence/SF-M04-STITCH-B/m01-envelope-int/SF-M01-W2-001/junit/envelope-int.xml
==> SF-M01-W2-002 CMP-030 suite=envelope-int pkg=@serviceform/cmp-030-consent-privacy config=vitest.integration.config.ts

 RUN  v5.0.3 /home/ubuntu/wt-SF-M04-STITCH-B/services/cmp-030-consent-privacy

 ✓ test/integration/api-flow.int.test.ts (1 test) 972ms
   ✓ CMP-030 API flows (1)
     ✓ grant → access-check allow → withdraw idempotent → access-check deny 303ms
 ✓ test/integration/privilege-boundary.int.test.ts (3 tests) 688ms
 ✓ test/integration/migration.int.test.ts (2 tests) 737ms

 Test Files  3 passed (3)
      Tests  6 passed (6)
   Start at  00:56:15
   Duration  3.43s (tests 78%, import 14%, transform 7%)

JUNIT report written to /home/ubuntu/wt-SF-M04-STITCH-B/evidence/SF-M04-STITCH-B/m01-envelope-int/SF-M01-W2-002/junit/envelope-int.xml
==> SF-M01-W2-003 CMP-032 suite=envelope-int pkg=@serviceform/cmp-032-storage config=vitest.integration.config.ts

 RUN  v5.0.3 /home/ubuntu/wt-SF-M04-STITCH-B/services/cmp-032-storage

 ✓ test/integration/rls-api.int.test.ts (3 tests) 1013ms
 ✓ test/integration/privilege-boundary.int.test.ts (2 tests) 731ms
 ✓ test/integration/migration.int.test.ts (1 test) 858ms

 Test Files  3 passed (3)
      Tests  6 passed (6)
   Start at  00:56:20
   Duration  3.99s (tests 73%, import 16%, transform 11%)

JUNIT report written to /home/ubuntu/wt-SF-M04-STITCH-B/evidence/SF-M04-STITCH-B/m01-envelope-int/SF-M01-W2-003/junit/envelope-int.xml
==> SF-M01-W2-003 CMP-032 suite=int-013-cmp-032-unit pkg=@serviceform/cmp-032-storage config=vitest.unit.config.ts

 RUN  v5.0.3 /home/ubuntu/wt-SF-M04-STITCH-B/services/cmp-032-storage

 ✓ test/unit/store-service.test.ts (1 test) 10ms
 ✓ test/contract/contracts.test.ts (4 tests) 81ms
 ✓ test/unit/modes-authz.test.ts (4 tests) 98ms

 Test Files  3 passed (3)
      Tests  9 passed (9)
   Start at  00:56:25
   Duration  633ms (transform 57%, import 26%, tests 15%, worker 2%)

JUNIT report written to /home/ubuntu/wt-SF-M04-STITCH-B/evidence/SF-M04-STITCH-B/m01-envelope-int/SF-M01-W2-003/junit/int-013-cmp-032-unit.xml
==> SF-M01-W2-003 CMP-032 suite=int-013-storage-unit pkg=@serviceform/storage config=vitest.config.ts

 RUN  v5.0.3 /home/ubuntu/wt-SF-M04-STITCH-B/packages/storage

 ✓ test/modes.test.ts (4 tests) 5ms
 ✓ test/object-key.test.ts (1 test) 5ms
 ✓ test/simulation-marker.test.ts (2 tests) 76ms
 ✓ test/simulated-store.test.ts (3 tests) 71ms
 ✓ test/checksum.test.ts (2 tests) 10ms

 Test Files  5 passed (5)
      Tests  12 passed (12)
   Start at  00:56:27
   Duration  650ms (transform 49%, import 29%, tests 19%, worker 3%)

JUNIT report written to /home/ubuntu/wt-SF-M04-STITCH-B/evidence/SF-M04-STITCH-B/m01-envelope-int/SF-M01-W2-003/junit/int-013-storage-unit.xml
==> SF-M01-W2-004 CMP-036 suite=host-wave2-composition paths=apps/api/test/composition.test.ts

 RUN  v5.0.3 /home/ubuntu/wt-SF-M04-STITCH-B

 ✓ apps/api/test/composition.test.ts (7 tests) 1274ms
   ✓ CMP-036 host composition (REQ: PLAN-REVIEW-M01-W1-X-10, Eng-v1.4-CMP-036) (5)
     ✓ mounts Wave 1 plugin routes under /v1 with frozen error envelopes 430ms
   ✓ CMP-036 host Wave 2 Phase B mounts (REQ: Eng-v1.4-CMP-036, SF-M01-W2-004 Phase B) (1)
     ✓ mounts CMP-003/030/032 under /v1 with frozen deny envelopes 557ms

 Test Files  1 passed (1)
      Tests  7 passed (7)
   Start at  00:56:29
   Duration  2.39s (tests 56%, import 22%, transform 22%)

JUNIT report written to /home/ubuntu/wt-SF-M04-STITCH-B/evidence/SF-M04-STITCH-B/m01-envelope-int/SF-M01-W2-004/junit/host-wave2-composition.xml
==> SF-M01-W2-004 CMP-036 suite=cmp-036-edge-unit paths=services/cmp-036-api-gateway/test/edge.test.ts

 RUN  v5.0.3 /home/ubuntu/wt-SF-M04-STITCH-B

 ✓ services/cmp-036-api-gateway/test/edge.test.ts (6 tests) 178ms

 Test Files  1 passed (1)
      Tests  6 passed (6)
   Start at  00:56:32
   Duration  716ms (transform 35%, import 32%, tests 32%, worker 1%)

JUNIT report written to /home/ubuntu/wt-SF-M04-STITCH-B/evidence/SF-M04-STITCH-B/m01-envelope-int/SF-M01-W2-004/junit/cmp-036-edge-unit.xml
==> SF-M01-W2-004 CMP-047 suite=cmp-047-plugin-unit paths=services/cmp-047-observability/test/plugin.test.ts

 RUN  v5.0.3 /home/ubuntu/wt-SF-M04-STITCH-B

 ✓ services/cmp-047-observability/test/plugin.test.ts (2 tests) 93ms

 Test Files  1 passed (1)
      Tests  2 passed (2)
   Start at  00:56:34
   Duration  807ms (import 56%, transform 30%, tests 14%, worker 1%)

JUNIT report written to /home/ubuntu/wt-SF-M04-STITCH-B/evidence/SF-M04-STITCH-B/m01-envelope-int/SF-M01-W2-004/junit/cmp-047-plugin-unit.xml
==> SF-M01-W2-005 CMP-055 suite=unit paths=services/cmp-055-developer-platform/test/agent-packaging.test.ts services/cmp-055-developer-platform/test/openapi-pipeline.test.ts services/cmp-055-developer-platform/test/provenance.test.ts

 RUN  v5.0.3 /home/ubuntu/wt-SF-M04-STITCH-B

 ✓ services/cmp-055-developer-platform/test/provenance.test.ts (2 tests) 5ms
 ✓ services/cmp-055-developer-platform/test/agent-packaging.test.ts (2 tests) 9ms
 ✓ services/cmp-055-developer-platform/test/openapi-pipeline.test.ts (5 tests) 12ms

 Test Files  3 passed (3)
      Tests  9 passed (9)
   Start at  00:56:36
   Duration  303ms (transform 61%, import 24%, tests 8%, worker 6%)

JUNIT report written to /home/ubuntu/wt-SF-M04-STITCH-B/evidence/SF-M04-STITCH-B/m01-envelope-int/SF-M01-W2-005/junit/unit.xml

> serviceform-ai@ test:cdc /home/ubuntu/wt-SF-M04-STITCH-B
> vitest run --config tests/cdc/vitest.config.ts


 RUN  v5.0.3 /home/ubuntu/wt-SF-M04-STITCH-B

 ✓ tests/cdc/cmp-002-openapi-asyncapi.cdc.test.ts (5 tests) 11ms
 ✓ tests/cdc/audit-ingest-envelopes.cdc.test.ts (7 tests) 99ms
 ✓ tests/cdc/cmp-038-topic-compat.cdc.test.ts (7 tests) 96ms

 Test Files  3 passed (3)
      Tests  19 passed (19)
   Start at  00:56:38
   Duration  794ms (transform 62%, import 21%, tests 16%, worker 1%)

JUNIT report written to /home/ubuntu/wt-SF-M04-STITCH-B/test-results/cdc/junit.xml
{
  "result": "PASS",
  "fail_count": 0,
  "failed": [],
  "suite_count": 16,
  "components": [
    "CMP-002",
    "CMP-003",
    "CMP-030",
    "CMP-031",
    "CMP-032",
    "CMP-036",
    "CMP-037",
    "CMP-038",
    "CMP-047",
    "CMP-048",
    "CMP-055"
  ]
}
